index,published,keyword,domain,language,valid,title,description,url,image,archive,content,quote,de,en,la,added
b8ec3546dbeca3ace1b3d4384601a549,2026-07-01T04:29:49Z,'Gewitter',www.zeit.de,de,0.9,Wetterausblick: Wo am Mittwoch neue Gewitter drohen,Hier finden Sie Informationen zu dem Thema „Wetterausblick“. Lesen Sie jetzt „Wo am Mittwoch neue Gewitter drohen“.,https://www.zeit.de/news/2026-07/01/wo-am-mittwoch-neue-gewitter-drohen,https://img.zeit.de/news/2026-07/01/wo-am-mittwoch-neue-gewitter-drohen-image-group/wide__1300x731,http://web.archive.org/web/20260702074320/https://www.zeit.de/news/2026-07/01/wo-am-mittwoch-neue-gewitter-drohen,"Wer am Mittwoch unterwegs ist, sollte den Himmel im Blick behalten: Nach Vorhersage des Deutschen Wetterdienstes (DWD) könnten erneut Gewitter über Teile Deutschlands ziehen. Erwartbar sind sie bis z… [+680 chars]",,Wetterausblick: Wo am Mittwoch neue Gewitter drohen. Hier finden Sie Informationen zu dem Thema „Wetterausblick“. Lesen Sie jetzt „Wo am Mittwoch neue Gewitter drohen“.,Weather outlook: Where new thunderstorms are threatening on Wednesday. Here you will find information on the topic of “Weather Outlook”. Now read “Where new thunderstorms are threatening on Wednesday”.,"Tempestas prospectans: Ubi novi tonitrui die Mercurii minantur. Hic informationes invenies in argumento ""Tempestatis Outlook"". Nunc lege ""Ubi Mercurii die nova tonitrua minantur"".",2026-07-02 16:56:22+00:00
3df4c5c30bde9f573d199afcca3caab1,2026-07-01T07:13:17Z,'Gewitter',www.zeit.de,de,0.9,Gewitter: Gewitter in Zürich: Maschinen auch nach Stuttgart umgeleitet,Hier finden Sie Informationen zu dem Thema „Gewitter“. Lesen Sie jetzt „Gewitter in Zürich: Maschinen auch nach Stuttgart umgeleitet“.,https://www.zeit.de/news/2026-07/01/gewitter-in-zuerich-maschinen-auch-nach-stuttgart-umgeleitet,https://img.zeit.de/news/2026-07/01/gewitter-in-zuerich-maschinen-auch-nach-stuttgart-umgeleitet-image-group/wide__1300x731,,Mehr als zwölf Stunden nach heftigen Gewittern über dem Flughafen von Zürich ist der Flugbetrieb immer noch beeinträchtigt. Am Dienstagabend mussten wegen der Wetterlage mehr als 30 Flugzeuge auf dem… [+679 chars],,Gewitter: Gewitter in Zürich: Maschinen auch nach Stuttgart umgeleitet. Hier finden Sie Informationen zu dem Thema „Gewitter“. Lesen Sie jetzt „Gewitter in Zürich: Maschinen auch nach Stuttgart umgeleitet“.,Thunderstorm: Thunderstorm in Zurich: Machines also diverted to Stuttgart. Here you will find information on the topic of “thunderstorms”. Now read “Thunderstorm in Zurich: Machines also diverted to Stuttgart”.,"Procellae: Tonitruum in Zurich: Machinae etiam ad Stuttgart diverterunt. Hic informationes invenies in argumento ""tonitruum"". Nunc legitur ""Thunderstorm in Zurich: machinae etiam ad Stuttgart"" diverterunt.",2026-07-02 16:56:22+00:00
ea2b1a8e210158efc43e3fe817b111f0,2026-07-01T10:14:14Z,'Ernte',www.zeit.de,de,0.9,Ernteauftakt: Sachsens Bauern warnen: Steigende Kosten belasten Betriebe,Hier finden Sie Informationen zu dem Thema „Ernteauftakt“. Lesen Sie jetzt „Sachsens Bauern warnen: Steigende Kosten belasten Betriebe“.,https://www.zeit.de/news/2026-07/01/sachsens-bauern-warnen-steigende-kosten-belasten-betriebe,https://img.zeit.de/news/2026-07/01/sachsens-bauern-warnen-steigende-kosten-belasten-betriebe-image-group/wide__1300x731,http://web.archive.org/web/20260702041512/https://www.zeit.de/news/2026-07/01/sachsens-bauern-warnen-steigende-kosten-belasten-betriebe,"Sachsens Landwirte erwarten in diesem Jahr eine durchschnittliche Ernte, stehen aber weiter vor schwierigen wirtschaftlichen Zeiten. Große Unwetterereignisse seien ausgeblieben und die Regenfälle im … [+1917 chars]",,Ernteauftakt: Sachsens Bauern warnen: Steigende Kosten belasten Betriebe. Hier finden Sie Informationen zu dem Thema „Ernteauftakt“. Lesen Sie jetzt „Sachsens Bauern warnen: Steigende Kosten belasten Betriebe“.,Harvest start: Saxony's farmers warn: Rising costs are putting a strain on businesses. Here you will find information on the topic of “harvest start”. Now read “Saxony’s farmers warn: Rising costs are putting a strain on businesses”.,"Harvest start: Saxoniae agricolae monent: Surgentes gratuita iactant negotia. Hic informationes invenies in argumento ""initii messis"". Nunc lege ""Agricolae Saxoniae monent: Surgentes costs iactant negotia"".",2026-07-04 16:10:09+00:00
782a6b31c9c4121d064d5f67526a2d16,2026-07-03T06:24:44Z,'Ernte',www.zeit.de,de,0.9,Landwirtschaft: Ernte in Sachsen-Anhalt unter schwierigen Vorzeichen,Hier finden Sie Informationen zu dem Thema „Landwirtschaft“. Lesen Sie jetzt „Ernte in Sachsen-Anhalt unter schwierigen Vorzeichen“.,https://www.zeit.de/news/2026-07/03/ernte-in-sachsen-anhalt-unter-schwierigen-vorzeichen,https://img.zeit.de/news/2026-07/03/ernte-in-sachsen-anhalt-unter-schwierigen-vorzeichen-image-group/wide__1300x731,,"Die diesjährige Ernte steht nach Einschätzung des Bauernverbandes Sachsen-Anhalt unter schwierigen Vorzeichen. «Große Unterschiede bei Erträgen und Qualitäten, unsichere Marktentwicklungen und weiter… [+2567 chars]",,Landwirtschaft: Ernte in Sachsen-Anhalt unter schwierigen Vorzeichen. Hier finden Sie Informationen zu dem Thema „Landwirtschaft“. Lesen Sie jetzt „Ernte in Sachsen-Anhalt unter schwierigen Vorzeichen“.,Agriculture: Harvest in Saxony-Anhalt under difficult circumstances. Here you will find information on the topic of “Agriculture”. Now read “Harvest in Saxony-Anhalt under difficult circumstances”.,"Agriculture: Harvest in Saxony-Anhalt in arduis adiunctis. Hic informationes invenies in argumento ""Agricolae"". Nunc legitur ""Harvest in Saxony-Anhalt in rebus arduis"".",2026-07-04 16:10:09+00:00
aff7641ac15d6c8152d42a687a3e8731,2026-07-03T10:50:55Z,'Gewitter',www.sueddeutsche.de,de,0.9,Es droht Gewitter – wird Englands Achtelfinale verlegt?,Die Partie der Engländer gegen Mexiko könnte verschoben werden. Friedrich Merz würdigt die Arbeit des zurückgetretenen Bundestrainers. Thomas Müller fordert Denkanstöße beim DFB. Klopp bleibt im TV auf Sendung.,https://www.sueddeutsche.de/sport/wm-2026-liveblog-news-england-mexiko-verlegt-li.3492650,https://www.sueddeutsche.de/2026/07/03/cab87d93-701c-4f6d-8bd1-6a2c59b0f63f.jpg?q=60&fm=webp&width=1200&rect=0%2C26%2C3600%2C2025,http://web.archive.org/web/20260704043706/https://www.sueddeutsche.de/sport/wm-2026-liveblog-news-england-mexiko-verlegt-li.3492650,"Thomas Müller fordert nach dem enttäuschenden Abschneiden der Nationalelf Reformen im deutschen Fußball. Beim DFB sei jetzt Anpacken angesagt, schrieb der Weltmeister von 2014 in einem Beitrag auf de… [+1547 chars]",,Es droht Gewitter – wird Englands Achtelfinale verlegt?. Die Partie der Engländer gegen Mexiko könnte verschoben werden. Friedrich Merz würdigt die Arbeit des zurückgetretenen Bundestrainers. Thomas Müller fordert Denkanstöße beim DFB. Klopp bleibt im TV auf Sendung.,There's a threat of thunderstorms - will England's round of 16 be postponed? England's game against Mexico could be postponed. Friedrich Merz praises the work of the resigned national coach. Thomas Müller calls for food for thought at the DFB. Klopp remains on TV.,Tonitruum est comminatio - num Angliae circuitus 16 differetur? Ludus Anglicus contra Mexico differri potuit. Fridericus Merz laudat operam rhedae nationalis. Thomas Müller ad cogitationem vocat DFB. Klopp extat in TV.,2026-07-05 16:15:24+00:00
3d6107c1bb6ded54e11ca2c5eb95ed7a,2026-07-03T19:30:13Z,'Gewitter',www.tagesspiegel.de,de,0.9,Fußball-WM: Paraguay braucht Wassertank: „Frankreich ist ein Gewitter“,"Frankreich ist für Paraguays Trainer wie ein Sturm, der mit voller Wucht aufzieht. Wie Gustavo Alfaro sein Team gegen Mbappé und Co. schützen will und warum Deutschland einen Wassertank lieferte.",https://www.tagesspiegel.de/sport/fussball-wm-paraguay-braucht-wassertank-frankreich-ist-ein-gewitter-15796089.html,https://www.tagesspiegel.de/images/15796088/alternates/BASE_16_9_W1400/1783107013000/gustavo-alfaro.jpeg,http://web.archive.org/web/20260704053214/https://www.tagesspiegel.de/sport/fussball-wm-paraguay-braucht-wassertank-frankreich-ist-ein-gewitter-15796089.html,"Mit einem bildhaften Naturvergleich hat Paraguays Fußball-Trainer Gustavo Alfaro die Herkulesaufgabe gegen Topfavorit Frankreich beschrieben. 
Ich bin ein Mann vom Land, und wenn in Rafaela ein Gewi… [+1750 chars]",,"Fußball-WM: Paraguay braucht Wassertank: „Frankreich ist ein Gewitter“. Frankreich ist für Paraguays Trainer wie ein Sturm, der mit voller Wucht aufzieht. Wie Gustavo Alfaro sein Team gegen Mbappé und Co. schützen will und warum Deutschland einen Wassertank lieferte.","Football World Cup: Paraguay needs water tank: “France is a thunderstorm”. For Paraguay's coach, France is like a storm that is coming with full force. How Gustavo Alfaro wants to protect his team against Mbappé and Co. and why Germany delivered a water tank.","Eu World Cup: Paraguay piscinam aqua indiget: ""Gallia tonitrui est"". Raeda enim Paraguay, Gallia quasi tempestas cum impetu venit. Quomodo Gustavo Alfaro contra Mbappé et Co. equos suos tueri vult et quare Germania piscinam aquariam liberavit.",2026-07-05 16:15:24+00:00
39035c52b2205de01f8257cdaa57c63b,2026-07-03T19:37:01Z,'Gewitter',www.tagesspiegel.de,de,0.9,Fußball-Weltmeisterschaft: Gewitter-Angst: Wird Englands Kracher in Mexiko vorverlegt?,Das WM-Achtelfinale im Aztekenstadion zwischen Mexiko und England könnte Medien zufolge um mehrere Stunden vorverlegt werden. Der Grund ist angeblich die Angst vor schweren Gewittern.,https://www.tagesspiegel.de/sport/fussball-weltmeisterschaft-gewitter-angst-wird-englands-kracher-in-mexiko-vorverlegt-15796119.html,https://www.tagesspiegel.de/images/15796118/alternates/BASE_16_9_W1400/1783107421000/wm-2026-mexiko-ecuador.jpeg,,"Die WM-Organisatoren prüfen Medien zufolge, den Achtelfinal-Kracher bei der Fußball-Weltmeisterschaft zwischen Mitgastgeber Mexiko und England um mehrere Stunden nach vorn zu verlegen. Hintergrund so… [+1561 chars]",,Fußball-Weltmeisterschaft: Gewitter-Angst: Wird Englands Kracher in Mexiko vorverlegt?. Das WM-Achtelfinale im Aztekenstadion zwischen Mexiko und England könnte Medien zufolge um mehrere Stunden vorverlegt werden. Der Grund ist angeblich die Angst vor schweren Gewittern.,"Football World Cup: Fear of thunderstorms: Will England's clash in Mexico be brought forward? According to the media, the World Cup round of 16 in the Aztec Stadium between Mexico and England could be brought forward by several hours. The reason is allegedly the fear of severe thunderstorms.","Eu World Cup: Timor tonitribus: Nunquid Angliae concursus in Mexico proferentur? Secundum media, Trophaeum Mundi circum 16 in Stadio Aztecorum inter Mexico et Angliam pluribus horis adduci potuit. Adfertur timor gravium tonitruum.",2026-07-05 16:15:24+00:00
2d75da72977c5dae0f4f42eec168ffbb,2026-07-03T20:20:27Z,'Gewitter',www.welt.de,de,0.9,WM-Organisatoren erwägen Verlegung des Achtelfinal-Topspiels,Laut Medienberichten wird über eine Vorverlegung des Achtelfinals zwischen Mexiko und England nachgedacht. Grund ist die Wetterlage am Sonntag. Die Vorhersage prognostiziert für den Abend schwere Gewitter in Mexiko-Stadt.,https://www.welt.de/sport/fussball/wm/article6a4814810b14ed961bb5113d/mexiko-gegen-england-wm-organisatoren-erwaegen-verlegung-des-achtelfinal-topspiels.html,https://images.welt.de/6a4814810b14ed961bb5113d/40c4d67aa1283c02a9cc63fcfaf432de/ci16x9-w1200/dpa-com-260703-99-953188-jpg,,Laut Medienberichten wird über eine Vorverlegung des Achtelfinals zwischen Mexiko und England nachgedacht. Grund ist die Wetterlage am Sonntag. Die Vorhersage prognostiziert für den Abend schwere Gew… [+2399 chars],,WM-Organisatoren erwägen Verlegung des Achtelfinal-Topspiels. Laut Medienberichten wird über eine Vorverlegung des Achtelfinals zwischen Mexiko und England nachgedacht. Grund ist die Wetterlage am Sonntag. Die Vorhersage prognostiziert für den Abend schwere Gewitter in Mexiko-Stadt.,"World Cup organizers are considering moving the round of 16 top game. According to media reports, consideration is being given to bringing forward the round of 16 between Mexico and England. The reason is the weather conditions on Sunday. The forecast predicts severe thunderstorms in Mexico City this evening.","Orbis Terrarum Icilium inspicimus gyros 16 summorum ludorum movendos. Iuxta instrumentorum communicationis socialis relationes, consideratio datur circa medium XVI inter Mexicum et Angliam producere. Ratio est tempestatum die Dominico. Praedictio gravia tonitrua in urbe Mexicana hac vespera denuntiat.",2026-07-05 16:15:24+00:00
36ba2a0b0a2fc1f6d2b252d16b19bcbe,2026-07-04T04:17:40Z,'Gewitter',tirol.orf.at,de,0.9,Straße ins Kaunertal ab Dienstag offen,Nach den Murenabgängen im Kaunertal soll die Gletscherstraße nach Angaben des Bürgermeisters Christian Kalsberger am kommenden Dienstag wieder freigegeben werden. Im Zuge eines schweren Gewitters war die Straße am vergangenen Wochenende erheblich beschädigt w…,https://tirol.orf.at/stories/3361175/,https://ibs.orf.at/tir?image=https%3A%2F%2Foekastatic.orf.at%2Fmims%2F2026%2F27%2F20%2Fcrops%2Fw%3D1200%2Ch%3D627%2Cq%3D75%2F3092292_master_1197420_20260628_154716257_ios.jpg%3Fs%3Daa78164160e91374557f75f5dde79ccc7fa16e1a,http://web.archive.org/web/20260704052023/https://tirol.orf.at/stories/3361175/,"Eine erste temporäre Öffnung wird es zwar bereits am Sonntag geben. Ein Zeitfenster von fünf Stunden soll dafür genutzt werden, die Hütten im Tal zu versorgen, sagte der Pächter des Gepatschhauses Le… [+1030 chars]",,Straße ins Kaunertal ab Dienstag offen. Nach den Murenabgängen im Kaunertal soll die Gletscherstraße nach Angaben des Bürgermeisters Christian Kalsberger am kommenden Dienstag wieder freigegeben werden. Im Zuge eines schweren Gewitters war die Straße am vergangenen Wochenende erheblich beschädigt w…,"Road to Kaunertal open from Tuesday. After the mudslides in the Kaunertal, the glacier road should be reopened next Tuesday, according to Mayor Christian Kalsberger. The road was significantly damaged during a severe thunderstorm last weekend...","Via ad Kaunertal aperta a die Martis. Post turbationes in Kaunertal, via glaciei proxima die Martis refricari debet, secundum Maiorem Christianum Kalsberger. Via signanter laesa est in gravi tonitrui proxima volutpat vestibulum ...",2026-07-05 16:15:24+00:00
db5106c27f92c0956035ee5d0dc8632f,2026-07-04T04:24:39Z,'Gewitter',www.faz.net,de,0.9,Liveblog Fußball-WM 2026: Prinz William enthüllt: „Mein Vater hasst Fußball“,Gewitter: FIFA verzichtet auf Verlegung von Mexiko-England +++ Bundeskanzler Merz äußert sich zu Nagelsmann-Aus +++ Klopp bleibt Experte bei MagentaTV +++ alle Fußball-WM-2026-News im Liveblog.,https://www.faz.net/aktuell/sport/fussball-wm/liveblog-zur-fussball-wm-2026-prinz-william-enthuellt-mein-vater-hasst-fussball-faz-200749933.html,https://media0.faz.net/image/w1200h627/64d25655b998/w5440h2842x0y391o/202607/43601.0.2289090958/blumen-ja-fussball-nein-koenig.webp,,"Julian Nagelsmann hat seinen Rücktritt als Bundestrainer bekanntgegeben. In einer Mitteilung des Deutschen Fußball-Bundes erklärt der 38-Jährige seine Kehrtwende, nachdem er zuvor noch bekräftigt hat… [+993 chars]",,Liveblog Fußball-WM 2026: Prinz William enthüllt: „Mein Vater hasst Fußball“. Gewitter: FIFA verzichtet auf Verlegung von Mexiko-England +++ Bundeskanzler Merz äußert sich zu Nagelsmann-Aus +++ Klopp bleibt Experte bei MagentaTV +++ alle Fußball-WM-2026-News im Liveblog.,Liveblog Football World Cup 2026: Prince William reveals: “My father hates football”. Thunderstorm: FIFA refrains from relocating Mexico-England +++ Chancellor Merz comments on Nagelsmann's departure +++ Klopp remains an expert on MagentaTV +++ all 2026 World Cup news in the live blog.,"Vive blog 2026 World Cup: Princeps William revelat: ""Pater meus eu odit"". Tonitruum: FIFA relocare abstinet Mexicum-Angliam +++ Cancellarius Merz commentat de exitus Nagelsmanni +++ Klopp peritus manet in MagentaTV +++ omnium 2026 World Cup nuntium in diario vivo.",2026-07-05 16:15:24+00:00
dd6559e50ee2ca7adcfc5cd1e891058f,2026-07-04T07:56:05Z,'Sommer',www.zeit.de,de,0.9,Wettervorhersage: Sommerwetter in Hessen – lokal kurze Schauer möglich,Hier finden Sie Informationen zu dem Thema „Wettervorhersage“. Lesen Sie jetzt „Sommerwetter in Hessen – lokal kurze Schauer möglich“.,https://www.zeit.de/news/2026-07/04/sommerwetter-in-hessen-lokal-kurze-schauer-moeglich,https://img.zeit.de/news/2026-07/04/sommerwetter-in-hessen-lokal-kurze-schauer-moeglich-image-group/wide__1300x731,http://web.archive.org/web/20260704082254/https://www.zeit.de/news/2026-07/04/sommerwetter-in-hessen-lokal-kurze-schauer-moeglich,"Auch an diesem Wochenende erwartet die Menschen in Hessen sommerliches Wetter, allerdings ohne Hitze und Rekordtemperaturen. Das Wochenende startet am Samstag laut dem Deutschen Wetterdienst (DWD) he… [+1133 chars]",,Wettervorhersage: Sommerwetter in Hessen – lokal kurze Schauer möglich. Hier finden Sie Informationen zu dem Thema „Wettervorhersage“. Lesen Sie jetzt „Sommerwetter in Hessen – lokal kurze Schauer möglich“.,Weather forecast: Summer weather in Hesse – short showers possible locally. Here you will find information on the subject of “weather forecast”. Now read “Summer weather in Hesse – short showers possible locally”.,"Weather forecast: Summer weather in Hesse – short showers possible locally. Hic invenies informationes de re ""tempestatis praenuntientur"". Now read “Summer weather in Hesse – short showers possible locally”.",2026-07-05 16:15:24+00:00
074f031ce6eab361094fbc6fbacb0cc9,2026-07-04T08:20:56Z,'Gewitter',www.zeit.de,de,0.9,Wettervorhersage: Warmes Wochenende – Sonntag örtlich Schauer und Gewitter,Hier finden Sie Informationen zu dem Thema „Wettervorhersage“. Lesen Sie jetzt „Warmes Wochenende – Sonntag örtlich Schauer und Gewitter“.,https://www.zeit.de/news/2026-07/04/warmes-wochenende-sonntag-oertlich-schauer-und-gewitter,https://img.zeit.de/news/2026-07/04/warmes-wochenende-sonntag-oertlich-schauer-und-gewitter-image-group/wide__1300x731,http://web.archive.org/web/20260704083840/https://www.zeit.de/news/2026-07/04/warmes-wochenende-sonntag-oertlich-schauer-und-gewitter,"In Rheinland-Pfalz und im Saarland können die Menschen in den kommenden Tagen angenehme Sommertemperaturen genießen. Am Sonntag kann es allerdings einzelne Gewitter geben. 
Das Wochenende startet am… [+693 chars]",,Wettervorhersage: Warmes Wochenende – Sonntag örtlich Schauer und Gewitter. Hier finden Sie Informationen zu dem Thema „Wettervorhersage“. Lesen Sie jetzt „Warmes Wochenende – Sonntag örtlich Schauer und Gewitter“.,Weather forecast: Warm weekend – local showers and thunderstorms on Sunday. Here you will find information on the subject of “weather forecast”. Read “Warm weekend – local showers and thunderstorms on Sunday” now.,"Tempestas praenuntientur: volutpat tepidus - loci imbres et tonitribus die dominico. Hic invenies informationes de re ""tempestatis praenuntientur"". Lege "" volutpat vestibulum calidum - loci imbres et tonitribus die dominico"" nunc.",2026-07-05 16:15:24+00:00
656c43403adbee1d01f2aa8886dea8e3,2026-07-04T09:39:44Z,'Gewitter',www.faz.net,de,0.9,Rhein-Main-Liveblog: Motorradfahrer bei Unfall gestorben,Wetter in Hessen: Einzelne Gewitter am Sonntag möglich +++ Familienstreit löst Polizeieinsatz in Wiesbaden aus +++ Kinder sollen Brand auf Bauernhof in Rüsselsheim verursacht haben +++ Liveblog zu Rhein-Main und Hessen,https://www.faz.net/aktuell/rhein-main/hessen-motorradfahrer-bei-unfall-gestorben-aktuelle-nachrichten-aus-frankfurt-hessen-faz-19735361.html,https://media0.faz.net/image/w1200h627/6c8f4aec7942/w6000h3135x0y433o/202607/43601.0.2289843290/der-mann-erlag-seinen.webp,,Noch Tage nach den extremen Temperaturen waren die Rettungskräfte in Frankfurt an der Grenze ihrer Kapazitäten nun wird es langsam besser: Die Einsatzzahlen waren nach Angaben der Feuerwehr am Donner… [+762 chars],,Rhein-Main-Liveblog: Motorradfahrer bei Unfall gestorben. Wetter in Hessen: Einzelne Gewitter am Sonntag möglich +++ Familienstreit löst Polizeieinsatz in Wiesbaden aus +++ Kinder sollen Brand auf Bauernhof in Rüsselsheim verursacht haben +++ Liveblog zu Rhein-Main und Hessen,Rhein-Main live blog: Motorcyclist dies in accident. Weather in Hesse: Individual thunderstorms possible on Sunday +++ Family dispute triggers police operation in Wiesbaden +++ Children are said to have caused a fire on a farm in Rüsselsheim +++ Live blog about Rhine-Main and Hesse,Rhein-Main vita blog: Motorcycle in casu moritur. Tempestas in Hassia: Individualis tonitribus possibilibus die Dominico +++ Familia controversia triggers operationes vigilum in Wiesbaden +++ Pueri dicuntur ignem in praedio in Rüsselsheim +++ Vivere diarii circa Rhenum-Main et Hassiam.,2026-07-05 16:15:24+00:00
fa44c1ba7522783593207fc00a836ad0,2026-07-04T12:21:11Z,'Gewitter',www.bild.de,de,0.9,New York unter Spannung - Blitzlichtgewitter für Taylor Swift,"Die Stadt, die niemals schläft, dreht durch: Nachdem Taylor Swift ihrem Travis Kelce das Ja-Wort gab, zog ein imposantes Gewitter über New York.",https://www.bild.de/news/ausland/new-york-unter-spannung-blitzlichtgewitter-fuer-taylor-swift-6a48e9b6ac7d8b8d5a169944,"https://images.bild.de/6a48e9b6ac7d8b8d5a169944/dc224a1c7b6c036ca040401e567a3119,8e7428a7?w=1280",,"TTS-Player überspringenArtikel weiterlesenNew York Die Stadt, die niemals schläft, dreht durch: Pop-Superstar Taylor Swift (36) gibt ihrem Travis Kelce (36) im legendären Madison Square Garden das Ja… [+2136 chars]",,"New York unter Spannung - Blitzlichtgewitter für Taylor Swift. Die Stadt, die niemals schläft, dreht durch: Nachdem Taylor Swift ihrem Travis Kelce das Ja-Wort gab, zog ein imposantes Gewitter über New York.","New York under tension - flashbulbs for Taylor Swift. The city that never sleeps is going crazy: After Taylor Swift tied the knot with Travis Kelce, an impressive thunderstorm hit New York.","New York sub tensione - flashbulbs pro Taylor Swift. Urbs quae numquam dormit insanus est: Postquam Taylor Swift nodum ligavit cum Travis Kelce, tempestas infigo New York percussit.",2026-07-05 16:15:24+00:00
0bcd13e1ecf58115875487bececd3339,2026-07-05T01:05:01Z,'Gewitter',www.welt.de,de,0.9,"Gewitter in Washington – Chaos bei Evakuierung, Trump hält Rede verspätet",Das von Donald Trump angekündigte Spektakel anlässlich des 250. Geburtstags der USA fällt kurzzeitig dem Wetter zum Opfer. Wegen eines Gewitters wurde die National Mall zwischenzeitlich geschlossen.,https://www.welt.de/politik/ausland/article6a49a5b30b14ed961bb52367/usa-gewitter-in-washington-chaos-bei-evakuierung-trump-haelt-rede-verspaetet.html,https://images.welt.de/6a49a5b30b14ed961bb52367/ca635d2545d097f1e5b713fb3eded3fd/ci16x9-w1200/1783212337038-afp-b9ag4cp-jpg,,Das von Donald Trump angekündigte Spektakel anlässlich des 250. Geburtstags der USA fällt kurzzeitig dem Wetter zum Opfer. Wegen eines Gewitters wurde die National Mall zwischenzeitlich geschlossen.D… [+3941 chars],,"Gewitter in Washington – Chaos bei Evakuierung, Trump hält Rede verspätet. Das von Donald Trump angekündigte Spektakel anlässlich des 250. Geburtstags der USA fällt kurzzeitig dem Wetter zum Opfer. Wegen eines Gewitters wurde die National Mall zwischenzeitlich geschlossen.","Thunderstorm in Washington – chaos during evacuation, Trump delivers speech late. The spectacle announced by Donald Trump to mark the 250th birthday of the USA was briefly canceled by the weather. The National Mall was temporarily closed due to a thunderstorm.","Tonitruum in Washington - chaos in evacuatione, Trump orationem nuper tradit. Spectaculum a Donald Trump denuntiatum ut dies CCL dies natalis USA notaret brevissime tempestate cassatus est. Nationalis pretium temporaliter ob tonitribus clausus est.",2026-07-06 09:05:51+00:00
d0cbf6bb9ab80561728b7b1cc17dfbc8,2026-07-05T01:05:01Z,'Gewitter',www.welt.de,de,0.9,"Erst Gewitter-Chaos, dann warnt Trump vor einer angeblichen Übernahme des Landes durch „Kommunisten“",Das von Donald Trump angekündigte Spektakel anlässlich des 250. Geburtstags der USA wird kurzzeitig von einem Gewitter gestoppt. Der US-Präsident kann seine Rede mit Verzögerung aber doch noch halten.,https://www.welt.de/politik/ausland/article6a49a5b30b14ed961bb52367/usa-nach-gewitter-chaos-in-washington-trump-warnt-in-rede-vor-uebernahme-durch-kommunisten.html,https://images.welt.de/6a49a5b30b14ed961bb52367/e6fe6a943c9146974e20214d4b2bfb12/ci16x9-w1200/1783223959240-afp-b9ak4dh-jpg,,Das von Donald Trump angekündigte Spektakel anlässlich des 250. Geburtstags der USA wird kurzzeitig von einem Gewitter gestoppt. Der US-Präsident kann seine Rede mit Verzögerung aber doch noch halten… [+3953 chars],,"Erst Gewitter-Chaos, dann warnt Trump vor einer angeblichen Übernahme des Landes durch „Kommunisten“. Das von Donald Trump angekündigte Spektakel anlässlich des 250. Geburtstags der USA wird kurzzeitig von einem Gewitter gestoppt. Der US-Präsident kann seine Rede mit Verzögerung aber doch noch halten.","First thunderstorm chaos, then Trump warns of an alleged takeover of the country by “communists.” The spectacle announced by Donald Trump to mark the 250th birthday of the USA is briefly stopped by a thunderstorm. The US President can still give his speech after a delay.","Primum chaos tonitruum, deinde Trump monet asserti sumptionis patriae per ""communistas."" Spectaculum a Donald Trump denuntiatum ut dies 250 natalis USA notaret brevissime procellis sistitur. Praeses US adhuc post dilationem orationem suam dare potest.",2026-07-06 09:05:51+00:00
619cf7bf595799477198379c43a3b2db,2026-07-05T01:05:01Z,'Gewitter',www.welt.de,de,0.9,"Gewitter in Washington – Feierlichkeiten unterbrochen, National Mall evakuiert","Das von Donald Trump angekündigte Spektakel anlässlich des 250. Geburtstags der USA fällt vorerst dem Wetter zum Opfer. Wegen eines Gewitters wurde die National Mall geschlossen, die Menschen sollen in Museen oder U-Bahn-Stationen Schutz suchen.",https://www.welt.de/politik/ausland/article6a49a5b30b14ed961bb52367/usa-gewitter-in-washington-feier-unterbrochen-national-mall-evakuiert.html,https://images.welt.de/6a49a5b30b14ed961bb52367/ca635d2545d097f1e5b713fb3eded3fd/ci16x9-w1200/1783212337038-afp-b9ag4cp-jpg,,"Das von Donald Trump angekündigte Spektakel anlässlich des 250. Geburtstags der USA fällt vorerst dem Wetter zum Opfer. Wegen eines Gewitters wurde die National Mall geschlossen, die Menschen sollen … [+3256 chars]",,"Gewitter in Washington – Feierlichkeiten unterbrochen, National Mall evakuiert. Das von Donald Trump angekündigte Spektakel anlässlich des 250. Geburtstags der USA fällt vorerst dem Wetter zum Opfer. Wegen eines Gewitters wurde die National Mall geschlossen, die Menschen sollen in Museen oder U-Bahn-Stationen Schutz suchen.","Thunderstorms in Washington – Celebrations interrupted, National Mall evacuated. The spectacle announced by Donald Trump to mark the 250th birthday of the USA is initially a victim of the weather. The National Mall was closed due to a thunderstorm and people were told to seek shelter in museums or subway stations.","Tonitruum in Washington - Celebrationes intermissae, Mall National emissus est. Spectaculum a Donald Trump denuntiatum ut in 250 natalitio USA notaret initio tempestatis victima est. Nationalis Mall ob tonitribus clausa est et homines nuntiaverunt hospitari in cimeliis vel stationibus subway.",2026-07-06 09:05:51+00:00
e488ed348c1970ae8a240f0a15759493,2026-07-05T05:20:00Z,'Gewitter',www.focus.de,de,0.9,Gewitter-Chaos vor Trump-Rede: Tausende Besucher evakuiert,"Die Feier zum 250. Jahrestag der Unabhängigkeit zog sich wegen einer Unwetterwarnung bis tief in die Nacht. Der Veranstaltungsort, an dem Donald Trump seine Rede halten wollte, musste evakuiert werden.",https://www.focus.de/politik/ausland/gewitter-chaos-vor-trump-rede-tausende-besucher-evakuiert_029f48c9-ee78-410c-9581-1ddba74c8e45.html,"https://quadro.burda-forward.de/ctf/e2ada22b-175c-4fc4-8bee-b1028aa779c1.b6d4af19-339b-4ae8-a5a0-8eceb4b3f059.jpeg?im=RegionOfInterestCrop=(1200,630),regionOfInterest=(868,691)&hash=a8fe83aef0e8a29339145f3a5841b2efbb0066ed43af35c53479ed1082478477",,Das Wetter beeinträchtigte die Feierlaune - nicht nur in Washington. Seit Tagen ächzt die US-Hauptstadt unter Temperaturen von fast 40 Grad. Auf die Hitze folgte am Abend dann der Donner: Wegen einer… [+2482 chars],,"Gewitter-Chaos vor Trump-Rede: Tausende Besucher evakuiert. Die Feier zum 250. Jahrestag der Unabhängigkeit zog sich wegen einer Unwetterwarnung bis tief in die Nacht. Der Veranstaltungsort, an dem Donald Trump seine Rede halten wollte, musste evakuiert werden.",Thunderstorm chaos before Trump speech: thousands of visitors evacuated. The celebration of the 250th anniversary of independence dragged on until late into the night due to a severe weather warning. The venue where Donald Trump planned to give his speech had to be evacuated.,Tonitruum chaos ante BUCINUM loquela: milia salutantium evacuentur. Celebratio 250th anniversarii independentiae in seram usque in noctem pertractatur ob gravem tempestatem admonitionem. De visneto ubi Donald Trump cogitavit orationem suam decedi.,2026-07-06 09:05:51+00:00
0d963e66ac815ddcabeaac6cd04fc0b0,2026-07-05T05:28:01Z,'Gewitter',www.zeit.de,de,0.9,Aussichten: Gewitter und Sonne: Bayern erwartet wechselhaftes Wetter,Hier finden Sie Informationen zu dem Thema „Aussichten“. Lesen Sie jetzt „Gewitter und Sonne: Bayern erwartet wechselhaftes Wetter“.,https://www.zeit.de/news/2026-07/05/gewitter-und-sonne-bayern-erwartet-wechselhaftes-wetter,https://img.zeit.de/news/2026-07/05/gewitter-und-sonne-bayern-erwartet-wechselhaftes-wetter-image-group/wide__1300x731,,Schauer und Gewitter können in Bayern das Wochenendvergnügen am Sonntag etwas eintrüben. In Nordbayern erwartet der Deutsche Wetterdienst (DWD) gebietsweise Regen oder Schauer mit einzelnen Gewittern… [+564 chars],,Aussichten: Gewitter und Sonne: Bayern erwartet wechselhaftes Wetter. Hier finden Sie Informationen zu dem Thema „Aussichten“. Lesen Sie jetzt „Gewitter und Sonne: Bayern erwartet wechselhaftes Wetter“.,Outlook: Thunderstorms and sun: Bavaria expects changeable weather. Here you will find information on the topic of “Prospects”. Read “Thunderstorms and sun: Bavaria expects changeable weather” now.,"Prospectus: Tonitruum et sol: Mutabilem exspectat Bavariam tempestatem. Hic informationes invenies in argumento ""Prospectorum"". Lege ""Tonitruum et solem:"" Bavari tempestatem mutabilem expectat"" nunc.",2026-07-06 09:05:51+00:00
e5cf5c2f536c11a9946a19e98483c9dd,2026-07-05T05:33:45Z,'Gewitter',www.zeit.de,de,0.9,Wetterbericht: In diesen Landesteilen drohen Gewitter,Hier finden Sie Informationen zu dem Thema „Wetterbericht“. Lesen Sie jetzt „In diesen Landesteilen drohen Gewitter“.,https://www.zeit.de/news/2026-07/05/in-diesen-landesteilen-drohen-gewitter,https://img.zeit.de/news/2026-07/05/in-diesen-landesteilen-drohen-gewitter-image-group/wide__1300x731,,"Wer in der Nordhälfte Baden-Württembergs unterwegs ist, muss sich heute auf Gewitter einstellen. Von Sonntagmittag bis Sonntagabend drohten dort einzelne kurze Gewitter, kündigte der Deutsche Wetterd… [+1663 chars]",,Wetterbericht: In diesen Landesteilen drohen Gewitter. Hier finden Sie Informationen zu dem Thema „Wetterbericht“. Lesen Sie jetzt „In diesen Landesteilen drohen Gewitter“.,Weather report: There is a risk of thunderstorms in these parts of the country. Here you will find information on the topic of “weather reports”. Now read “There is a risk of thunderstorms in these parts of the country”.,"Tempestas fama: periculum est tonitribus in his regionibus. Hic informationes invenies in argumento ""tempestatis relationum"". Nunc lege "" Periculum est tonitribus in his regionibus.""",2026-07-06 09:05:51+00:00
dc39d301d979c96a3a1881674a0befcd,2026-07-05T05:38:38Z,'Gewitter',www.sueddeutsche.de,de,0.9,Gewitter und Sonne: Wechselhaftes Wetter zum Wochenstart,"Milde Temperaturen, aber es kann regnen und auch gewittern: So wird das Wetter in Bayern am Sonntag und zum Wochenanfang.",https://www.sueddeutsche.de/bayern/bayern-wetter-gewitter-sonne-ausblick-li.3510655,https://www.sueddeutsche.de/2026/07/05/7973546c-9e8c-4631-a2d2-146fde0b8a5f.jpg?q=60&fm=webp&width=1200&rect=0%2C157%2C3000%2C1687,,"Am Montag zeigt sich in Südbayern ein ähnliches Bild wie am Sonntag: In Schwaben dürfte es viel Sonne geben, ansonsten wird es bewölkt und kann auch regnen. Gewitter sind möglich. 22 bis 29 Grad werd… [+164 chars]",,"Gewitter und Sonne: Wechselhaftes Wetter zum Wochenstart. Milde Temperaturen, aber es kann regnen und auch gewittern: So wird das Wetter in Bayern am Sonntag und zum Wochenanfang.","Thunderstorms and sun: Changeable weather at the start of the week. Mild temperatures, but it can rain and also thunderstorms: This is what the weather in Bavaria will be like on Sunday and at the beginning of the week.","Tonitruum et sol: Mutabile tempus in initio hebdomadis. Temperatura mitis, sed pluere potest et etiam tonitribus: Haec tempestas in Bavaria erit sicut in die dominico et in principio hebdomadis.",2026-07-06 09:05:51+00:00
dd492ffe8679070a0f10419d1e31fb98,2026-07-05T05:58:41Z,'Gewitter',www.morgenpost.de,de,0.9,Nach dem großen Gewitter teilt Donald Trump gegen „Kommunisten“ aus,In seiner Rede zum 250-jährigen Bestehen der USA hat Präsident Trump vor einer angeblich drohenden Übernahme des Landes durch „Kommunisten“ gewarnt.,https://www.morgenpost.de/politik/article412483678/nach-dem-grossen-gewitter-teilt-donald-trump-gegen-kommunisten-aus.html,https://img.sparknews.funkemedien.de/412483664/412483664_1783230780_v16_9_1600.jpeg,,"Donnernde Kampfjets, drohendes Unwetter und das angeblich größte Feuerwerk aller Zeiten: Mit einer Rede in Washington hat US-Präsident Donald Trump den Schlusspunkt unter die Festlichkeiten zum 250. … [+2893 chars]",,Nach dem großen Gewitter teilt Donald Trump gegen „Kommunisten“ aus. In seiner Rede zum 250-jährigen Bestehen der USA hat Präsident Trump vor einer angeblich drohenden Übernahme des Landes durch „Kommunisten“ gewarnt.,"After the big thunderstorm, Donald Trump deals against “communists”. In his speech on the occasion of the 250th anniversary of the USA, President Trump warned of an alleged impending takeover of the country by “communists”.","Post magnum tonitruum, Donald Trump contra ""communistas"" agit. In oratione occasione CCL anniversarii in USA, Praeses Trump monuit de asserto imminente takeu patriae per ""communistas"".",2026-07-06 09:05:51+00:00
065bac33d7fec9dfa63914da5308aec7,2026-07-05T06:49:35Z,'Sommer',www.diepresse.com,de,0.9,"Bach, Gatsch, Wald: Hinein in die wilde Kindheit [premium]","Raus aus dem Klassenzimmer, raus ins Freie, raus aus der Komfortzone: Die Sommerferien sind da und bieten Raum für Freude und Leichtigkeit. Und die Frage: Wie wild soll, kann und darf es werden?",https://www.diepresse.com/34771259/bach-gatsch-wald-hinein-in-die-wilde-kindheit,https://img.diepresse.com/public/incoming/kwjne8-janina-mit-kindern/alternates/WEBP_WIDE_1200/Janina%20mit%20Kindern,,"Sei frech, wild und wunderbar, lautet ein Zitat der Schriftstellerin Astrid Lindgren. Wer es hört, sieht ein Mädchen mit roten Zöpfen, breitem Lächeln und blauen Augen auftauchen Pippi Langstrumpf. E… [+10437 chars]",,"Bach, Gatsch, Wald: Hinein in die wilde Kindheit [premium]. Raus aus dem Klassenzimmer, raus ins Freie, raus aus der Komfortzone: Die Sommerferien sind da und bieten Raum für Freude und Leichtigkeit. Und die Frage: Wie wild soll, kann und darf es werden?","Stream, Gatsch, Forest: Into wild childhood [premium]. Out of the classroom, out into the open air, out of the comfort zone: the summer holidays are here and offer space for joy and lightness. And the question: How wild should, can and should it get?","Amnis, Gatsch, Forest: In infantiam [premium]. Ex schola, in sub dio, e suggesto: feriae aestivae hic sunt, et spatium laetitiae et levitatis praebent. Et interrogatio: Quomodo fera debet, potest et debet habere?",2026-07-06 09:05:51+00:00
ffd1bc0ff86f419e45ffede8a1099778,2026-07-05T06:59:37Z,'Gewitter',www.diepresse.com,de,0.9,250 Jahre USA: Trump feiert sich und nennt Demokraten Kommunisten,Der Präsident nutzte das Jubiläum für die Konfrontation mit der Opposition. Die National Mall in Washington war wegen eines Gewitters zwischenzeitlich evakuiert.,https://www.diepresse.com/35175376/250-jahre-usa-trump-feiert-sich-und-nennt-demokraten-kommunisten,https://img.diepresse.com/public/incoming/xikiq1-imago-images-0860771505/alternates/WEBP_WIDE_1200/imago%20images%200860771505,,"Die Presse auf Google als bevorzugte Nachrichtenquelle hinzufügen.
 In einer Rede zum 250-jährigen Bestehen der USA hat Präsident Donald Trump das Land und sich selbst gepriesen und die oppositionel… [+3859 chars]",,250 Jahre USA: Trump feiert sich und nennt Demokraten Kommunisten. Der Präsident nutzte das Jubiläum für die Konfrontation mit der Opposition. Die National Mall in Washington war wegen eines Gewitters zwischenzeitlich evakuiert.,250 years of the USA: Trump celebrates himself and calls Democrats communists. The president used the anniversary to confront the opposition. The National Mall in Washington was temporarily evacuated due to a thunderstorm.,250 annos USA: Trump celebrat se et democratas communistas vocat. Praesidens anniversarium opponendae oppositioni usus est. Nationalis pretium in Washington tempus ob tonitrui emissus est.,2026-07-06 09:05:51+00:00
cfd10b1cdd95d3880049556e0cfa4d2d,2026-07-05T07:36:12Z,'Gewitter',www.faz.net,de,0.9,Rhein-Main-Liveblog: Fünf Verletzte bei schwerem Autounfall nahe Mücke,Wetter in Hessen: Einzelne Gewitter am Sonntag möglich +++ Familienstreit löst Polizeieinsatz in Wiesbaden aus +++ Kinder sollen Brand auf Bauernhof in Rüsselsheim verursacht haben +++ Liveblog zu Rhein-Main und Hessen,https://www.faz.net/aktuell/rhein-main/auto-ueberschlaegt-sich-fuenf-verletzte-bei-schwerem-autounfall-nahe-muecke-aktuelle-nachrichten-aus-frankfurt-hessen-faz-19735361.html,https://media0.faz.net/image/w1200h627/7def990dd0cf/w6144h3210x0y400o/202607/43601.0.2284488007/der-autofahrer-hat-sich-mit.webp,,Noch Tage nach den extremen Temperaturen waren die Rettungskräfte in Frankfurt an der Grenze ihrer Kapazitäten nun wird es langsam besser: Die Einsatzzahlen waren nach Angaben der Feuerwehr am Donner… [+762 chars],,Rhein-Main-Liveblog: Fünf Verletzte bei schwerem Autounfall nahe Mücke. Wetter in Hessen: Einzelne Gewitter am Sonntag möglich +++ Familienstreit löst Polizeieinsatz in Wiesbaden aus +++ Kinder sollen Brand auf Bauernhof in Rüsselsheim verursacht haben +++ Liveblog zu Rhein-Main und Hessen,Rhein-Main live blog: Five injured in serious car accident near Mücke. Weather in Hesse: Individual thunderstorms possible on Sunday +++ Family dispute triggers police operation in Wiesbaden +++ Children are said to have caused a fire on a farm in Rüsselsheim +++ Live blog about Rhine-Main and Hesse,Rhein-Main vita blog: Quinque in gravi casu currus vulnerati prope Mücke. Tempestas in Hassia: Individualis tonitribus possibilibus die Dominico +++ Familia controversia triggers operationes vigilum in Wiesbaden +++ Pueri dicuntur ignem in praedio in Rüsselsheim +++ Vivere diarii circa Rhenum-Main et Hassiam.,2026-07-06 09:05:51+00:00
beeac5faeb355565be8f094dae26f4db,2026-07-05T08:31:44Z,'Gewitter',www.bild.de,de,0.9,BILD-Reporter bei Trumps USA-Feier - „Die MAGA-Bewegung steht eisern hinter ihm“,Das von Donald Trump angekündigte Spektakel anlässlich des 250. Geburtstags der USA wird kurzzeitig von einem Gewitter gestoppt. Der US-Präsident kann seine Rede mit Verzögerung aber doch noch halten.,https://www.bild.de/politik/bild-reporter-bei-trumps-usa-feier-die-maga-bewegung-steht-eisern-hinter-ihm-6a49fa7a0b14ed961bb525d4,"https://images.bild.de/6a49fa7a0b14ed961bb525d4/6fdf076751e5ac9c08e55431f06f622e,5385e73f?w=1280",,"Mehr zum Video anzeigen 
Das von Donald Trump angekündigte Spektakel anlässlich des 250. Geburtstags der USA wird kurzzeitig von einem Gewitter gestoppt. Der US-Präsident kann seine Rede mit Verzöge… [+62 chars]",,BILD-Reporter bei Trumps USA-Feier - „Die MAGA-Bewegung steht eisern hinter ihm“. Das von Donald Trump angekündigte Spektakel anlässlich des 250. Geburtstags der USA wird kurzzeitig von einem Gewitter gestoppt. Der US-Präsident kann seine Rede mit Verzögerung aber doch noch halten.,"BILD reporter at Trump's USA celebration - ""The MAGA movement is firmly behind him"". The spectacle announced by Donald Trump to mark the 250th birthday of the USA is briefly stopped by a thunderstorm. The US President can still give his speech after a delay.","BILD nuntius apud Trump scriptor celebrationem USA - ""Motus est MAGA post eum firmiter"". Spectaculum a Donald Trump denuntiatum ut dies 250 natalis USA notaret brevissime procellis sistitur. Praeses US adhuc post dilationem orationem suam dare potest.",2026-07-06 09:05:51+00:00
fecb1e1f01bab6b223d96ce4e3b8ffc8,2026-07-05T08:52:26Z,'Sommer',www.diepresse.com,de,0.9,Keine Wollsocken in der Wüste [premium],"Marokko im Juni ist für jemanden, der die Hitze schlecht verträgt, vielleicht kein optimales Reiseziel. Wobei: So ein kleiner Regentanz wird zukünftig wohl auch in den Wiener Sommern immer öfter fällig.",https://www.diepresse.com/35128987/keine-wollsocken-in-der-wueste,https://www.diepresse.com/assets_v2/images/diepresse_nachrichten.png,,Unlängst war ich in Marokko. Das war noch bevor die Juni-Hitzewelle über Österreich hinwegfegte. Vor der Abreise behielt ich meine Wetter-App tagelang genau im Blick und sah der Temperatur im Südoste… [+2846 chars],,"Keine Wollsocken in der Wüste [premium]. Marokko im Juni ist für jemanden, der die Hitze schlecht verträgt, vielleicht kein optimales Reiseziel. Wobei: So ein kleiner Regentanz wird zukünftig wohl auch in den Wiener Sommern immer öfter fällig.",No wool socks in the desert [premium]. Morocco in June may not be an ideal travel destination for someone who can't tolerate the heat well. Although: Such a little rain dance will probably become more and more common in the Viennese summers in the future.,Non tibialia lana in deserto. Mauritania Iunio mense non potest esse perfecta destinatio peregrinationis alicui qui bene calorem ferre non potest. Quanquam: Talis saltatio pluviula verisimiliter magis ac magis frequentior fiet in Viennensibus aestatibus in futurum.,2026-07-06 09:05:51+00:00
d46c5d47bd53829bbcce49d125d34026,2026-07-02T13:43:32Z,'Laub',www.n-tv.de,de,0.9,Krasse Wetter-Gegensätze: Neuer Hitzewelle geht Gefahr schwerer Sturmböen voraus,"Ganz Deutschland spricht über die alte und die kommende Hitzewelle. Dabei wird es regional erst einmal alles andere als hochsommerlich. Schwere Sturmböen erinnern teilweise nicht nur an Herbstwetter, sie werden zur ernsthaften Gefahr.",https://www.n-tv.de/panorama/Neuer-Hitzewelle-geht-Gefahr-schwerer-Sturmboeen-voraus-id31040730.html,https://www.n-tv.de/img/31040705/1783005002/Img_16_9/1200/Dunkle-Regenwolken-ziehen-ueber-dem-Ostseestrand-von-Warnemuende-auf.jpg,http://web.archive.org/web/20260703001342/https://www.n-tv.de/panorama/Neuer-Hitzewelle-geht-Gefahr-schwerer-Sturmboeen-voraus-id31040730.html,"Abkühlung gibt es jetzt im Norden - jedoch nicht ohne die Gefahr von teils heftigen Stürmen. (Foto: picture alliance/dpa)
Ganz Deutschland spricht über die alte und die kommende Hitzewelle. Dabei wi… [+3321 chars]",,"Krasse Wetter-Gegensätze: Neuer Hitzewelle geht Gefahr schwerer Sturmböen voraus. Ganz Deutschland spricht über die alte und die kommende Hitzewelle. Dabei wird es regional erst einmal alles andere als hochsommerlich. Schwere Sturmböen erinnern teilweise nicht nur an Herbstwetter, sie werden zur ernsthaften Gefahr.","Stark weather contrasts: new heat wave is preceded by the risk of severe squalls. All of Germany is talking about the old and the coming heat wave. Regionally, it will be anything but midsummer. Heavy squalls are sometimes not only reminiscent of autumn weather, they pose a serious danger.","Stark tempestas adversatur: novus calor fluctus graviore procellis periculo antecedit. Tota Alemannia loquitur de fluctu veteri et de venturo aestu. Tellus, sit nisi solstitio. Grandes procellae interdum non solum autumni tempestates reminiscuntur, sed magnum periculum ponunt.",2026-07-06 13:53:53+00:00
bbac1d0c9c87aa6cab08b67c69cf7af6,2026-07-01T14:58:14Z,'Niedrigwasser',www.zeit.de,de,0.9,Wasserstände: Regen sorgt für Entspannung bei Niedrigwasser in der Elbe,Hier finden Sie Informationen zu dem Thema „Wasserstände“. Lesen Sie jetzt „Regen sorgt für Entspannung bei Niedrigwasser in der Elbe“.,https://www.zeit.de/news/2026-07/01/regen-sorgt-fuer-entspannung-bei-niedrigwasser-in-der-elbe,https://img.zeit.de/news/2026-07/01/regen-sorgt-fuer-entspannung-bei-niedrigwasser-in-der-elbe-image-group/wide__1300x731,http://web.archive.org/web/20260701150938/https://www.zeit.de/news/2026-07/01/regen-sorgt-fuer-entspannung-bei-niedrigwasser-in-der-elbe,Der kräftige Regen hat die nach dem Hitzewochenende immer weniger gefüllte Elbe wieder etwas anschwellen lassen. An den vier sächsischen Meldepegeln entlang der Elbe herrscht aktuell zwar noch Niedri… [+1909 chars],,Wasserstände: Regen sorgt für Entspannung bei Niedrigwasser in der Elbe. Hier finden Sie Informationen zu dem Thema „Wasserstände“. Lesen Sie jetzt „Regen sorgt für Entspannung bei Niedrigwasser in der Elbe“.,Water levels: Rain provides relief when water levels are low in the Elbe. Here you will find information on the topic of “water levels”. Now read “Rain provides relief when water levels are low in the Elbe”.,"Gradus aquae: Imber subsidia praebet cum gradus aquae in Albis iacent. Hic informationes invenies in argumento ""graduum aquarum"". Nunc legitur ""Imber auxilium praebet cum aquae gradus in Albis humiles sunt"".",2026-07-06 21:42:19+00:00
411fd30a00e9fa3d46abb2ef11972c25,2026-07-03T09:41:55Z,'Niedrigwasser',www.zeit.de,de,0.9,Erneuter Stopp: Schleifähre «Missunde III» pausiert wegen Niedrigwasser,Hier finden Sie Informationen zu dem Thema „Erneuter Stopp“. Lesen Sie jetzt „Schleifähre «Missunde III» pausiert wegen Niedrigwasser“.,https://www.zeit.de/news/2026-07/03/schleifaehre-missunde-iii-pausiert-wegen-niedrigwasser,https://img.zeit.de/news/2026-07/03/schleifaehre-missunde-iii-pausiert-wegen-niedrigwasser-image-group/wide__1300x731,http://web.archive.org/web/20260704024905/https://www.zeit.de/news/2026-07/03/schleifaehre-missunde-iii-pausiert-wegen-niedrigwasser,"Der Betrieb der Schleifähre «Missunde III» wird wegen Niedrigwasser voraussichtlich bis Samstagvormittag ausgesetzt. «Die Anlegekeile haben ihren tiefsten Punkt erreicht», sagte ein Sprecher des Land… [+871 chars]",,Erneuter Stopp: Schleifähre «Missunde III» pausiert wegen Niedrigwasser. Hier finden Sie Informationen zu dem Thema „Erneuter Stopp“. Lesen Sie jetzt „Schleifähre «Missunde III» pausiert wegen Niedrigwasser“.,Another stop: the “Missunde III” grinding ear is paused due to low water. Here you will find information on the topic of “re-stop”. Now read “Slip ferry “Missunde III” paused due to low water”.,"Alia sistenda: ""Missunde III"" stridor auris constitit ex aqua humilis. Hic informationes invenies in argumento ""re-sistendi"". Nunc legitur ""Slip porttitor ""Missunde III"" constiterunt humili aqua"".",2026-07-06 21:42:19+00:00
db20fb232d9846d638544d2186796572,2026-07-03T12:06:46Z,'Blüte',www.faz.net,de,0.9,"Klimawandel Südkorea: Weniger Blüten, weniger Honig","Der Klimawandel bedroht die Imkerei in Südkorea – schrumpfende Blütezeiten, neue Krankheiten und Extremwetter dezimieren die Bienenpopulation. Imker Park Gyeong-je macht weiter und hofft auf Technologie und Politik.",https://www.faz.net/aktuell/fotografie/klimawandel-bedroht-imkerei-in-suedkorea-weniger-honig-accg-200901527.html,https://media0.faz.net/image/w1200h627/948b0521e258/w5455h2850x299y235o/202606/43601.0.2179626571/park-gyeong-je-65-ein.webp,http://web.archive.org/web/20260703123709/https://www.faz.net/aktuell/fotografie/klimawandel-bedroht-imkerei-in-suedkorea-weniger-honig-accg-200901527.html,"Park Gyeong-je begann vor fast fünf Jahrzehnten mit der Bienenzucht, aus Freude an der Natur und um seinen Lebensunterhalt zu verdienen. Inzwischen lässt ihn der Klimawandel daran zweifeln, wie lange… [+5761 chars]",,"Klimawandel Südkorea: Weniger Blüten, weniger Honig. Der Klimawandel bedroht die Imkerei in Südkorea – schrumpfende Blütezeiten, neue Krankheiten und Extremwetter dezimieren die Bienenpopulation. Imker Park Gyeong-je macht weiter und hofft auf Technologie und Politik.","Climate change South Korea: Fewer flowers, less honey. Climate change is threatening beekeeping in South Korea - shrinking flowering times, new diseases and extreme weather are decimating the bee population. Beekeeper Park Gyeong-je continues, hoping for technology and politics.","Clima mutatio Coreae Meridionalis: Pauciores flores, minus mel. Mutatio climatis minantis in Corea Meridiana minabatur - temporibus florentibus decrescentibus, novi morbi et extrema tempestas apis incolarum decimat. Beekeeper Park Gyeong-je pergit sperans technicas et politicas.",2026-07-09 17:24:42+00:00
f516600a575c61dcb9ef90a105c41b5a,2026-07-04T09:55:00Z,'Sommer',www.brigitte.de,de,0.9,"Nach der Sommersonnenwende: 3 Dinge, die euer Garten jetzt für den Hochsommer braucht","Die Sommersonnenwende kündigt kürzer werdende Tage an – und ein paar Dinge, die du jetzt in deinem Garten erledigen solltest. Im Video verraten wir dir, welche das sind und worauf du achten solltest.",https://www.brigitte.de/leben/wohnen/balkon-garten/nach-der-sommersonnenwende--3-dinge--die-euer-garten-jetzt-fuer-den-hochsommer-braucht-13839280.html,https://image.brigitte.de/13839288/t/iM/v3/w1440/r1.7778/-/gartenarbeit-sommersonnenwende.jpg,,"04.07.2026, 11:55
Die Sommersonnenwende kündigt kürzer werdende Tage an und ein paar Dinge, die du jetzt in deinem Garten erledigen solltest. Im Video verraten wir dir, welche das sind und worauf du… [+679 chars]",,"Nach der Sommersonnenwende: 3 Dinge, die euer Garten jetzt für den Hochsommer braucht. Die Sommersonnenwende kündigt kürzer werdende Tage an – und ein paar Dinge, die du jetzt in deinem Garten erledigen solltest. Im Video verraten wir dir, welche das sind und worauf du achten solltest.",After the summer solstice: 3 things your garden needs now for midsummer. The summer solstice heralds shorter days - and a few things you should do in your garden now. In the video we tell you what they are and what you should pay attention to.,Post solstitium: hortus tuus 3 aestate nunc eget. Aestivum solstitium breviores dies praecones - et pauca nunc in tuo horto facere debes. In video tibi narramus quid sint et quid observandum sit.,2026-07-09 17:24:42+00:00
44398741ff8b0f0a72c8b5ce5685c714,2026-07-07T03:30:00Z,'Schnee',www.nzz.ch,de,0.9,Dürre in der Schweiz: Die Trockenheit verschärft sich weiter,"Die Gewitter in der vergangenen Woche haben nur kurzfristig für Entspannung gesorgt. Zunehmend mangelt es Böden, Gewässern und Grundwasservorkommen an Wasser. Die Waldbrandgefahr steigt. Eine Momentaufnahme.",https://www.nzz.ch/wissenschaft/duerre-in-der-schweiz-die-trockenheit-verschaerft-sich-weiter-ld.10014295,"https://img-msp-prod.nzz.ch/2026/07/06/2bcf3ddc-18fc-46bb-b7c6-753f717a14b7.jpg?width=1200&height=674&fit=bounds&quality=75&auto=webp&crop=4091,2301,x201,y379&wmark=nzz",http://web.archive.org/web/20260709082254/https://www.nzz.ch/wissenschaft/duerre-in-der-schweiz-die-trockenheit-verschaerft-sich-weiter-ld.10014295,"Die Gewitter in der vergangenen Woche haben nur kurzfristig für Entspannung gesorgt. Zunehmend mangelt es Böden, Gewässern und Grundwasservorkommen an Wasser. Die Waldbrandgefahr steigt. Eine Momenta… [+4589 chars]",,"Dürre in der Schweiz: Die Trockenheit verschärft sich weiter. Die Gewitter in der vergangenen Woche haben nur kurzfristig für Entspannung gesorgt. Zunehmend mangelt es Böden, Gewässern und Grundwasservorkommen an Wasser. Die Waldbrandgefahr steigt. Eine Momentaufnahme.","Drought in Switzerland: The drought continues to worsen. The thunderstorms last week only provided short-term relief. Soils, bodies of water and groundwater resources are increasingly lacking water. The risk of forest fires is increasing. A snapshot.","Siccitas in Helvetia: Siccitas peior pergit. Tonitruum Ultima septimana solum breve tempus subsidio praebebat. Terrae, corpora aquarum et aquarum fundamentorum copiae magis magisque aquae desunt. Periculum incendium silvarum increscit. A snapshot.",2026-07-10 17:03:22+00:00
859997ec7583e6a790b31184b0e8cd38,2026-07-08T13:46:36Z,'Sommer',www.diepresse.com,de,0.9,Der Sommer ist die ungemütlichste Jahreszeit – nicht nur wegen der Hitze [premium],"Das Ringen um die richtige Abkühlung ist der neue Kulturkampf der Gegenwart. Viele ignorieren: Die Klimaanlage bekämpft nur Symptome, nicht das Problem.",https://www.diepresse.com/35981839/der-sommer-ist-die-ungemuetlichste-jahreszeit-nicht-nur-wegen-der-hitze,https://img.diepresse.com/public/incoming/cbjxnc-kein-titel/alternates/WEBP_WIDE_1200/kein%20Titel,http://web.archive.org/web/20260709025143/https://www.diepresse.com/35981839/der-sommer-ist-die-ungemuetlichste-jahreszeit-nicht-nur-wegen-der-hitze,"Die Sommer sind längst nicht mehr schön. Nächte im Freien, kaltes Eis, flattrige Kleider was früher die Zutaten der großen Freiheit war, ist zur Überlebensstrategie geschrumpft. Eine Rekord-Hitzewell… [+4190 chars]",,"Der Sommer ist die ungemütlichste Jahreszeit – nicht nur wegen der Hitze [premium]. Das Ringen um die richtige Abkühlung ist der neue Kulturkampf der Gegenwart. Viele ignorieren: Die Klimaanlage bekämpft nur Symptome, nicht das Problem.","Summer is the most uncomfortable season – and not just because of the heat [premium]. The struggle for the right way to cool down is the new culture war of the present. Many ignore: The air conditioning only combats symptoms, not the problem.","Aestas est tempus maxime incommodum - et non solum propter aestum. Certamen pro modo refrigerandi novum est bellum culturae praesentis. Multi dissimulant: Aeris condiciones solum pugnae symptomata, non problemata sunt.",2026-07-10 17:03:22+00:00
25b69689668c646bcee1d5bba43d2c87,2026-07-05T01:30:06Z,'Hochwasser',www.zeit.de,de,0.9,Fünf Jahre nach dem Hochwasser: Expertin über Ahrtal: «Heilung lässt sich nicht verordnen»,Hier finden Sie Informationen zu dem Thema „Fünf Jahre nach dem Hochwasser“. Lesen Sie jetzt „Expertin über Ahrtal: «Heilung lässt sich nicht verordnen»“.,https://www.zeit.de/news/2026-07/05/expertin-ueber-ahrtal-heilung-laesst-sich-nicht-verordnen,https://img.zeit.de/news/2026-07/05/expertin-ueber-ahrtal-heilung-laesst-sich-nicht-verordnen-image-group/wide__1300x731,http://web.archive.org/web/20260707230207/https://www.zeit.de/news/2026-07/05/expertin-ueber-ahrtal-heilung-laesst-sich-nicht-verordnen,"Fünf Jahre nach der Flut im Ahrtal sind die seelischen Folgen für viele Betroffene noch immer spürbar. Die Trauma-Expertin Sybille Jatzko, die seit Jahrzehnten Überlebende und Hinterbliebene des Flug… [+3584 chars]",,Fünf Jahre nach dem Hochwasser: Expertin über Ahrtal: «Heilung lässt sich nicht verordnen». Hier finden Sie Informationen zu dem Thema „Fünf Jahre nach dem Hochwasser“. Lesen Sie jetzt „Expertin über Ahrtal: «Heilung lässt sich nicht verordnen»“.,Five years after the flood: Expert about Ahrtal: “Healing cannot be prescribed”. Here you will find information on the topic “Five years after the flood”. Now read “Expert on Ahrtal: “Healing cannot be prescribed””.,"Quinque annis post diluvium: Peritus de Ahrtal: « Sanatio praescribi non potest ». Hic informationes invenies in argumento ""Quinque annis post diluvium"". Nunc legitur ""Peritus in Ahrtal:"" Sanatio praescribi non potest"".",2026-07-10 21:13:38+00:00
0f49470fca281e13582da78e555bd083,2026-07-07T12:48:53Z,'Hochwasser',www.zeit.de,de,0.9,Hochwasserschutz: BUND listet Versäumnisse beim Hochwasserschutz auf,Hier finden Sie Informationen zu dem Thema „Hochwasserschutz“. Lesen Sie jetzt „BUND listet Versäumnisse beim Hochwasserschutz auf“.,https://www.zeit.de/news/2026-07/07/bund-listet-versaeumnisse-beim-hochwasserschutz-auf,https://img.zeit.de/news/2026-07/07/bund-listet-versaeumnisse-beim-hochwasserschutz-auf-image-group/wide__1300x731,http://web.archive.org/web/20260707232621/https://www.zeit.de/news/2026-07/07/bund-listet-versaeumnisse-beim-hochwasserschutz-auf,"Der Bund für Umwelt und Naturschutz Deutschland (BUND) sieht Sachsen noch immer nicht ausreichend auf Wetterextreme vorbereitet. Statt Flüssen mehr Raum zu geben, würden wichtige Überflutungsflächen … [+2116 chars]",,Hochwasserschutz: BUND listet Versäumnisse beim Hochwasserschutz auf. Hier finden Sie Informationen zu dem Thema „Hochwasserschutz“. Lesen Sie jetzt „BUND listet Versäumnisse beim Hochwasserschutz auf“.,Flood protection: BUND lists failures in flood protection. Here you will find information on the topic of “flood protection”. Now read “BUND lists failures in flood protection”.,"Diluvium praesidium: fasciculum tabularum defectionum in diluvio praesidium. Hic informationes invenies in argumento ""diluvii tutelae"". Nunc legitur ""FUNDAMEN tabulae in diluvio tutelae defectis"".",2026-07-10 21:13:38+00:00
b1fbc6671b2195b8a3549051e721a91d,2026-07-08T09:00:07Z,'Hochwasser',www.zeit.de,de,0.9,Fünf Jahre nach Hochwasser: NRW und Niederlande stärken gemeinsamen Hochwasserschutz,Hier finden Sie Informationen zu dem Thema „Fünf Jahre nach Hochwasser“. Lesen Sie jetzt „NRW und Niederlande stärken gemeinsamen Hochwasserschutz“.,https://www.zeit.de/news/2026-07/08/nrw-und-niederlande-staerken-gemeinsamen-hochwasserschutz,https://img.zeit.de/news/2026-07/08/nrw-und-niederlande-staerken-gemeinsamen-hochwasserschutz-image-group/wide__1300x731,,Fünf Jahre nach der verheerenden Flutkatastrophe von 2021 intensivieren Nordrhein-Westfalen und die Niederlande ihre Kooperation beim Hochwasserschutz. Bei einer gemeinsamen Pressekonferenz in Aachen… [+2142 chars],,Fünf Jahre nach Hochwasser: NRW und Niederlande stärken gemeinsamen Hochwasserschutz. Hier finden Sie Informationen zu dem Thema „Fünf Jahre nach Hochwasser“. Lesen Sie jetzt „NRW und Niederlande stärken gemeinsamen Hochwasserschutz“.,Five years after floods: North Rhine-Westphalia and the Netherlands strengthen joint flood protection. Here you will find information on the topic “Five years after floods”. Read now “NRW and the Netherlands strengthen joint flood protection”.,"Quinque annis post diluvia: Septentrionalis Rheno-Westphaliae et Nederlandiae iuncturam diluvii tutelam corroborant. Hic informationes invenies in argumento ""Quinque annis post diluvia"". Lege nunc ""NRW et Nederlandiae iuncturam diluvii protectionem confirma"".",2026-07-10 21:13:38+00:00
6308a82feeec46c919830691eabb69ef,2026-07-09T02:30:11Z,'Hochwasser',www.zeit.de,de,0.9,Versicherungen: Hochwasser führen zu größeren wirtschaftlichen Schäden,Hier finden Sie Informationen zu dem Thema „Versicherungen“. Lesen Sie jetzt „Hochwasser führen zu größeren wirtschaftlichen Schäden“.,https://www.zeit.de/news/2026-07/09/hochwasser-fuehren-zu-groesseren-wirtschaftlichen-schaeden,https://img.zeit.de/news/2026-07/09/hochwasser-fuehren-zu-groesseren-wirtschaftlichen-schaeden-image-group/wide__1300x731,,Hochwasser verursachen einer neuen Analyse zufolge zunehmend schwerere Schäden in Europa. Der wirtschaftliche Schaden eines Hochwassers lag seit 2020 preisbereinigt im Schnitt bei ungefähr 400 Millio… [+1739 chars],,Versicherungen: Hochwasser führen zu größeren wirtschaftlichen Schäden. Hier finden Sie Informationen zu dem Thema „Versicherungen“. Lesen Sie jetzt „Hochwasser führen zu größeren wirtschaftlichen Schäden“.,Insurance: Floods lead to greater economic damage. Here you will find information on the topic of “insurance”. Now read “Floods lead to greater economic damage”.,"Cautionum: Diluvia ad maius damnum oeconomicum ducunt. Hic informationes invenies in argumento ""incurationis"". Nunc legitur ""diluvia ad maius damnum oeconomicum ducunt"".",2026-07-10 21:13:38+00:00
48fdb79d60552b3677a120512982d381,2026-07-09T06:04:00Z,'Hochwasser',www.zeit.de,de,0.9,Katastrophales Hochwasser: BUND-Umfrage: Hochwasserschutz für viele unzureichend,Hier finden Sie Informationen zu dem Thema „Katastrophales Hochwasser“. Lesen Sie jetzt „BUND-Umfrage: Hochwasserschutz für viele unzureichend“.,https://www.zeit.de/news/2026-07/09/bund-umfrage-hochwasserschutz-fuer-viele-unzureichend,https://img.zeit.de/news/2026-07/09/bund-umfrage-hochwasserschutz-fuer-viele-unzureichend-image-group/wide__1300x731,http://web.archive.org/web/20260709183738/https://www.zeit.de/news/2026-07/09/bund-umfrage-hochwasserschutz-fuer-viele-unzureichend,Fünf Jahre nach der verheerenden Flutkatastrophe im Ahrtal ist der Schutz vor Starkregen und Hochwasser aus Sicht vieler Menschen in Deutschland weiterhin unzureichend. Wie eine repräsentative Umfrag… [+1791 chars],,Katastrophales Hochwasser: BUND-Umfrage: Hochwasserschutz für viele unzureichend. Hier finden Sie Informationen zu dem Thema „Katastrophales Hochwasser“. Lesen Sie jetzt „BUND-Umfrage: Hochwasserschutz für viele unzureichend“.,Catastrophic flooding: BUND survey: Flood protection is inadequate for many. Here you will find information on the topic of “catastrophic flooding”. Now read “BUND survey: Flood protection is inadequate for many”.,"Catastrophica inundatio: BUND aliquet: Diluvium praesidium multis impar est. Hic informationes invenies in argumento ""inundationis calamitosae"". Nunc lege ""BUND aliquet: Diluvium praesidium multis impar est"".",2026-07-10 21:13:38+00:00
cb1212c100c3eb38299d7848fbbf9a22,2026-07-09T07:45:02Z,'Winter',www.golem.de,de,0.9,Gleichmäßige Stromproduktion: Alpiner Solarstrom fließt auch im Winter,"Eine Solaranlage auf 2.500 m Höhe liefert ganzjährig gleichmäßigen Strom. Gleichzeitig liegt ihr Ertrag 50 Prozent höher als der Durchschnitt. (Solarenergie, Energiewende)",https://www.golem.de/sonstiges/zustimmung/auswahl.html?from=https://www.golem.de/news/gleichmaessige-stromproduktion-alpiner-solarstrom-fliesst-auch-im-winter-2607-210678.html&referer=https://t.co/c82ab6944b,,,"Besuchen Sie Golem.de wie gewohnt mit Werbung und Tracking,
 indem Sie der Nutzung aller Cookies zustimmen.
 Details zum Tracking finden Sie im Privacy Center.
Skript wurde nicht geladen. Informat… [+607 chars]",,"Gleichmäßige Stromproduktion: Alpiner Solarstrom fließt auch im Winter. Eine Solaranlage auf 2.500 m Höhe liefert ganzjährig gleichmäßigen Strom. Gleichzeitig liegt ihr Ertrag 50 Prozent höher als der Durchschnitt. (Solarenergie, Energiewende)","Uniform electricity production: Alpine solar power also flows in winter. A solar system at an altitude of 2,500 m provides consistent electricity all year round. At the same time, their yield is 50 percent higher than average. (solar energy, energy transition)","Productio electricitatis uniformis: alpina potestas solaris etiam hieme fluit. Systema solaris ad altitudinem 2,500 m praebet electricitatem per totum annum consistentem. Eodem tempore, eorum fructus est 50 percent altior quam mediocris. (Virtas solaris, navitas transitus)",2026-07-11 03:27:26+00:00
34ee28e0eddeda01e1d02c309182cc33,2026-07-02T11:19:32Z,'Schnee',www.tagesspiegel.de,de,0.9,Prüfung der Staatsanwaltschaft: Zwangsübernachtung im Flugzeug ohne strafrechtliche Folgen,"Hunderte Passagiere müssen am Münchner Flughafen eine Schnee-Nacht in Flugzeugen verbringen. Die Empörung ist groß, auch die Staatsanwaltschaft wird aktiv. Jetzt legt sie ein Ergebnis vor.",https://www.tagesspiegel.de/gesellschaft/panorama/prufung-der-staatsanwaltschaft-zwangsubernachtung-im-flugzeug-ohne-strafrechtliche-folgen-15787295.html,https://www.tagesspiegel.de/images/15787294/alternates/BASE_16_9_W1400/1782991172000/winterwetter-flughafen-munchen.jpeg,http://web.archive.org/web/20260703075157/https://www.tagesspiegel.de/gesellschaft/panorama/prufung-der-staatsanwaltschaft-zwangsubernachtung-im-flugzeug-ohne-strafrechtliche-folgen-15787295.html,Die unfreiwillige Übernachtung Hunderter Passagiere in Flugzeugen am Münchner Flughafen wird keine strafrechtlichen Folgen haben. Nach der Prüfung des Polizeiberichts zum Vorfall im Februar sei das V… [+2779 chars],,"Prüfung der Staatsanwaltschaft: Zwangsübernachtung im Flugzeug ohne strafrechtliche Folgen. Hunderte Passagiere müssen am Münchner Flughafen eine Schnee-Nacht in Flugzeugen verbringen. Die Empörung ist groß, auch die Staatsanwaltschaft wird aktiv. Jetzt legt sie ein Ergebnis vor.",Examination of the public prosecutor's office: forced overnight stay on the plane without criminal consequences. Hundreds of passengers have to spend a snowy night on planes at Munich Airport. There is great outrage and the public prosecutor's office is also taking action. Now she presents a result.,Examen officii accusatoris publici: Coactus pernoctare in plano sine sceleribus consectariis. Centum viatorum in planis apud Airport Munich noctem habebunt nivis. Magna est iniuria et etiam actio accusatoris publici. Consequuntur praesentium ipsa autem.,2026-07-11 16:01:15+00:00
4bf4e10802aa29397c68f1b68f975732,2026-07-01T14:01:29Z,'Sommer',www.diepresse.com,de,0.9,"Wespen, Läuse, Schnecken: Bio-Gärtner verraten, wie man sie los wird [premium]","Im Sommer stören Wespen, Schnecken, Blattläuse, Ameisen und Maulwürfe die Garten-Idylle. Karl Ploberger und Doris Kampas wissen nachhaltigen Rat.",https://www.diepresse.com/33896288/wespen-laeuse-schnecken-bio-gaertner-verraten-wie-man-sie-los-wird,https://img.diepresse.com/public/incoming/p1uxp8-2-punkt-marienk-2c-bio-gartendoris-kampasjpg/alternates/WEBP_WIDE_1200/2-Punkt%20Marienk%202_c%20bio-garten_Doris%20Kampas.jpg,http://web.archive.org/web/20260702061249/https://www.diepresse.com/33896288/wespen-laeuse-schnecken-bio-gaertner-verraten-wie-man-sie-los-wird,"Gärtner kennen das Problem. Kaum sitzen sie nach der Einebnung der Maulwurfshügel im Rasen entspannt bei einer Jause, summt und schwirrt es um sie herum. Wespenalarm! Die stechfreudigen Plagegeister … [+5617 chars]",,"Wespen, Läuse, Schnecken: Bio-Gärtner verraten, wie man sie los wird [premium]. Im Sommer stören Wespen, Schnecken, Blattläuse, Ameisen und Maulwürfe die Garten-Idylle. Karl Ploberger und Doris Kampas wissen nachhaltigen Rat.","Wasps, lice, snails: organic gardeners reveal how to get rid of them [premium]. In summer, wasps, snails, aphids, ants and moles disrupt the garden idyll. Karl Ploberger and Doris Kampas have lasting advice.","Vespae, pediculi, cochleae: hortulani organici quam carere eis demonstrant. Aestate, vespae, cochleae, aphidae, formicae et talpae dirimunt hortum Idyllii. Carolus Ploberger et Doris Kampas perenne consilium habent.",2026-07-12 03:39:01+00:00
b19df6119cb9531b02067ba6982b13da,2026-07-10T06:07:51Z,'Blüte',www.spektrum.de,de,0.9,Wie viele Blüten hat der Geld-Strauß?,"Wie lassen sich die Anzahl der Blüten und die Anzahl der Münzen ermitteln, die dazu gebraucht werden?",https://www.spektrum.de/raetsel/wie-viele-blueten-hat-der-strauss/2303644,https://static.spektrum.de/fm/912/f1920x1080/GettyImages-157308559.jpg,http://web.archive.org/web/20260710143000/https://www.spektrum.de/raetsel/wie-viele-blueten-hat-der-strauss/2303644,"Der Mathematiker, Physiker und Bauingenieur Karl Jakob Dienst aus Aachen wurde 1943 in Flörsheim am Main geboren. Von 1983 bis zum Eintritt in seinen Ruhestand lehrte er Mathematik an der FH Aachen. … [+948 chars]",,"Wie viele Blüten hat der Geld-Strauß?. Wie lassen sich die Anzahl der Blüten und die Anzahl der Münzen ermitteln, die dazu gebraucht werden?",How many flowers does the money bouquet have? How can you determine the number of flowers and the number of coins needed?,Quot flores pecunia FLOS habet? Quomodo numerum florum et nummorum numerum determinare potes?,2026-07-12 07:32:28+00:00
3cc5a1d0897df182105da9a6eb0363be,2026-07-01T10:16:35Z,'Sommer',www.faz.net,de,0.9,Tipps vom Maßschneider: „Ein guter Sommeranzug kann wie eine Klimaanlage sein“,"Ein Anzug im Sommer? Ist nicht nur elegant, sondern auch komfortabel – wenn er denn aus den richtigen Materialien besteht. Welche das sind und worauf man noch achten sollte, erklären eine Maßschneiderin und ein Designer.",https://www.faz.net/aktuell/besser-leben/stil/anzug-bei-hitze-tipps-fuer-den-optimalen-tragekomfort-accg-200947363.html,https://media0.faz.net/image/w1200h627/eb3db2579802/w4287h2239x0y651o/202606/43601.0.2251567397/mit-bond-im-sinn-schauspieler.webp,http://web.archive.org/web/20260702031952/https://www.faz.net/aktuell/besser-leben/stil/anzug-bei-hitze-tipps-fuer-den-optimalen-tragekomfort-accg-200947363.html,Männer im Sommeranzug diese Worte können sehr unterschiedliche Assoziationen wecken. Die einen denken an den im vornehmen Zwirn unter Palmen spazierenden Thomas Mann im Exil. Die anderen sehen die bo… [+585 chars],,"Tipps vom Maßschneider: „Ein guter Sommeranzug kann wie eine Klimaanlage sein“. Ein Anzug im Sommer? Ist nicht nur elegant, sondern auch komfortabel – wenn er denn aus den richtigen Materialien besteht. Welche das sind und worauf man noch achten sollte, erklären eine Maßschneiderin und ein Designer.","Tips from the tailor: “A good summer suit can be like air conditioning”. A suit in summer? It's not only elegant, but also comfortable - if it's made of the right materials. A tailor and a designer explain what these are and what else you should pay attention to.","Apicibus e sartore: ""Bona aestas secta potest esse sicut aer conditionis"". Secta aestate? Non solum elegans est, sed etiam commoda - si materiarum materiarum est. Sartor et excogitator explicant quid sint ista et quid aliud observandum est.",2026-07-12 21:00:02+00:00
a7ea1da439b3705f7f1d75e6aef50d0b,2026-07-01T14:54:40Z,'Sommer',www.faz.net,de,0.9,ÖPNV im Rhein-Main-Gebiet: Bauarbeiten legen S-Bahnen und Regionalzüge im Sommer lahm,"Verspätungen und Ausfälle damit es künftig weniger Verspätungen gibt: Wer zwischen Mainz, Wiesbaden und Frankfurt pendelt, braucht starke Nerven. Bauarbeiten schränken den Bahnverkehr ein.",https://www.faz.net/aktuell/rhein-main/region-und-hessen/rhein-main-bauarbeiten-legen-s-bahnen-und-regionalzuege-im-sommer-lahm-200988668.html,https://media0.faz.net/image/w1200h627/c6d1996ae098/w5000h2612x0y432o/202607/43601.0.2285357078/reisende-brauchen-im-rhein.webp,,"Bahnreisende im Rhein-Main-Gebiet müssen sich erneut auf erhebliche Einschränkungen einstellen. Im Eisenbahnknoten Mainz laufen die Arbeiten zur Modernisierung der Stellwerkstechnik auf Hochtouren, w… [+1828 chars]",,"ÖPNV im Rhein-Main-Gebiet: Bauarbeiten legen S-Bahnen und Regionalzüge im Sommer lahm. Verspätungen und Ausfälle damit es künftig weniger Verspätungen gibt: Wer zwischen Mainz, Wiesbaden und Frankfurt pendelt, braucht starke Nerven. Bauarbeiten schränken den Bahnverkehr ein.","Public transport in the Rhine-Main area: construction work brings S-Bahn and regional trains to a standstill in the summer. Delays and cancellations so that there are fewer delays in the future: Anyone who commutes between Mainz, Wiesbaden and Frankfurt needs strong nerves. Construction work is restricting rail traffic.","Publica oneraria in area Rheno-Main: operis constructione S-Bahn et impedimenta regionalia aestate haesitanda affert. Moras et cancellationes ut in posterum pauciores sint morae: quisquis inter Maguntiam, Wiesbaden et Francofurtum commutetur, nervis validis indiget. Operis constructio negotiationis rail restringit.",2026-07-12 21:00:02+00:00
24024dc9e42011936b647f3e08eb4642,2026-07-03T08:34:36Z,'Sommer',www.tagesschau.de,de,0.9,"IG Metall kündigt ""heißen Sommer"" für die Autobranche an",Mercedes-Beschäftigte in Deutschland protestieren heute gegen den verschärften Sparkurs des Autobauers. Aufgerufen hat dazu die IG Metall. Die Gewerkschaft warnt die Branche vor weiteren Aktionen.,https://www.tagesschau.de/wirtschaft/unternehmen/mercedes-proteste-autobauer-ig-metall-100.html,https://images.tagesschau.de/image/1cead17b-ed9f-4914-a6b4-2979c06a7f7a/AAABnyaW0sU/AAABnSSvrFg/16x9-big/ig-metall-mercedes-100.jpg?width=1280,,"Stand: 03.07.2026 10:34 Uhr
Mercedes-Beschäftigte in Deutschland protestieren heute gegen den verschärften Sparkurs des Autobauers. Aufgerufen hat dazu die IG Metall. Die Gewerkschaft warnt die Bran… [+4491 chars]",,"IG Metall kündigt ""heißen Sommer"" für die Autobranche an. Mercedes-Beschäftigte in Deutschland protestieren heute gegen den verschärften Sparkurs des Autobauers. Aufgerufen hat dazu die IG Metall. Die Gewerkschaft warnt die Branche vor weiteren Aktionen.",IG Metall announces a “hot summer” for the automotive industry. Mercedes employees in Germany are protesting today against the car manufacturer's tightened austerity measures. IG Metall called for this. The union warns the industry against further actions.,"IG Metallum pro industria autocineti denuntiat ""aestatem calidam"". Mercedes operarii in Germania hodie protestantur contra mensuras austeritatis constrictas contra currus fabricantium. IG Metallum hoc vocatur. Unio industriam contra ulteriores actiones monet.",2026-07-12 21:00:02+00:00
d5a42fbf5a9829e020cfab863493ecc6,2026-07-03T14:49:41Z,'Sommer',www.faz.net,de,0.9,"Tipps der Redaktion: Diese Bücher, Filme und Alben empfehlen wir für den Sommer","Ob wir dieses Jahr wegfahren oder zu Hause bleiben – Bücher lesen, Musik hören und Filme anschauen werden wir auf jeden Fall. Dazu ein paar Empfehlungen.",https://www.faz.net/aktuell/feuilleton/debatten/der-sommer-ist-da-empfehlungen-der-redaktion-200987086.html,https://media0.faz.net/image/w1200h627/8d4e159bab26/w3445h1800x601y68o/202606/433e7713d6-707f-11f1-b408-0e47c4edc764/437713d6707f11f1b4080e47c4edc7.webp,,"Regina Schilling: „Ingeborg Bachmann – Jemand, der einmal ich war“. Jetzt im Kino. 
Der Regisseurin gelingt, zusammen mit Sandra Hüller, etwas sehr Besonderes. Sie schafft es, in einer Art Séance, … [+159 chars]",,"Tipps der Redaktion: Diese Bücher, Filme und Alben empfehlen wir für den Sommer. Ob wir dieses Jahr wegfahren oder zu Hause bleiben – Bücher lesen, Musik hören und Filme anschauen werden wir auf jeden Fall. Dazu ein paar Empfehlungen.","Editor's tips: We recommend these books, films and albums for the summer. Whether we go away this year or stay at home, we will definitely read books, listen to music and watch films. Here are a few recommendations.","Apicibus editoris: Commendamus hos libros, membranas et albums aestate. Utrum hoc anno abeamus vel domi manentes, libros certos legamus, musicam audi et membranas vigilate. Hic pauca sunt commendationes.",2026-07-12 21:00:02+00:00
9cac37011cb04d661e969fbb57a4ca84,2026-07-07T03:30:04Z,'Sommer',www.zeit.de,de,0.9,Campen im Sommer 2026: Campen mit Wohnmobil wird mancherorts im Norden teurer,Hier finden Sie Informationen zu dem Thema „Campen im Sommer 2026“. Lesen Sie jetzt „Campen mit Wohnmobil wird mancherorts im Norden teurer“.,https://www.zeit.de/news/2026-07/07/campen-mit-wohnmobil-wird-mancherorts-im-norden-teurer,https://img.zeit.de/news/2026-07/07/campen-mit-wohnmobil-wird-mancherorts-im-norden-teurer-image-group/wide__1300x731,http://web.archive.org/web/20260707043735/https://www.zeit.de/news/2026-07/07/campen-mit-wohnmobil-wird-mancherorts-im-norden-teurer,"Auf einigen Wohnwagen-Stellplätzen im Norden müssen Urlauber in diesem Jahr mehr zahlen, wenn sie hier in ihren Gefährten übernachten wollen. Auf manchen Plätzen in Schleswig-Holstein, Mecklenburg-Vo… [+2734 chars]",,Campen im Sommer 2026: Campen mit Wohnmobil wird mancherorts im Norden teurer. Hier finden Sie Informationen zu dem Thema „Campen im Sommer 2026“. Lesen Sie jetzt „Campen mit Wohnmobil wird mancherorts im Norden teurer“.,Camping in summer 2026: Camping with a motorhome will be more expensive in some places in the north. Here you will find information on the topic of “Camping in Summer 2026”. Now read “Camping with a motorhome is becoming more expensive in some places in the north”.,"Castra aestatis 2026: Castra cum motorhome in quibusdam locis septentrionis carior erunt. Hic informationes invenies in argumento ""Camping in Aestate 2026"". Nunc legitur ""Castra cum motorhome in locis septentrionis carior fit"".",2026-07-12 21:00:02+00:00
94890c7da7abda8845c0368fc1d257f3,2026-07-07T04:00:08Z,'Sommer',www.zeit.de,de,0.9,Campen im Sommer 2026: Einige Wohnmobil–Stellplätze an Elbe und Nordsee teurer,Hier finden Sie Informationen zu dem Thema „Campen im Sommer 2026“. Lesen Sie jetzt „Einige Wohnmobil–Stellplätze an Elbe und Nordsee teurer“.,https://www.zeit.de/news/2026-07/07/einige-wohnmobil-stellplaetze-an-elbe-und-nordsee-teurer,https://img.zeit.de/news/2026-07/07/einige-wohnmobil-stellplaetze-an-elbe-und-nordsee-teurer-image-group/wide__1300x731,,"Zahlreiche Stellplätze locken Urlauber mit ihren Wohnmobilen und Caravans in den Norden. Wer hier in seinem Reisegefährt übernachten möchte, muss dafür vielerorts jetzt mehr zahlen - auf einigen Plät… [+5571 chars]",,Campen im Sommer 2026: Einige Wohnmobil–Stellplätze an Elbe und Nordsee teurer. Hier finden Sie Informationen zu dem Thema „Campen im Sommer 2026“. Lesen Sie jetzt „Einige Wohnmobil–Stellplätze an Elbe und Nordsee teurer“.,Camping in summer 2026: Some motorhome pitches on the Elbe and North Sea are more expensive. Here you will find information on the topic of “Camping in Summer 2026”. Now read “Some motorhome parking spaces on the Elbe and North Sea are more expensive”.,"Castra aestiva 2026: Quaedam vocum motorhome in Albis et Mare septentrionalem cariora sunt. Hic informationes invenies in argumento ""Camping in Aestate 2026"". Nunc lege ""Quaedam spatia raedam motorhome in Mare Albis et Septentrionali cariora sunt"".",2026-07-12 21:00:02+00:00
6fa6d2892a851a621cd6490423f2b1c7,2026-07-07T17:00:32Z,'Sommer',stadt-bremerhaven.de,de,0.9,EnBW: Günstiger laden an eigenen Stationen im Sommer,"Kleine Sommeraktion für alle E-Auto-Fahrer, die mit der EnBW unterwegs sind: Der Energiekonzern dreht für eine begrenzte Zeit an der Preisschraube und startet eine Rabattaktion an den eigenen Ladesäulen. Vom 8. Juli bis zum 30. September 2026 gibt es einen...…",https://stadt-bremerhaven.de/enbw-guenstiger-laden-an-eigenen-stationen-im-sommer/,https://stadt-bremerhaven.de/wp-content/uploads/2024/12/20241213_bild-1_enbw-betreibt-als-erstes-unternehmen-mehr-als-6-000-ladepunkte_1734086778932.jpg.jpg,,"Kleine Sommeraktion für alle E-Auto-Fahrer, die mit der EnBW unterwegs sind: Der Energiekonzern dreht für eine begrenzte Zeit an der Preisschraube und startet eine Rabattaktion an den eigenen Ladesäu… [+1313 chars]",,"EnBW: Günstiger laden an eigenen Stationen im Sommer. Kleine Sommeraktion für alle E-Auto-Fahrer, die mit der EnBW unterwegs sind: Der Energiekonzern dreht für eine begrenzte Zeit an der Preisschraube und startet eine Rabattaktion an den eigenen Ladesäulen. Vom 8. Juli bis zum 30. September 2026 gibt es einen...…","EnBW: Cheaper charging at your own stations in summer. Small summer promotion for all electric car drivers who travel with EnBW: The energy company is increasing prices for a limited time and is launching a discount campaign at its own charging stations. From July 8th to September 30th, 2026 there is a...…","EnBW: Cheaper stationes tuas in aestate praecipiens. Parva aestas promotio pro omnibus exactoribus electricis cum EnBW proficiscentibus: Societas energiae ad tempus limitatum pretia augetur et expeditionem infringam in stationes suas incurrentes movet. A die 8 iulii ad diem 30 Septembris, anno 2026 a... est.",2026-07-12 21:00:02+00:00
a4b69547d9661034d627b8c5dfdfa16a,2026-07-09T04:59:54Z,'Sommer',www.zeit.de,de,0.9,Wetter: Sommer-Comeback in Niedersachsen - Bis zu 30 Grad am Samstag,Hier finden Sie Informationen zu dem Thema „Wetter“. Lesen Sie jetzt „Sommer-Comeback in Niedersachsen - Bis zu 30 Grad am Samstag“.,https://www.zeit.de/news/2026-07/09/sommer-comeback-in-niedersachsen-bis-zu-30-grad-am-samstag,https://img.zeit.de/news/2026-07/09/sommer-comeback-in-niedersachsen-bis-zu-30-grad-am-samstag-image-group/wide__1300x731,http://web.archive.org/web/20260709184451/https://www.zeit.de/news/2026-07/09/sommer-comeback-in-niedersachsen-bis-zu-30-grad-am-samstag,"Nach wechselhaftem Wetter kehrt in Niedersachsen und Bremen zum Ende der Woche der Sommer zurück. Während der Donnerstag vielerorts noch mit dichten Wolken beginnt, steigen die Temperaturen bis Samst… [+1395 chars]",,Wetter: Sommer-Comeback in Niedersachsen - Bis zu 30 Grad am Samstag. Hier finden Sie Informationen zu dem Thema „Wetter“. Lesen Sie jetzt „Sommer-Comeback in Niedersachsen - Bis zu 30 Grad am Samstag“.,Weather: Summer comeback in Lower Saxony - up to 30 degrees on Saturday. Here you will find information on the topic of “weather”. Now read “Summer comeback in Lower Saxony – up to 30 degrees on Saturday”.,"Tempestas: Reversio aestiva in Saxonia inferiori - usque ad 30 gradus die Sabbati. Hic informationes invenies in argumento ""tempestatis"". Nunc legitur ""Aestas in Saxonia inferiori - usque ad 30 gradus die Sabbati"".",2026-07-12 21:00:02+00:00
83547f52dc4c0502a83cfaad037a1538,2026-07-09T14:26:44Z,'Sommer',www.zeit.de,de,0.9,"Regierungserklärung: Als es heißt, »Sommer, Sonne, Sozialkahlschlag«, steht der Kanzler auf",Friedrich Merz will im Bundestag von seinen Reformen überzeugen und landet unversehens im Ostwahlkampf. Da wartet bereits die AfD.,https://www.zeit.de/politik/deutschland/2026-07/regierungserklaerung-friedrich-merz-bundestag-reformplaene-steuer-rente,https://img.zeit.de/politik/deutschland/2026-07/regierungserklaerung-friedrich-merz-bundestag-reformplaene-steuer-rente-bild/wide__1300x731,http://web.archive.org/web/20260709222215/https://www.zeit.de/politik/deutschland/2026-07/regierungserklaerung-friedrich-merz-bundestag-reformplaene-steuer-rente,"Der Kanzler kam in den Bundestag und suchte etwas, das er nicht bekommen sollte. »Sie müssten doch Beifall klatschen«, beschied er den zwischenrufenden Grünen, da ging es um eine neue Chipfabrik in D… [+725 chars]",,"Regierungserklärung: Als es heißt, »Sommer, Sonne, Sozialkahlschlag«, steht der Kanzler auf. Friedrich Merz will im Bundestag von seinen Reformen überzeugen und landet unversehens im Ostwahlkampf. Da wartet bereits die AfD.","Government statement: When it is said, “Summer, sun, social cuts,” the Chancellor stands up. Friedrich Merz wants to convince the Bundestag of his reforms and suddenly ends up in the Eastern election campaign. The AfD is already waiting there.","Regimen constitutionis: Cum dicitur, ""Aestas, sol, socialis secat"" Cancellarius stat. Friedrich Merz Bundestag suae reformationis persuadere vult et subito in expeditione orientalium electionis desinit. AfD iam illic exspectat.",2026-07-12 21:00:02+00:00
d178cf460e52ab5f23f3585e6d20f108,2026-07-10T03:34:41Z,'Sommer',www.tagesschau.de,de,0.9,Mindestens zwölf Tote bei Waldbrand im Süden Spaniens,"Trockenes Wetter, hohe Temperaturen: Immer wieder kommt es im Sommer in Spanien zu schweren Waldbränden. In Andalusien hat ein Brand nun mindestens zwölf Menschen das Leben gekostet.",https://www.tagesschau.de/ausland/europa/waldbrand-spanien-andalusien-100.html,https://images.tagesschau.de/image/9293545e-961e-4128-b3c3-ae566668f129/AAABmH7d9tM/AAABnSSvrFg/16x9-big/spanien-frankreich-tarifa-100.jpg?width=1280,,"Stand: 10.07.2026 05:34 Uhr
Trockenes Wetter, hohe Temperaturen: Immer wieder kommt es im Sommer in Spanien zu schweren Waldbränden. In Andalusien hat ein Brand nun mindestens zwölf Menschen das Leb… [+1614 chars]",,"Mindestens zwölf Tote bei Waldbrand im Süden Spaniens. Trockenes Wetter, hohe Temperaturen: Immer wieder kommt es im Sommer in Spanien zu schweren Waldbränden. In Andalusien hat ein Brand nun mindestens zwölf Menschen das Leben gekostet.","At least twelve dead in forest fire in southern Spain. Dry weather, high temperatures: Serious forest fires occur again and again in Spain in the summer. A fire in Andalusia has now claimed the lives of at least twelve people.","Saltem duodecim mortui sunt in silva ignis in Hispania australi. Siccitatem, aestus: graves silvae ignes in Hispania aestate iterum atque iterum occurrunt. Ignis in Baetica iam duodecim saltem animas asseruit.",2026-07-12 21:00:02+00:00
a31666505bfd092cfcb915e571dbfc37,2026-07-11T10:14:26Z,'Sommer',www.faz.net,de,0.9,Mode in Paris: Summer in the City,"Nach der Hitze ist der Pariser Sommer still, denn alle sind fort in den Ferien. Wir bleiben da. Und bringen Looks auf die Straßen.",https://www.faz.net/aktuell/besser-leben/stil/mode-in-paris-summer-in-the-city-201001598.html,https://media0.faz.net/image/w1200h627/ec368a303c07/w4492h2347x0y1428o/202607/43601.0.2305449977/4360102305449977.webp,http://web.archive.org/web/20260711185911/https://www.faz.net/aktuell/besser-leben/stil/mode-in-paris-summer-in-the-city-201001598.html,"Pythongeprägte Jacke aus grauem Soft-Lammleder im 80's-Fit von Mugler; Caprihose aus Baumwollpiqué in schmaler taillierter Silhouette, gefertigt aus einem invertierten Poloshirt mit klassischem Polok… [+40 chars]",,"Mode in Paris: Summer in the City. Nach der Hitze ist der Pariser Sommer still, denn alle sind fort in den Ferien. Wir bleiben da. Und bringen Looks auf die Straßen.","Fashion in Paris: Summer in the City. After the heat, the Parisian summer is quiet because everyone is away on vacation. We'll stay there. And bring looks to the streets.","Fashion in Lutetiae: Estas in urbe. Post aestus, aestas Parisina quieta est quia omnes ferias absunt. Nos ibi manebimus. Et ad plateas spectate.",2026-07-12 21:00:02+00:00
db3e1491f7e0fed98950e794b93977d8,2026-07-11T15:00:00Z,'Sommer',www.faz.net,de,0.9,"Ausstellung im Historischen Museum: Die Pest, die Börse und das „Jahr ohne Sommer“","Frankfurt und das Geld: Eine Ausstellung im Historischen Museum zeigt, wie sich in Münzen, Medaillen und Geldscheinen die Geschichte der vergangenen Jahrhunderte spiegelt.",https://www.faz.net/aktuell/rhein-main/frankfurt/frankfurt-und-das-geld-eine-ausstellung-im-historischen-museum-accg-200965728.html,https://media0.faz.net/image/w1200h627/79d8c0d03621/w3543h1851x0y403o/202606/43601.0.2276056408/alles-wird-teurer-auf-einer.webp,,"Das Historische Museum verfügt über eine einzigartige Münzsammlung, die 150.000 Objekte umfasst, auch Medaillen und Geldscheine. Ein Fundus, der nicht leicht zu heben ist mit Münzen, mit ihrer Herste… [+4470 chars]",,"Ausstellung im Historischen Museum: Die Pest, die Börse und das „Jahr ohne Sommer“. Frankfurt und das Geld: Eine Ausstellung im Historischen Museum zeigt, wie sich in Münzen, Medaillen und Geldscheinen die Geschichte der vergangenen Jahrhunderte spiegelt.","Exhibition in the Historical Museum: The Plague, the Stock Exchange and the “Year Without a Summer”. Frankfurt and money: An exhibition in the Historical Museum shows how the history of past centuries is reflected in coins, medals and banknotes.","Exhibitio in Museo Historico: Pestilentia, Stock Exchange et ""Annus Sine Aestiva"". Frankfurt et nummus: Exhibitio in Museo Historico ostendit quomodo historia saeculorum praeteritorum numismatis, numismatis et argentariis resultat.",2026-07-12 21:00:02+00:00
362aecdbf984d0baf507b3ebece035d1,2026-07-10T08:57:39Z,'Frühling',www.morgenpost.de,de,0.9,Das beste Eis in Berlin: Geheimtipps und Klassiker im Überblick,Welche Orte bieten das ultimative Eis-Erlebnis in Berlin? Diese Eisdielen versüßen Ihnen den Frühling – und enttäuschen garantiert nicht.,https://www.morgenpost.de/berlin/article401495374/eisdiele-bestes-eis-berlin-sommer-2026-test-ueberblick.html,https://img.sparknews.funkemedien.de/407124675/407124675_1724918707_v16_9_1600.jpeg,,<ul><li>In Berlin wird es sommerlich warm Zeit für eine kalte Abkühlung!</li><li>Wo gibt es in der Hauptstadt das beste Eis?</li><li>Wir haben die Adressen erstklassiger Eisdielen im Überblick</li></… [+4733 chars],,Das beste Eis in Berlin: Geheimtipps und Klassiker im Überblick. Welche Orte bieten das ultimative Eis-Erlebnis in Berlin? Diese Eisdielen versüßen Ihnen den Frühling – und enttäuschen garantiert nicht.,The best ice cream in Berlin: insider tips and classics at a glance. Which places offer the ultimate ice cream experience in Berlin? These ice cream parlors will sweeten your spring - and definitely won't disappoint.,Optimum glacies cremor in Berlin: insider apicibus et classicis ad aspectum. Quae loca ultimam glaciem cremor experientiam Berolini praebent? Hae conclavia glaciem cremor dulcem tuum vere - et certus non confundet.,2026-07-13 12:36:01+00:00
ffa4e87d17ba146e647d6be79a00a931,2026-07-11T13:51:01Z,'Blüte',www.diepresse.com,de,0.9,Zwischen Prater-Korso und Tour-Finale: Wiens bewegte Reise auf zwei Rädern [premium],"Wie das Fahrrad die Hauptstadt eroberte, wieder verdrängt wurde – und heute eine neue Blüte erlebt.",https://www.diepresse.com/35702169/zwischen-prater-korso-und-tour-finale-wiens-bewegte-reise-auf-zwei,https://img.diepresse.com/public/incoming/c9hil8-kein-titel/alternates/WEBP_WIDE_1200/kein%20Titel,http://web.archive.org/web/20260712032247/https://www.diepresse.com/35702169/zwischen-prater-korso-und-tour-finale-wiens-bewegte-reise-auf-zwei,"Die Tour of Austria rollt auf Wien zu, zum großen Finale ihrer Jubiläumsausgabe. Die 75. Österreich-Rundfahrt endet nach Langem wieder auf der Ringstraße (Sonntag 14 Uhr, live ORF1), im Zentrum der H… [+6153 chars]",,"Zwischen Prater-Korso und Tour-Finale: Wiens bewegte Reise auf zwei Rädern [premium]. Wie das Fahrrad die Hauptstadt eroberte, wieder verdrängt wurde – und heute eine neue Blüte erlebt.","Between the Prater parade and the tour finale: Vienna's eventful journey on two wheels [premium]. How the bicycle conquered the capital, was pushed out again - and is now experiencing a new heyday.","Inter Frater pompam et Peregrinationem finale: Viennense iter eveniens duabus rotis. Ut birota caput vicit, iterum eiectus est - et novum florem iam experitur.",2026-07-13 17:19:50+00:00
93c52ba33c16706e4eedc8455f2b5925,2026-07-12T03:00:00Z,'Blüte',www.diepresse.com,de,0.9,Hummeln: Im Nektar gibt’s eine Belohnung [premium],"Die großen Wildbienen profitieren beim Bestäuben von Blüten nicht nur vom Nektar für ihre Nachkommenschaft, sondern verbessern dank bestimmter Inhaltsstoffe auch ihre Leistungsfähigkeit und Gesundheit.",https://www.diepresse.com/36491289/hummeln-im-nektar-gibts-eine-belohnung,https://img.diepresse.com/public/incoming/plid7u-kein-titel/alternates/WEBP_WIDE_1200/kein%20Titel,,"Hummeln zählen zu den wichtigsten Bestäubern von Pflanzen. Diese großen Wildbienen kommen fast überall auf der Welt vor, vorwiegend in kühleren und gemäßigten Klimazonen. Sie fliegen schon bei deutli… [+2939 chars]",,"Hummeln: Im Nektar gibt’s eine Belohnung [premium]. Die großen Wildbienen profitieren beim Bestäuben von Blüten nicht nur vom Nektar für ihre Nachkommenschaft, sondern verbessern dank bestimmter Inhaltsstoffe auch ihre Leistungsfähigkeit und Gesundheit.","Bumblebees: There is a reward in the nectar [premium]. When pollinating flowers, the large wild bees not only benefit from the nectar for their offspring, but also improve their performance and health thanks to certain ingredients.","Bumblebees: Est merces in nectare. Cum tondendis floribus, apes silvestres magnae non solum a nectare sobolis prosunt, sed etiam operae et sanitatis gratia quibusdam medicamentis praestant.",2026-07-13 17:19:50+00:00
759b9228f58a96cc65616b0246ea48ef,2026-07-10T16:54:46Z,'Sommer',www.tagesschau.de,de,0.9,Wie Wärmepumpen auch kühlen können,"An heißen Sommertagen sorgt eine Klimaanlage für erträgliche Temperaturen. Doch auch eine moderne Wärmepumpe, die sonst zum Heizen dient, kann ein Haus kühlen. Diese Optionen gibt es. Von Daniel Peter.",https://www.tagesschau.de/wissen/technologie/waermepumpe-zum-kuehlen-100.html,https://images.tagesschau.de/image/2fe137f3-48b7-45e7-9315-23d0694ad5a9/AAABn0Xz3jY/AAABnSSvrFg/16x9-big/waermepumpe-264.jpg?width=1280,http://web.archive.org/web/20260710221003/https://www.tagesschau.de/wissen/technologie/waermepumpe-zum-kuehlen-100.html,"Stand: 10.07.2026 18:54 Uhr
An heißen Sommertagen sorgt eine Klimaanlage für erträgliche Temperaturen. Doch auch eine moderne Wärmepumpe, die sonst zum Heizen dient, kann ein Haus kühlen. Diese Opti… [+3623 chars]",,"Wie Wärmepumpen auch kühlen können. An heißen Sommertagen sorgt eine Klimaanlage für erträgliche Temperaturen. Doch auch eine moderne Wärmepumpe, die sonst zum Heizen dient, kann ein Haus kühlen. Diese Optionen gibt es. Von Daniel Peter.","How heat pumps can also cool. On hot summer days, air conditioning ensures bearable temperatures. But a modern heat pump, which is otherwise used for heating, can also cool a house. These options exist. By Daniel Peter.","Quomodo calor soleatus etiam refrigerare potest. Calidis aestatis diebus, aer condiciones temperaturas tolerabiles efficit. Sed recentioris caloris sentinam, quae aliter calefaciendi usus est, etiam domum refrigerare potest. Haec optiones existunt. Apud Danielem Petrum.",2026-07-13 21:05:31+00:00
9e1512a1cbf12ff7107f33bc59dbd9f7,2026-07-11T04:30:00Z,'Sommer',ct-uplink.podigee.io,de,0.9,﻿﻿﻿Mit verrückten Gadgets und Klimaanlagen-Tuning gegen die Hitzewelle | c’t uplink,"Der heißeste Juni in Europa seit Beginn der Wetteraufzeichnung. Der letzte Rekord ist erst vom Vorjahr. Sommerliche Hitzewellen sind längst auch in Deutschland Realität. Klimaanlagen, früher hierzulande eher verpönt, rücken deshalb immer stärker in den Fokus.…",https://ct-uplink.podigee.io/660-mit-verruckten-gadgets-und-klimaanlagen-tuning-gegen-die-hitzewelle-c-t-uplink,"https://images.podigee-cdn.net/0x,spsdbdC-1PW-58zHcA_TFtFa1dkRNyJXJ5-Mt-r7F0NE=/https://main.podigee-cdn.net/uploads/u13959/06cfc78b-6d2e-40ca-a329-6bb6dc5dc272.jpg",,"00:00:00: Mit Klimaanlang-Tuning und verrückten Gadgets gegen die Hitzewelle.
00:00:09: Hallo, mein Name ist Kevan Tonikaboni ich bin Redakteur bei der CT und begrüße euch zu einer neuen Folge von C… [+72998 chars]",,"﻿﻿﻿Mit verrückten Gadgets und Klimaanlagen-Tuning gegen die Hitzewelle | c’t uplink. Der heißeste Juni in Europa seit Beginn der Wetteraufzeichnung. Der letzte Rekord ist erst vom Vorjahr. Sommerliche Hitzewellen sind längst auch in Deutschland Realität. Klimaanlagen, früher hierzulande eher verpönt, rücken deshalb immer stärker in den Fokus.…","﻿﻿﻿Fight the heat wave with crazy gadgets and air conditioning tuning | c’t uplink. The hottest June in Europe since weather records began. The last record was just last year. Summer heat waves have long been a reality in Germany. Air conditioning, which used to be frowned upon in this country, is now becoming more and more important.…","Certa calor fluctus cum insanis gadgets et caeli condiciones tuning | c't uplink. Calidissimus mensis Iunii in Europa ex monumentis tempestatis incepit. Novissimus record annus proxime fuit. Aestas aestus in Germania res diu fuit. Caeli condiciones, quae in hac terra aspernari solebant, nunc magis ac magis fiunt.",2026-07-13 21:05:31+00:00
2c88c81855b33d880a24b2db3590c50f,2026-07-11T04:57:00Z,'Sommer',oe3.orf.at,de,0.9,Electric Love – Anstrengend wie Urlaub,"Für die einen ist das Electric Love wie Urlaub. Andere wiederum brauchen nach dem Electric Love Urlaub. Die Star-DJs arbeiten hart, um den Fans am Salzburgring eine unvergessliche Sommerparty zu bereiten. Der Sonne taugt’s, sie lacht dazu.",https://oe3.orf.at/stories/3054147/,https://tubestatic.orf.at/static/images/site/tube/20260728/vorlage_rolf_8.6045059.png,http://web.archive.org/web/20260711143244/https://oe3.orf.at/stories/3054147/,"Für die einen ist das Electric Love wie Urlaub. Andere wiederum brauchen nach dem Electric Love Urlaub. Die Star-DJs arbeiten hart, um den Fans am Salzburgring eine unvergessliche Sommerparty zu bere… [+3595 chars]",,"Electric Love – Anstrengend wie Urlaub. Für die einen ist das Electric Love wie Urlaub. Andere wiederum brauchen nach dem Electric Love Urlaub. Die Star-DJs arbeiten hart, um den Fans am Salzburgring eine unvergessliche Sommerparty zu bereiten. Der Sonne taugt’s, sie lacht dazu.","Electric Love – Exhausting like a vacation. For some, Electric Love is like a vacation. Others need a vacation after Electric Love. The star DJs work hard to give the fans at the Salzburgring an unforgettable summer party. It's good for the sun, it laughs too.","Electric Amor - Exhaustus quasi desidiam. Quibusdam, Electric Amor desidiam similem est. Alii otiandi post Electric Amorem egent. Stella DJs laborant ut ventilationes in Salzburgring inmemorabilis factio aestatis. Soli bonum est, etiam ridet.",2026-07-13 21:05:31+00:00
34092a9823a7c33e0ac4ee1a810c86fb,2026-07-11T05:00:00Z,'Sommer',science.orf.at,de,0.9,70 Prozent weniger Gelsen seit 2020,In Österreich steht in diesem Sommer voraussichtlich keine große Gelsenplage bevor. Denn in den vergangenen Jahren ging der Bestand der Hausgelse stark zurück. Als Grund gilt der Klimawandel.,https://science.orf.at/stories/3236389/,https://ibs.orf.at/science?image=https%3A%2F%2Ftubestatic.orf.at%2Fmims%2F2026%2F28%2F93%2Fcrops%2Fw%3D1200%2Ch%3D627%2Cq%3D75%2F3108169_master_1203893_adobestock_35871569.jpeg%3Fs%3Df5b6c027830b037b4e5fd628d42fb778ae43637f,,"Die Gemeine Hausgelse ist die am weitesten verbreitete Gelsenart in Österreich, rund 90 Prozent aller in Monitorings gezählten Stechmücken sind Hausgelsen. Allerdings sind ihre Vorkommen seit 2020 st… [+2364 chars]",,70 Prozent weniger Gelsen seit 2020. In Österreich steht in diesem Sommer voraussichtlich keine große Gelsenplage bevor. Denn in den vergangenen Jahren ging der Bestand der Hausgelse stark zurück. Als Grund gilt der Klimawandel.,"70 percent less gelsen since 2020. There is unlikely to be a major plague of gelsen in Austria this summer. In recent years, the population of house gels has declined sharply. The reason is climate change.","70 percent minus gelsen ab 2020. Verisimile est maiorem pestem gelsen in Austria hac aestate esse. Annis, multitudo domus nes acriter detrectavit. Ratio est mutatio climatis.",2026-07-13 21:05:31+00:00
e8005e5dc978248e65bcda5c831e4d82,2026-07-11T09:00:34Z,'Winter',news.samsung.com,de,0.9,Samsung bringt Galaxy Erlebnisse zur „BTS WORLD TOUR ARIRANG“ nach München,Als globaler Partner begleitet Samsung die „BTS WORLD TOUR ARIRANG“ und stellt rund um die beiden Konzerte in München am 11. und 12. Juli 2026 besondere,https://news.samsung.com/de/samsung-bringt-galaxy-erlebnisse-zur-bts-world-tour-arirang-nach-munchen,https://img.global.news.samsung.com/de/wp-content/uploads/2026/07/BTS-World-Tour-MUC_728.jpg,,Als globaler Partner begleitet Samsung die BTS WORLD TOUR ARIRANG und stellt rund um die beiden Konzerte in München am 11. und 12. Juli 2026 besondere Galaxy Erlebnisse in den Mittelpunkt. Samsung Ga… [+4105 chars],,Samsung bringt Galaxy Erlebnisse zur „BTS WORLD TOUR ARIRANG“ nach München. Als globaler Partner begleitet Samsung die „BTS WORLD TOUR ARIRANG“ und stellt rund um die beiden Konzerte in München am 11. und 12. Juli 2026 besondere,"Samsung brings Galaxy Experiences to the “BTS WORLD TOUR ARIRANG” in Munich. As a global partner, Samsung is accompanying the “BTS WORLD TOUR ARIRANG” and is presenting special events around the two concerts in Munich on July 11th and 12th, 2026","Samsung galaxia ad experientias affert ""BTS MUNDI ITER ARIRANG"" in Munich. Cum particeps globalis, Samsung comitatur ""BTS MUNDUM TOUR ARIRANG"" et speciales eventus praebet circa duos concentus Monacensis die 11 mensis Iulii et 12th, 2026",2026-07-13 21:05:31+00:00
5e22b7734148b53b01a7ffa4ffff5e6a,2026-07-11T12:25:07Z,'Sommer',www.faz.net,de,0.9,Hilfe bei Hitze: Besser schlafen mit Wärmflasche,"Dass alles, was wärmt, auch kühlen kann, ist in diesem Sommer eine wichtige Erkenntnis. Am besten, man nimmt gleich das ganze Eisfach mit ins Bett.",https://www.faz.net/aktuell/rhein-main/wirtschaft/tipps-gegen-die-hitze-warum-ausgerechnet-eine-waermflasche-helfen-kann-accg-200967311.html,https://media0.faz.net/image/w1200h627/0702b89bd94b/w5616h2934x0y405o/201307/431.0.42484450/haelt-nicht-nur-warm-sondern.webp,http://web.archive.org/web/20260712044010/https://www.faz.net/aktuell/rhein-main/wirtschaft/tipps-gegen-die-hitze-warum-ausgerechnet-eine-waermflasche-helfen-kann-accg-200967311.html,"Es gibt vermutlich so gut wie keinen Tipp, wie man trotz Hitze besser wohnen, arbeiten und schlafen kann, der in diesen Tagen noch nicht erzählt wurde. Man fühlt sich an die Corona-Zeit erinnert. All… [+2150 chars]",,"Hilfe bei Hitze: Besser schlafen mit Wärmflasche. Dass alles, was wärmt, auch kühlen kann, ist in diesem Sommer eine wichtige Erkenntnis. Am besten, man nimmt gleich das ganze Eisfach mit ins Bett.",Help in the heat: Sleep better with a hot water bottle. The fact that everything that warms can also cool is an important realization this summer. It's best to take the entire ice compartment with you to bed.,"Auxilium in æstu: melius dormies cum aqua calida utre. Quod omnia quae calefacit possunt etiam refrigerare, est momenti effectio hac aestate. Praestat ut integram cellulam glaciem tecum cubet.",2026-07-13 21:05:31+00:00
5cd35e003bc3c7074f43adbc035e1921,2026-07-13T10:38:48Z,'Sommer',www.faz.net,de,0.9,Blind Date (5): Ein Weltstar läuft wie ein Elch,"In Woche vier seines WM-Boykottversuchs kickt Andreas Merkel bei  Kalifornien, direkt neben Brasilien, diskutiert die Wirkung der WM auf den Sommer und erwartet Großes von Haaland.",https://www.faz.net/aktuell/sport/fussball-wm/fussball-wm-2026-warum-karl-ove-knausgard-den-spitznamen-elch-erhielt-accg-201021860.html,https://media0.faz.net/image/w1200h627/920a5f143e0c/w6012h3141x0y658o/202603/43601.0.1935105106/nur-in-gedanken-im-spiel-gegen.webp,,"In der vierten Turnierwoche macht die WM dem Ghostcoach einen Strich durch die Rechnung. Um 22.30 Uhr am Sonntag ruft Jan B., ehemaliger Coach der Autonama (Autorennationalmannschaft/d.Red), an. Er h… [+6184 chars]",,"Blind Date (5): Ein Weltstar läuft wie ein Elch. In Woche vier seines WM-Boykottversuchs kickt Andreas Merkel bei  Kalifornien, direkt neben Brasilien, diskutiert die Wirkung der WM auf den Sommer und erwartet Großes von Haaland.","Blind Date (5): A world star walks like a moose. In week four of his attempt to boycott the World Cup, Andreas Merkel is playing in California, right next to Brazil, discussing the impact of the World Cup on the summer and expecting big things from Haaland.","Blind Date (5): Mundus sidus ut alces ambulat. Septimana quattuor conatus suos boycott Mundi, Andreas Merkel ludit in California, iuxta Brasiliam, de ictum Calicem Mundi in aestate tractans et magnas res Haaland exspectans.",2026-07-14 16:21:19+00:00
3c2b557f3a1b5b49a8fc5d42230485f2,2026-07-13T11:10:41Z,'Sommer',www.diepresse.com,de,0.9,Social Media soll erst ab 13 Jahren erlaubt sein [premium],Eine von der EU-Kommission beauftragte Expertengruppe empfiehlt nach Alter gestaffelten Zugang zu sozialen Netzwerken. Die Kommission wird nach dem Sommer ihren Vorschlag vorlegen.,https://www.diepresse.com/36055424/social-media-soll-erst-ab-13-jahren-erlaubt-sein,https://img.diepresse.com/public/incoming/gye9p6-kein-titel/alternates/WEBP_WIDE_1200/kein%20Titel,,"Das EU-Verfahren gegen Meta, den Mutterkonzern von Instagram und Facebook, bei dem es um mangelnden Schutz jugendlicher User vor illegalen und schädlichen Inhalten geht, zieht sich bereits seit zwei … [+4276 chars]",,Social Media soll erst ab 13 Jahren erlaubt sein [premium]. Eine von der EU-Kommission beauftragte Expertengruppe empfiehlt nach Alter gestaffelten Zugang zu sozialen Netzwerken. Die Kommission wird nach dem Sommer ihren Vorschlag vorlegen.,Social media should only be allowed from the age of 13 [premium]. A group of experts commissioned by the EU Commission recommends access to social networks based on age. The Commission will present its proposal after the summer.,Socialia media tantum a saeculo XIII [premium] concedi debent. Coetus a Commissione UE commissarius peritorum accessum ad retia socialia secundum aetatem suadet. Commissio propositum suum post aestatem exhibebit.,2026-07-14 16:21:19+00:00
9532bf73696b1b198a4ec30f13f796f1,2026-07-13T12:00:00Z,'Sommer',www.freitag.de,de,0.9,Sommersonne | War die Reisefreiheit in der DDR größer als im Westen? Diese spannende Zahl spricht dafür,"Die Paradoxie der Reisefreiheit in Ost und West: Während die DDR-Bürger 1989 Reiseweltmeister waren, stehen heute finanzielle und politische Hürden im Weg. Ist unsere Freiheit wirklich grenzenlos? In meiner Kindheit, in den 1990er-Jahren im tiefen Südwesten D…",https://www.freitag.de/autoren/cbaron/christian-baron-reisefreiheit-was-die-ddr-dem-westen-voraus-hatte,https://www.freitag.de/autoren/cbaron/christian-baron-reisefreiheit-was-die-ddr-dem-westen-voraus-hatte/@@images/social_image,,"In meiner Kindheit, in den 1990er-Jahren im tiefen Südwesten Deutschlands, stand bei uns im Kinderzimmer ein alter Globus. Zunächst schenkte ich ihm kaum Beachtung, warf höchstens mal einen Blick dra… [+4827 chars]",,"Sommersonne | War die Reisefreiheit in der DDR größer als im Westen? Diese spannende Zahl spricht dafür. Die Paradoxie der Reisefreiheit in Ost und West: Während die DDR-Bürger 1989 Reiseweltmeister waren, stehen heute finanzielle und politische Hürden im Weg. Ist unsere Freiheit wirklich grenzenlos? In meiner Kindheit, in den 1990er-Jahren im tiefen Südwesten D…","Summer sun | Was freedom of travel greater in the GDR than in the West? This exciting number speaks for it. The paradox of freedom to travel in East and West: While the GDR citizens were world travel champions in 1989, today there are financial and political hurdles in the way. Is our freedom really limitless? In my childhood, in the 1990s in the deep southwest of Germany...","Sol aestas | Fuitne libertas peregrinationis maior in GDR quam in Occidente? Hic numerus excitando loquitur pro eo. Paradoxum libertatis ad iter faciendum in Oriente et in Occidente: Dum GDR cives mundi socii in anno 1989 erant, hodie in viis crates oeconomicae et politicae sunt. Estne nostra libertas vere infinita? In adulescentia mea, in 1990s in profundo Africo Germaniae...",2026-07-14 16:21:19+00:00
3fceac3aad96a8ed84371792e567008f,2026-07-13T12:20:00Z,'Sommer',www.gamestar.de,de,0.9,Deals: Bis -20 Grad! - Abkühlung trotz Hitzewelle: Der vielleicht coolste Deal des Sommers ist zurück,"Wenn die Temperatur der Cola an herzhafte Erbsensuppe erinnert, wird es Zeit für eine Kühlbox: Brandson hat da gerade ein spannendes Angebot bei Amazon.","https://www.gamestar.de/artikel/abkuehlung-trotz-hitzewelle-brandson-kuehlbox-cooler-deal-amazon-sommer,3456243.html",https://images.cgames.de/images/gamestar/293/brandson-kühlbox-deal-teaser_6428805.jpg,,"Jahrelang habe ich es ohne ausgehalten, aber 2026 war es endlich so weit: Eine hochwertige Kühlbox liefert mir kalte Getränke und es ist wirklich ein Gamechanger!
Der Sommer 2026 gibt sich ernsthaft… [+4485 chars]",,"Deals: Bis -20 Grad! - Abkühlung trotz Hitzewelle: Der vielleicht coolste Deal des Sommers ist zurück. Wenn die Temperatur der Cola an herzhafte Erbsensuppe erinnert, wird es Zeit für eine Kühlbox: Brandson hat da gerade ein spannendes Angebot bei Amazon.","Deals: Up to -20 degrees! - Cooling down despite the heat wave: Perhaps the coolest deal of the summer is back. If the temperature of the cola reminds you of hearty pea soup, it's time for a cool box: Brandson has an exciting offer on Amazon right now.","Agit: Sursum ad -20 gradus! — Refrigerant obstante aestu unda: Forsan frigidissima pars aestatis retro est. Cum temperatura cola in pulmenti pisi te admonet, tempus est pro arca frigido: Brandsonus oblatum in Amazonibus nunc excitans habet.",2026-07-14 16:21:19+00:00
9f4c27cef0a901b9fa18bfdf5fc30760,2026-07-13T12:20:01Z,'Sommer',www.tagesspiegel.de,de,0.9,DLR-Studie: Flüge immer teurer – Airlines dünnen Flugplan aus,Flüge in die Sommerferien sind für die Kunden teurer geworden – selbst bei sogenannten Billigfliegern. Warum das Angebot von Ryanair und Co. immer kleiner und kostspieliger wird.,https://www.tagesspiegel.de/wirtschaft/dlr-studie-fluge-immer-teurer--airlines-dunnen-flugplan-aus-15834118.html,https://www.tagesspiegel.de/images/15834117/alternates/BASE_16_9_W1400/1783945201000/flughafen-frankfurt.jpeg,,"Flugreisen sind für deutsche Verbraucher im laufenden Sommer erneut teurer geworden. Selbst bei sogenannten Billigfliegern wurden noch einmal deutlich höhere Preise aufgerufen, wie aus der regelmäßig… [+5506 chars]",,DLR-Studie: Flüge immer teurer – Airlines dünnen Flugplan aus. Flüge in die Sommerferien sind für die Kunden teurer geworden – selbst bei sogenannten Billigfliegern. Warum das Angebot von Ryanair und Co. immer kleiner und kostspieliger wird.,DLR study: Flights are becoming more and more expensive – airlines are thinning out their flight schedules. Flights for the summer holidays have become more expensive for customers - even with so-called low-cost airlines. Why Ryanair and Co.'s offerings are becoming smaller and more expensive.,"DLR studium: Volatus magis magisque sumptuosiores fiunt – arcus fugae eorum cedulas extenuant. Volatus feriae aestivae pro clientibus pretiosiores facti sunt - etiam cum airlines ut aiunt, humilis sumptus. Quare oblationes Ryanair et Co minora et pretiosiora fiunt.",2026-07-14 16:21:19+00:00
94d2199dc9bf701ba709a418f551824d,2026-07-13T12:24:16Z,'Sommer',www.welt.de,de,0.9,Die entlarvende Sehnsucht nach Hitze,Millionen Deutsche brechen im Sommer in Mittelmeerregionen auf – begleitet von Horrormeldungen über Hitzetote hierzulande. Die fast drei Jahre höhere Lebenserwartung von Italienern und Spaniern verdeutlicht Deutschlands Versagen im Hitzeschutz.,https://www.welt.de/debatte/plus6a54955736e98236c4bc6ee8/hitze-deutschland-schwitzt-der-sueden-lebt-laenger-was-beim-hitzeschutz-schieflaeuft.html,https://images.welt.de/6a54955736e98236c4bc6ee8/fbea398285202706593409fc6307b0fd/ci16x9-w1200/dpa-com-260624-936-23684-jpg,,Die WELT als ePaper: Die vollständige Ausgabe steht Ihnen bereits am Vorabend zur Verfügung so sind Sie immer hochaktuell informiert. Weitere Informationen https://epaper.welt.de,,Die entlarvende Sehnsucht nach Hitze. Millionen Deutsche brechen im Sommer in Mittelmeerregionen auf – begleitet von Horrormeldungen über Hitzetote hierzulande. Die fast drei Jahre höhere Lebenserwartung von Italienern und Spaniern verdeutlicht Deutschlands Versagen im Hitzeschutz.,The revealing longing for heat. Millions of Germans head to Mediterranean regions in the summer – accompanied by horror reports of heat-related deaths in this country. The almost three-year increase in life expectancy of Italians and Spaniards highlights Germany's failure to protect against heat.,Desiderium caloris revelatio. Milia Germanorum caput ad regiones Mediterraneas aestate - cum horrore relationum de mortibus in hac regione actis caloris. Prope triennium aucta vitae exspectatio Italici et Hispani defectum Germaniae contra calorem tuendi effert.,2026-07-14 16:21:19+00:00
25266052c8d17f21aaef8cc04f8c6a1d,2026-07-13T12:24:34Z,'Sommer',www.bild.de,de,0.9,Tipps für den Sommer - So überlebt das Handy hohe Temperaturen,"Im Sommer kann Hitze Smartphones dauerhaft beschädigen. Experten erklären, warum das Auto besonders gefährlich ist und was wirklich hilft.",https://www.bild.de/leben-wissen/digital/tipps-fuer-den-sommer-so-ueberlebt-das-handy-hohe-temperaturen-6a3e57b12bb1afe8aa3cc1fc,"https://images.bild.de/6a3e57b12bb1afe8aa3cc1fc/fb273349372e4239b4c0e06128cac3e6,7cc24c85?w=1280",,"Hohe Temperaturen setzen nicht nur Menschen zu, sondern auch Smartphones, Tablets und Laptops. Experten warnen: Vor allem im Auto kann es für die Geräte gefährlich werden. Im Sommer steigt die Temper… [+2009 chars]",,"Tipps für den Sommer - So überlebt das Handy hohe Temperaturen. Im Sommer kann Hitze Smartphones dauerhaft beschädigen. Experten erklären, warum das Auto besonders gefährlich ist und was wirklich hilft.","Tips for summer - How to survive high temperatures In summer, heat can permanently damage smartphones. Experts explain why cars are particularly dangerous and what really helps.","Apicibus aestivis - Quomodo superesse altum temperaturis Aestate, calor perpetuo nocere potest Suspendisse potenti. Periti explicant cur cars praecipue sint periculosae et quid revera adiuvant.",2026-07-14 16:21:19+00:00
a81989826590df037ab550f6f986a0d8,2026-07-02T15:32:59Z,'Sommer',kaernten.orf.at,de,0.9,ÖSV-Stars trainieren am Wörthersee,"Wasser statt Schnee heißt es diese Woche für die Skistars des ÖSV. Die Technikspezialisten absolvieren am Wörthersee ein Trainingslager. Abseits der sonst schweißtreibenden und anstrengenden Sommervorbereitung , versuchen sich Marco Schwarz, Manuel Feller und…",https://kaernten.orf.at/stories/3360981/,https://ibs.orf.at/ktn?image=https%3A%2F%2Foekastatic.orf.at%2Fmims%2F2026%2F27%2F39%2Fcrops%2Fw%3D1200%2Ch%3D627%2Cq%3D75%2F3098256_master_1199939_kh_cf_oesv_sommercamp_260702_00_00_08_08.jpg%3Fs%3Dd4b8d69187768b4a0beefec4751ff6ee0293fe87,http://web.archive.org/web/20260703071829/https://kaernten.orf.at/stories/3360981/,"Pumpfoil heißt die Sportart, die die heimischen Skiprofis am Wörthersee lernen. Im Vergleich zu den Leistungen am Schnee klappt es zwar noch nicht so gut, aber mit viel Übung und Talent sieht es bei … [+2572 chars]",,"ÖSV-Stars trainieren am Wörthersee. Wasser statt Schnee heißt es diese Woche für die Skistars des ÖSV. Die Technikspezialisten absolvieren am Wörthersee ein Trainingslager. Abseits der sonst schweißtreibenden und anstrengenden Sommervorbereitung , versuchen sich Marco Schwarz, Manuel Feller und…","ÖSV stars train at Lake Wörthersee. Water instead of snow is the name of the game for the ÖSV ski stars this week. The technology specialists complete a training camp at Lake Wörthersee. Aside from the otherwise sweaty and strenuous summer preparation, Marco Schwarz, Manuel Feller and...","SV stellae agmine ad lacum Wörthersee. Aqua pro nivis nomen ludi pro SV ski stellae hac septimana est. Artificia technicae disciplina castra apud lacum Wörthersee absolvunt. Praeterquam aliter aestuosi ac strenui praeparationis aestatis, Marcus Schwarz, Manuel Feller et...",2026-07-14 21:07:31+00:00
335b95bb450394ca2da2e728d20498e6,2026-07-02T17:00:00Z,'Sommer',wien.orf.at,de,0.9,Asbestproben im Labor: Ergebnis im Sommer,"Nach den Asbestfunden in Liesing herrscht im angrenzenden Wohngebiet Beunruhigung. Im Labor werden nun erste Proben untersucht, mit Ergebnissen ist aber erst im Laufe des Sommers zu rechnen. Unterdessen wurden Greenpeace fünf weitere Verdachtsfälle gemeldet.",https://wien.orf.at/stories/3361014/,https://ibs.orf.at/wie?image=https%3A%2F%2Foekastatic.orf.at%2Fmims%2F2026%2F27%2F91%2Fcrops%2Fw%3D1200%2Ch%3D627%2Cq%3D75%2F3098406_master_1199991_downloadmedium.jpg%3Fs%3D6559a22125f43d04ef720f8936e41456f2909e53,,"Seitens der Stadt Wien hieß es, es seien Proben von allen acht Verdachtsflächen ins Labor gekommen. Zunächst würden Proben von Greenpeace untersucht. Ergebnisse sollen demnach erst im Laufe des Somme… [+1933 chars]",,"Asbestproben im Labor: Ergebnis im Sommer. Nach den Asbestfunden in Liesing herrscht im angrenzenden Wohngebiet Beunruhigung. Im Labor werden nun erste Proben untersucht, mit Ergebnissen ist aber erst im Laufe des Sommers zu rechnen. Unterdessen wurden Greenpeace fünf weitere Verdachtsfälle gemeldet.","Asbestos samples in the laboratory: results in summer. Following the discovery of asbestos in Liesing, there is concern in the neighboring residential area. The first samples are now being examined in the laboratory, but results are not expected until the course of the summer. Meanwhile, five more suspected cases were reported to Greenpeace.","Asbesto exemplaria in officina: aestate consequitur. Post asbesto inventio in Liesing cura in vicinia residentiali area est. Prima exemplaria in officina nunc examinantur, sed eventus non exspectantur nisi decursum aestatis. Interim quinque casus suspectiores ad Greenpacium delati sunt.",2026-07-14 21:07:31+00:00
12ca740b79bc1ad2d50526f63dbdfc40,2026-07-03T08:57:28Z,'Schnee',steiermark.orf.at,de,0.9,Rekordverluste bei Gletschern und Eis,"Der kürzlich erschienene Kryosphärenbericht zeichnet ein tragisches Bild von den heimischen Wintern. Die steigenden Temperaturen wirken sich demnach dramatisch auf Gletscher, Permafrost, Schneebedeckung und das Zufrieren von Seen aus. An der Uni Graz spricht …",https://steiermark.orf.at/stories/3361105/,https://ibs.orf.at/stm?image=https%3A%2F%2Foekastatic.orf.at%2Fmims%2F2019%2F36%2F48%2Fcrops%2Fw%3D1200%2Ch%3D627%2Cq%3D75%2F287295_master_88148_apathemenbild_steiermark-wahl_laenderportraet_dachstein_.jpg%3Fs%3D01b8c8fbe682517d3afc4647c01dcbf6e6bfce83,http://web.archive.org/web/20260704045940/https://steiermark.orf.at/stories/3361105/,"Der Begriff Kryosphäre bezeichnet jene Bereiche der Erdoberfläche, in denen Wasser als Schnee oder Eis vorkommt. Der neue Bericht des Kryosphären Monitoring Österreich fasst die Messergebnisse der Ja… [+2445 chars]",,"Rekordverluste bei Gletschern und Eis. Der kürzlich erschienene Kryosphärenbericht zeichnet ein tragisches Bild von den heimischen Wintern. Die steigenden Temperaturen wirken sich demnach dramatisch auf Gletscher, Permafrost, Schneebedeckung und das Zufrieren von Seen aus. An der Uni Graz spricht …","Record losses of glaciers and ice. The recently published cryosphere report paints a tragic picture of domestic winters. Rising temperatures are having a dramatic impact on glaciers, permafrost, snow cover and the freezing of lakes. At the University of Graz...","Recorda damna molibus et glaciei. Cryosphaera nuper edita fama tragicam hiemem domesticarum picturam depingit. Temperaturae surgentes habent impulsum dramaticum in molibus, permafrost, nix operimentum et congelatio lacus. Apud universitatem Graz...",2026-07-14 21:07:31+00:00
e19d09d7d2b0f729bf81a1731c0e1249,2026-07-03T16:45:19Z,'Schnee',www.kino-zeit.de,de,0.9,Sonnentanz im Schnee - Sundance-Telegramm Nr. 1,"Features

 

 
 




 
 Andreas Köhnemann

 
 Das Egyptian Theatre in Park City; Copyright: Andreas Köhnemann

 
 






Es ist Januar – und das bedeutet seit mehr als drei Dekaden: It&#8217;s time for Sundancing! Am 21. Januar 2016 wurde das diesjährige S…",https://www.kino-zeit.de/news-features/features/sonnentanz-im-schnee-sundance-telegramm-nr-1,https://www.kino-zeit.de/sites/default/files/styles/grosse_klickstrecke_940x530_/public/news/blogbild38445.JPG?itok=usrsxhrG,http://web.archive.org/web/20260709085513/https://www.kino-zeit.de/news-features/features/sonnentanz-im-schnee-sundance-telegramm-nr-1,Vom 21. bis zum 31. Januar 2016 findet das SundanceFilmFestival wie gewohnt im US-Bundesstaat Utah statt: Abermals verwandelt sich die Wintersport-Gemeinde Park City für elf Tage in den zentralen Ort… [+4513 chars],,"Sonnentanz im Schnee - Sundance-Telegramm Nr. 1. Features

 

 
 




 
 Andreas Köhnemann

 
 Das Egyptian Theatre in Park City; Copyright: Andreas Köhnemann

 
 






Es ist Januar – und das bedeutet seit mehr als drei Dekaden: It&#8217;s time for Sundancing! Am 21. Januar 2016 wurde das diesjährige S…","Sun Dance in the Snow - Sundance Telegram #1. Features

 

 
 




 
 Andreas Köhnemann

 
 The Egyptian Theater in Park City; Copyright: Andreas Köhnemann

 
 






It's January - and for more than three decades that has meant: It's time for Sundancing! On January 21, 2016, this year's...","Sol Saltatio in Nivis - Sundance Telegram #1. Features

 

 
 




 
 Andreas Köhnemann

 
 Theatre Aegyptium in urbe Park; Copyright: Andreas Köhnemann

 
 






Ianuarii est - et plus quam tres decennia significavit: Tempus est Sundancing! Die XXI mensis Ianuarii anno MMXVI, hoc anno...",2026-07-14 21:07:31+00:00
a3fd7f2f03c858cfe3e2fd3f699214d8,2026-07-07T18:15:29Z,'Winter',www.bild.de,de,0.9,Biathletin und Langläufer - Neues Liebespaar im Wintersport,Die norwegische Biathletin Juni Arenkleiv (27) hat ihre Beziehung zu dem Ski-Langläufer Aron Aakre Rysstadt (27) öffentlich bekanntgemacht.,https://www.bild.de/sport/mehr-sport/biathlon-star-liebt-ski-langlaeufer-neues-traumpaar-des-wintersports-6a4cf783cc64e7e4fc39ae17,"https://images.bild.de/6a4cf783cc64e7e4fc39ae17/5c7088a289a23e934f20f8fc3a8381c2,275be3b3?w=1280",http://web.archive.org/web/20260709003135/https://www.bild.de/sport/mehr-sport/biathlon-star-liebt-ski-langlaeufer-neues-traumpaar-des-wintersports-6a4cf783cc64e7e4fc39ae17,TTS-Player überspringenArtikel weiterlesenLässt diese Liebe im Winter den Schnee schmelzen? Die norwegische Biathletin Juni Arenkleiv (27) hat ihre Beziehung zu dem Ski-Langläufer Aron Aakre Rysstad … [+2039 chars],,Biathletin und Langläufer - Neues Liebespaar im Wintersport. Die norwegische Biathletin Juni Arenkleiv (27) hat ihre Beziehung zu dem Ski-Langläufer Aron Aakre Rysstadt (27) öffentlich bekanntgemacht.,Biathlete and cross-country skier - new lovers in winter sports. Norwegian biathlete Juni Arenkleiv (27) has made her relationship with cross-country skier Aron Aakre Rysstadt (27) public.,Biathlete et transversis limitibus nauta - amantes novi in ​​ludis hiemalibus. Norvegica biathleta Iunii Arenkleiv (27) affinitatem suam cum transversis regione nauta Aron Aakre Rysstadt (27) publicavit.,2026-07-14 21:07:31+00:00
1151628151c97575ab8cf925302ce156,2026-07-12T10:03:08Z,'Ernte',www.zeit.de,de,0.9,Landwirtschaft: Heuballenpresse brennt bei Ernte – 350.000 Euro Schaden,Hier finden Sie Informationen zu dem Thema „Landwirtschaft“. Lesen Sie jetzt „Heuballenpresse brennt bei Ernte – 350.000 Euro Schaden“.,https://www.zeit.de/news/2026-07/12/heuballenpresse-brennt-bei-ernte-350-000-euro-schaden,https://img.zeit.de/news/2026-07/12/heuballenpresse-brennt-bei-ernte-350-000-euro-schaden-image-group/wide__1300x731,,Bei Feldarbeiten ist eine Heuballenpresse bei Aulendorf (Kreis Ravensburg) in Flammen aufgegangen. Der 22 Jahre alte Fahrer des Traktors bemerkte das Feuer während der Ernte am Samstag und fuhr von d… [+717 chars],,Landwirtschaft: Heuballenpresse brennt bei Ernte – 350.000 Euro Schaden. Hier finden Sie Informationen zu dem Thema „Landwirtschaft“. Lesen Sie jetzt „Heuballenpresse brennt bei Ernte – 350.000 Euro Schaden“.,"Agriculture: Hay baler burns during harvest - 350,000 euros in damage. Here you will find information on the topic of “Agriculture”. Now read “Hay baler burns during harvest – 350,000 euros in damage”.","Agriculture: Hay baler in messe ardet - 350,000 nummis in damno. Hic informationes invenies in argumento ""Agricolae"". Nunc legitur ""Hay baler urit in messe - 350,000 nummis in damnum"".",2026-07-15 11:41:08+00:00
af99c4613f5abea5d7f4d92abf6715e7,2026-07-12T11:06:25Z,'Spätfrost',kaernten.orf.at,de,0.9,Durchwachsene Beerenernte,"Die Obstbauern in Kärnten haben in diesem Jahr mit Herausforderungen wie einem trockenen Frühjahr, Spätfrost im Mai und einer Hitzewelle zu kämpfen. Laut der Landwirtschaftskammer sind die bisherigen Erträge unterdurchschnittlich, insbesondere für Betriebe oh…",https://kaernten.orf.at/stories/3362326/,https://ibs.orf.at/ktn?image=https%3A%2F%2Foekastatic.orf.at%2Fmims%2F2026%2F29%2F36%2Fcrops%2Fw%3D1200%2Ch%3D627%2Cq%3D75%2F3110389_master_1204836_kh_durchwachsene_beerenernte_cf_260710_00_00_57_18.jpg%3Fs%3Dc109674b176b8330db96e5b690eda7f7301c321f,http://web.archive.org/web/20260713071639/https://kaernten.orf.at/stories/3362326/,"In der Kärntner Früchtewelt in Ebenthal beginnt die Heidelbeersaison. Auf fünf Hektar wachsen Tausende Sträucher, gut geschützt vor Hagel und Vögeln. Seit zehn Jahren baut Familie Matschnig Heidelbee… [+1780 chars]",,"Durchwachsene Beerenernte. Die Obstbauern in Kärnten haben in diesem Jahr mit Herausforderungen wie einem trockenen Frühjahr, Spätfrost im Mai und einer Hitzewelle zu kämpfen. Laut der Landwirtschaftskammer sind die bisherigen Erträge unterdurchschnittlich, insbesondere für Betriebe oh…","Mixed berry harvest. This year, fruit growers in Carinthia have to contend with challenges such as a dry spring, late frost in May and a heat wave. According to the Chamber of Agriculture, previous yields are below average, especially for farms without...","Mixta bacca messis. Hoc anno, fructus elit in Carinthia habent certare provocationes sicut fons siccus, nuper gelu in Maio et aestus unda. Iuxta cameram agriculturae prior fructus mediocris infra sunt, praesertim praedia sine...",2026-07-15 11:41:08+00:00
de12bfcad989e4d486bb9b4b27f03f85,2026-07-12T18:52:54Z,'Ernte',www.tagesschau.de,de,0.9,Feuerwehr kämpft in mehreren Bundesländern gegen Wald- und Feldbrände,In mehreren Bundesländern kämpft die Feuerwehr gegen Brände - teilweise führen wenige Funken bei der Ernte zu Großeinsätzen. Auch in Wäldern ist wegen der Trockenheit besondere Vorsicht geboten.,https://www.tagesschau.de/inland/gesellschaft/feuer-hitze-waldbrand-100.html,https://images.tagesschau.de/image/2dfc172e-0252-405a-a50d-35f48defa987/AAABn1es3GE/AAABnSSvrFg/16x9-big/feldbrand-186.jpg?width=1280,http://web.archive.org/web/20260712193825/https://www.tagesschau.de/inland/gesellschaft/feuer-hitze-waldbrand-100.html,"Stand: 12.07.2026 20:52 Uhr
In mehreren Bundesländern kämpft die Feuerwehr gegen Brände - teilweise führen wenige Funken bei der Ernte zu Großeinsätzen. Auch in Wäldern ist wegen der Trockenheit bes… [+2150 chars]",,Feuerwehr kämpft in mehreren Bundesländern gegen Wald- und Feldbrände. In mehreren Bundesländern kämpft die Feuerwehr gegen Brände - teilweise führen wenige Funken bei der Ernte zu Großeinsätzen. Auch in Wäldern ist wegen der Trockenheit besondere Vorsicht geboten.,Fire departments are fighting forest and field fires in several federal states. The fire brigade is fighting fires in several federal states - sometimes just a few sparks during the harvest lead to large-scale operations. Particular caution is also required in forests due to the dryness.,Incendia silvarum et campi incendia in pluribus civitatibus foederatis pugnant. LEGIO Ignis in pluribus civitatibus foederatis pugnatur incendiis - interdum paucae scintillae in messe ducunt ad magnas operationes. Cautio particularis etiam requiritur in silvis propter siccitatem.,2026-07-15 11:41:08+00:00
a9d53de64728f3a962b83522467eada5,2026-07-12T22:45:17Z,'Ernte',www.zeit.de,de,0.9,Landkreis Nordwestmecklenburg: Mitten bei der Ernte: Mähdrescher geht in Flammen auf,Hier finden Sie Informationen zu dem Thema „Landkreis Nordwestmecklenburg“. Lesen Sie jetzt „Mitten bei der Ernte: Mähdrescher geht in Flammen auf“.,https://www.zeit.de/news/2026-07/13/mitten-bei-der-ernte-maehdrescher-geht-in-flammen-auf,https://img.zeit.de/news/2026-07/13/mitten-bei-der-ernte-maehdrescher-geht-in-flammen-auf-image-group/wide__1300x731,http://web.archive.org/web/20260712233636/https://www.zeit.de/news/2026-07/13/mitten-bei-der-ernte-maehdrescher-geht-in-flammen-auf,Ein Mähdrescher ist während Erntearbeiten im Landkreis Nordwestmecklenburg in Flammen aufgegangen und hat dem Besitzer einen Schaden von geschätzt einer halben Million Euro beschert. Als Einsatzkräft… [+568 chars],,Landkreis Nordwestmecklenburg: Mitten bei der Ernte: Mähdrescher geht in Flammen auf. Hier finden Sie Informationen zu dem Thema „Landkreis Nordwestmecklenburg“. Lesen Sie jetzt „Mitten bei der Ernte: Mähdrescher geht in Flammen auf“.,Northwest Mecklenburg District: In the middle of the harvest: combine harvester bursts into flames. Here you will find information on the topic “Northwest Mecklenburg District”. Read “In the middle of the harvest: Combine harvester bursts into flames” now.,"Northwest Mecklenburg District: In medio messis: miscere messor arsit. Hic informationes invenies in themate ""Northwest Mecklenburg District."" Lege ""In media messis: Miscere arsit messor"" nunc.",2026-07-15 11:41:08+00:00
5cd1b2dcd1860a01083eafbf82b4f3e4,2026-07-13T04:19:31Z,'Ernte',kaernten.orf.at,de,0.9,Ein gutes Jahr für den Honig,"Für alle Honigliebhaberinnen ist 2026 ein gutes Jahr. Der Blütenreichtum sorgt für eine gute, ertragreiche Ernte der Imker. Ein Ertrag von mindestens 25 Kilogramm pro Stock wird erwartet, wobei die Erträge im Westen höher ausfallen könnten. Der empfohlene Pre…",https://kaernten.orf.at/stories/3362325/,https://ibs.orf.at/ktn?image=https%3A%2F%2Foekastatic.orf.at%2Fmims%2F2025%2F28%2F48%2Fcrops%2Fw%3D1200%2Ch%3D627%2Cq%3D75%2F2695880_master_1037548_kh_insert_honigernte_250711_00_01_26_17.jpg%3Fs%3D8968863c08e7a576ad809ff9280d835baf39eb02,http://web.archive.org/web/20260714015806/https://kaernten.orf.at/stories/3362325/,"In Kärnten gibt es heuer, ähnlich wie im Vorjahr, insgesamt gute Erträge, wobei im Osten zum zweiten Mal in Folge ebenfalls gute Ergebnisse erzielt werden. Der Ertrag pro Stock beträgt mindestens 25 … [+1421 chars]",,"Ein gutes Jahr für den Honig. Für alle Honigliebhaberinnen ist 2026 ein gutes Jahr. Der Blütenreichtum sorgt für eine gute, ertragreiche Ernte der Imker. Ein Ertrag von mindestens 25 Kilogramm pro Stock wird erwartet, wobei die Erträge im Westen höher ausfallen könnten. Der empfohlene Pre…","A good year for honey. 2026 is a good year for all honey lovers. The abundance of flowers ensures a good, profitable harvest for beekeepers. A yield of at least 25 kilograms per vine is expected, although yields could be higher in the west. The recommended pre…","Bonum annum mel. 2026 Annus bonus omnibus mel amantibus est. Copia florum bona facit, messis apibus utilis. Proventus saltem 25 chiliogrammatum per vitem expectatur, quamvis altior in occidente cedat. Suspendisse pre…",2026-07-15 11:41:08+00:00
971a1191a3174c21652414303d4209a9,2026-07-13T07:37:49Z,'Ernte',www.faz.net,de,0.9,Effizienz in Erntezeiten: Das gläserne Korn,"Der Protein-, Öl- und Wassergehalt des Getreides entscheidet über den Erlös des Landwirts. Mähdrescher von Claas können ihn künftig schon während der Ernte bestimmen. Das bringt Vorteile mit sich.",https://www.faz.net/aktuell/technik-motor/technik/maehdrescher-von-claas-das-glaeserne-korn-accg-200993495.html,https://media0.faz.net/image/w1200h627/58fc99414256/w5070h2649x0y629o/202606/43601.0.2281521173/die-maehdrescher-der-lexion.webp,http://web.archive.org/web/20260713104425/https://www.faz.net/aktuell/technik-motor/technik/maehdrescher-von-claas-das-glaeserne-korn-accg-200993495.html,"Die Landwirte trotzen von Ende Juni bis Anfang August der Sommerhitze und fahren die Ernte ein. Mähdrescher fahren sieben Tage in der Woche über die Felder. Sie ernten Getreide, darunter Gerste, Raps… [+360 chars]",,"Effizienz in Erntezeiten: Das gläserne Korn. Der Protein-, Öl- und Wassergehalt des Getreides entscheidet über den Erlös des Landwirts. Mähdrescher von Claas können ihn künftig schon während der Ernte bestimmen. Das bringt Vorteile mit sich.","Efficiency in harvest times: The transparent grain. The protein, oil and water content of the grain determines the farmer's income. In the future, Claas combine harvesters will be able to determine it during the harvest. This brings advantages.","Effectus messis temporibus: Perspicuus granum. Interdia, oleum et aqua contenta frumenti agricolae reditus determinat. In futurum, Claas messores iungere poterit in messis determinare. Hic commoda affert.",2026-07-15 11:41:08+00:00
1950df65d2a7cd620359851b00a20eab,2026-07-13T14:11:36Z,'Ernte',www.bild.de,de,0.9,Putin geht das Benzin aus - Russen zahlen fast 4 Euro für einen Liter Sprit,"Russlands Benzinkrise spitzt sich dramatisch zu: Spritpreise steigen rasant, an Tankstellen bilden sich lange Schlangen, Bauern fürchten um die Ernte.",https://www.bild.de/politik/ausland-und-internationales/bis-zu-4-euro-fuer-sprit-putin-geht-das-benzin-aus-6a54c8943b82748d49522938,"https://images.bild.de/6a54c8943b82748d49522938/094bc1d1ccdb736a80a2402e0c2934c9,883df0cc?w=1280",http://web.archive.org/web/20260714033815/https://www.bild.de/politik/ausland-und-internationales/bis-zu-4-euro-fuer-sprit-putin-geht-das-benzin-aus-6a54c8943b82748d49522938,TTS-Player überspringenArtikel weiterlesenMoskau Ausgerechnet im Öl-Land Russland wird Tanken zum Luxus! Ein Video von einer Tankstelle auf der russisch besetzten Krim sorgt derzeit für Aufsehen: Auf… [+2861 chars],,"Putin geht das Benzin aus - Russen zahlen fast 4 Euro für einen Liter Sprit. Russlands Benzinkrise spitzt sich dramatisch zu: Spritpreise steigen rasant, an Tankstellen bilden sich lange Schlangen, Bauern fürchten um die Ernte.","Putin is running out of gas - Russians pay almost 4 euros for a liter of gas. Russia's gasoline crisis is worsening dramatically: gasoline prices are rising rapidly, long queues are forming at gas stations, and farmers fear for their harvest.","Putin e gas excurrens - Russi fere 4 nummos pro sextario gasi dant. Discrimen gasolinum Russiae dramatically peiorescit: gasolina pretia celeriter oriuntur, queues diu in stationibus gasi formant, et agricolae messem suam timent.",2026-07-15 11:41:08+00:00
5a2745127d700bee7a62fbfc2ed42dab,2026-07-13T15:39:12Z,'Ernte',salzburg.orf.at,de,0.9,Weiter weniger Heu durch Trockenheit,Die Hitze und Trockenheit belasten weiterhin die Landwirtschaft. Der Ernteausfall zieht sich fort.  Auch die zweite Heuernte fällt in diesen Tagen laut Landwirten deutlich geringer aus. Bereits bei der ersten Mahd im Juni brach die Ernte um die Hälfte ein.,https://salzburg.orf.at/stories/3362482/,https://ibs.orf.at/sbg?image=https%3A%2F%2Foekastatic.orf.at%2Fmims%2F2020%2F28%2F41%2Fcrops%2Fw%3D1200%2Ch%3D627%2Cq%3D75%2F619382_master_212441__d853399.jpg%3Fs%3D822323aa374b34e9dac87c04a0c904dd18a9bb31,http://web.archive.org/web/20260713155516/https://salzburg.orf.at/stories/3362482/,"Es sind derzeit ideale Wetterbedingungen, um das getrocknete Heu einzufahren. Vor allem im Flachgau sorgte der ausbleibende Niederschlag und die warmen Temperaturen für deutlich weniger Ertrag als in… [+3882 chars]",,Weiter weniger Heu durch Trockenheit. Die Hitze und Trockenheit belasten weiterhin die Landwirtschaft. Der Ernteausfall zieht sich fort.  Auch die zweite Heuernte fällt in diesen Tagen laut Landwirten deutlich geringer aus. Bereits bei der ersten Mahd im Juni brach die Ernte um die Hälfte ein.,"Further less hay due to drought. The heat and drought continue to put a strain on agriculture. The crop failure continues.  According to farmers, the second hay harvest is also significantly smaller these days. The harvest collapsed by half during the first mowing in June.","Praeterea minus faenum propter siccitatem. Calor et siccitas pergunt ad agriculturam colendam. Seges defectum pergit.  Secundum agricolis, messis foeni secunda his diebus etiam signanter minor est. Prima messis in mense Iunio dimidia parte collapsa est.",2026-07-15 11:41:08+00:00
7139e5976fce979046c26159acbadc75,2026-07-13T17:22:53Z,'Ernte',vorarlberg.orf.at,de,0.9,Trockenheit belastet Vorarlbergs Gemüsebau,"Seit Wochen fehlt in Vorarlberg ergiebiger Regen. Die anhaltende Trockenheit und die hohen Temperaturen setzen Vorarlbergs Gemüsebauern zunehmend unter Druck. Die Sorge um die Ernte wächst. Selbst dort, wo bewässert wird, leiden viele Pflanzen unter Hitzestre…",https://vorarlberg.orf.at/stories/3362529/,https://ibs.orf.at/vbg?image=https%3A%2F%2Foekastatic.orf.at%2Fmims%2F2026%2F29%2F14%2Fcrops%2Fw%3D1200%2Ch%3D627%2Cq%3D75%2F3112285_master_1205614_downloadmedium_14.jpg%3Fs%3D8506ebdc0f9c7ca08db15c66a808232eb96eebc5,http://web.archive.org/web/20260713221337/https://vorarlberg.orf.at/stories/3362529/,"Wie belastend die Situation mittlerweile ist, zeigt sich auf den Feldern von Gemüsebäuerin Julia Baumgartner in Dornbirn. Jeden Vormittag ist nach ihren Angaben eine Person allein damit beschäftigt, … [+1895 chars]",,"Trockenheit belastet Vorarlbergs Gemüsebau. Seit Wochen fehlt in Vorarlberg ergiebiger Regen. Die anhaltende Trockenheit und die hohen Temperaturen setzen Vorarlbergs Gemüsebauern zunehmend unter Druck. Die Sorge um die Ernte wächst. Selbst dort, wo bewässert wird, leiden viele Pflanzen unter Hitzestre…","Drought is putting a strain on Vorarlberg's vegetable production. There has been a lack of heavy rain in Vorarlberg for weeks. The ongoing drought and high temperatures are putting Vorarlberg's vegetable farmers under increasing pressure. Concern about the harvest is growing. Even where irrigation is used, many plants suffer from heat stress...","Siccitas iactat in productione vegetabilis Vorarlberg. Defectus pluviae in Vorarlberg per septimanas fuit. Siccitas permanentis et temperaturae altae Vorarlberg agricolae vegetabiles sub pressura ingravescentes ponunt. Sollicitudo messis crescit. Etiam ubi irrigatio adhibetur, multae plantae accentus calore laborant.",2026-07-15 11:41:08+00:00
3ddaa69789f4e45913ccf1f9489578c5,2026-07-14T03:06:00Z,'Sommer',burgenland.orf.at,de,0.9,Schlamm aus dem Neusiedler See als Dünger,Schlamm aus dem Neusiedler See wird im Winter in großen Mengen aus Hafenbecken und Kanälen abgesaugt und in Absetzbecken zwischengelagert. Jetzt im Sommer wird der trockene Schlamm von Landwirten als Bodenhilfsmittel verwendet.,https://burgenland.orf.at/stories/3362513/,https://ibs.orf.at/bgl?image=https%3A%2F%2Foekastatic.orf.at%2Fmims%2F2026%2F29%2F92%2Fcrops%2Fw%3D1200%2Ch%3D627%2Cq%3D75%2F3112224_master_1205592_schlamm2.jpg%3Fs%3Dd665b2a291679ce7b229d66774b67aa92ae78a3e,,"In Hafenbecken und Kanälen werden im Winter Altschilf entfernt und Schlamm abgesaugt das soll helfen, den Wasserstand des Neusiedler Sees zu stabilisieren mehr dazu in 60.000 Kubikmeter Schlamm abgep… [+1239 chars]",,Schlamm aus dem Neusiedler See als Dünger. Schlamm aus dem Neusiedler See wird im Winter in großen Mengen aus Hafenbecken und Kanälen abgesaugt und in Absetzbecken zwischengelagert. Jetzt im Sommer wird der trockene Schlamm von Landwirten als Bodenhilfsmittel verwendet.,"Mud from Lake Neusiedl as fertilizer. In winter, large quantities of sludge from Lake Neusiedl are sucked out of harbor basins and canals and temporarily stored in settling basins. Now in summer, the dry mud is used by farmers as a soil amendment.",Limus a lacu Neusiedl ut stercorat. Hieme magnae copiae pituitae e lacu Neusiedl e portubus et canalibus hauriuntur et ad tempus in crateribus componendis reponuntur. Aestate autem aridum lutum ab agricolis adhibitum est ut tellus emendatio.,2026-07-15 11:41:08+00:00
28ee35b13a807bcfe4594f4e0b81c9ba,2026-07-14T06:40:00Z,'Sommer',www.brigitte.de,de,0.9,Stachelbeeren: Fruchtige Rezepte für den Sommer,"Leckere Rezepte mit Stachelbeeren – ob Kuchen, Torte, Marmelade oder Kompott, wir lieben die süß-säuerliche Frische von Stachelbeeren. Hier gibt's tolle Rezepte.",https://www.brigitte.de/rezepte/stachelbeeren--fruchtige-rezepte-fuer-den-sommer-10634062.html,https://image.brigitte.de/13837092/t/YF/v1/w1440/r1.7778/-/french-toast-mit-stachelbeeren-und-mascarpone.jpg,,"Loblied auf die leckere Stachelbeere
Unter den sommerlichen Beeren sind die Stachelbeeren sicher die, die am meisten unterschätzt werden. Neben Erdbeeren, Himbeeren oder Johannisbeeren führen sie am… [+3718 chars]",,"Stachelbeeren: Fruchtige Rezepte für den Sommer. Leckere Rezepte mit Stachelbeeren – ob Kuchen, Torte, Marmelade oder Kompott, wir lieben die süß-säuerliche Frische von Stachelbeeren. Hier gibt's tolle Rezepte.","Gooseberries: fruity recipes for the summer. Delicious recipes with gooseberries – whether cake, tart, jam or compote, we love the sweet and sour freshness of gooseberries. There are great recipes here.","Gooseberries: recipes fruity for summer. Delectamentum mixturis cum gooseberries – sive placenta, acerbus, impedita vel compote, amamus dulcem et amaram viriditatem gooseberries. Magna hic felis sunt.",2026-07-15 11:41:08+00:00
28672d9ccf08784dd2e75edc77a0b046,2026-07-14T08:30:08Z,'Ernte',www.zeit.de,de,0.9,"Ernte 2026: Bauernverband: Ernte stimmt, Rechnung nicht","Hier finden Sie Informationen zu dem Thema „Ernte 2026“. Lesen Sie jetzt „Bauernverband: Ernte stimmt, Rechnung nicht“.",https://www.zeit.de/news/2026-07/14/bauernverband-ernte-stimmt-rechnung-nicht,https://img.zeit.de/news/2026-07/14/bauernverband-ernte-stimmt-rechnung-nicht-image-group/wide__1300x731,,Trotz einer vielerorts guten Ernte verschlechtert sich bei zahlreichen Bauern im Nordosten die wirtschaftliche Lage. Darauf wies der Bauernverband Mecklenburg-Vorpommern bei seiner traditionellen Ern… [+1278 chars],,"Ernte 2026: Bauernverband: Ernte stimmt, Rechnung nicht. Hier finden Sie Informationen zu dem Thema „Ernte 2026“. Lesen Sie jetzt „Bauernverband: Ernte stimmt, Rechnung nicht“.","Harvest 2026: Farmers' Association: Harvest is correct, calculation is wrong. Here you will find information on the topic “Harvest 2026”. Now read “Farmers’ Association: Harvest is right, bill is wrong”.","Harvest 2026: Societas agricolarum: messis recta est, ratio falsa est. Hic informationes invenies in themate ""Harvest 2026"". Nunc lege ""Agricolae Consociationem: messis recta est, rogatio perversa est"".",2026-07-15 11:41:08+00:00
f4574fec48df423c942d9f713d20dc5d,2026-07-06T14:02:08Z,'Ernte',burgenland.orf.at,de,0.9,Wälder benötigen dringend Feuchtigkeit,"In den vergangenen Monaten ist neuerlich wenig Niederschlag gefallen. Die Bauern beklagen geringe Ernten, die Grundwasserspiegel sind gefallen und die Pegelstände der Seen sinken. Prekär wirkt sich die Trockenheit auch auf die burgenländischen Wälder aus.",https://burgenland.orf.at/stories/3361446/,https://ibs.orf.at/bgl?image=https%3A%2F%2Foekastatic.orf.at%2Fmims%2F2026%2F28%2F27%2Fcrops%2Fw%3D1200%2Ch%3D627%2Cq%3D75%2F3103271_master_1201927_wald5.jpg%3Fs%3D0c81a005cc37dc7f77a8b070b2c16d1ff2472120,http://web.archive.org/web/20260707093421/https://burgenland.orf.at/stories/3361446/,"Die Waldböden waren Anfang Juli extrem trocken. Die Laubbäume an vielen Standorten verlieren bereits jetzt ihre Blätter. Ein Zustand, der sich sonst laut Expertinnen und Experten erst Ende August ode… [+1455 chars]",,"Wälder benötigen dringend Feuchtigkeit. In den vergangenen Monaten ist neuerlich wenig Niederschlag gefallen. Die Bauern beklagen geringe Ernten, die Grundwasserspiegel sind gefallen und die Pegelstände der Seen sinken. Prekär wirkt sich die Trockenheit auch auf die burgenländischen Wälder aus.","Forests urgently need moisture. Little precipitation has fallen in recent months. Farmers complain about poor harvests, groundwater levels have fallen and lake levels are falling. The drought is also having a precarious effect on Burgenland's forests.","Silvae humorem vehementer indigent. Parva praecipitatio proximis mensibus incidit. Agricolae de messibus pauperum queruntur, campestria aquae fundatae ceciderunt et gradus lacus cadunt. Siccitas etiam habet precariam in silvis Burgenland.",2026-07-16 03:22:30+00:00
2b2c2c37bea9abd543164388c4d2c70d,2026-07-09T10:11:11Z,'Sommer',steiermark.orf.at,de,0.9,Heuer viele Wespen im Sommer erwartet,"Weil der Frühling und der Frühsommer heuer warm und trocken gewesen sind, haben sich die Wespen in der Steiermark gut entwickelt. Insbesondere für Menschen, die auf Stiche allergisch reagieren, kann das mitunter gefährlich werden.",https://steiermark.orf.at/stories/3361907/,https://ibs.orf.at/stm?image=https%3A%2F%2Foekastatic.orf.at%2Fmims%2F2026%2F28%2F49%2Fcrops%2Fw%3D1200%2Ch%3D627%2Cq%3D75%2F3107097_master_1203449_wespe-01_ros.jpg%3Fs%3D2c7d2a55283946f333255bbb6c3a7aca07d34233,http://web.archive.org/web/20260709233418/https://steiermark.orf.at/stories/3361907/,"Wie ein Mensch auf einen Wespenstich reagiert, lässt sich nicht pauschal sagen. Von lokalen Reaktionen ohne massive Auswirkungen bis hin zu einer schweren anaphylaktischen Reaktion, die auch im schli… [+1147 chars]",,"Heuer viele Wespen im Sommer erwartet. Weil der Frühling und der Frühsommer heuer warm und trocken gewesen sind, haben sich die Wespen in der Steiermark gut entwickelt. Insbesondere für Menschen, die auf Stiche allergisch reagieren, kann das mitunter gefährlich werden.","Lots of wasps expected in summer this year. Because spring and early summer were warm and dry this year, the wasps in Styria have developed well. This can be particularly dangerous for people who are allergic to stings.","Sortes vesparum aestate hoc anno exspectantur. Quia ver et prima aestas hoc anno calida et sicca erant, vespae in Styria bene effectae sunt. Hoc imprimis periculosum est hominibus allergicis aculeis.",2026-07-16 07:27:28+00:00
a88f50ae87908b58588d1d781d673c2d,2026-07-10T17:05:15Z,'Herbst',www.zeit.de,de,0.9,Reformen der Bundesregierung: Die trotzige Entschlossenheit der Regierung,Immerhin: Die umstrittene Gesundheitsreform ist durch den Bundestag. Die Regierung dürfte allerdings wenig Freude an ihrem Erfolg haben. Denn der Herbst droht.,https://www.zeit.de/politik/deutschland/2026-07/reformen-bundesregierung-friedrich-merz-wahl-plan,https://img.zeit.de/politik/deutschland/2026-07/reformfruehling-regierung-wahlen-niederlage-bild/wide__1300x731,http://web.archive.org/web/20260710195706/https://www.zeit.de/politik/deutschland/2026-07/reformen-bundesregierung-friedrich-merz-wahl-plan,Der Frühling der Reformen ist zu Ende und die Regierung hat ihre Ziele mehr oder weniger erreicht. Diese Bilanz lässt sich nach diesem denkwürdigen Tag in Berlin ziehen. Die umstrittene Gesundheitsre… [+815 chars],,Reformen der Bundesregierung: Die trotzige Entschlossenheit der Regierung. Immerhin: Die umstrittene Gesundheitsreform ist durch den Bundestag. Die Regierung dürfte allerdings wenig Freude an ihrem Erfolg haben. Denn der Herbst droht.,"Federal Government Reforms: The Government's Defiant Determination. After all: the controversial health care reform has passed the Bundestag. However, the government is unlikely to be happy about its success. Because autumn is threatening.",Federal Government Reforms: Determinatio Contumaciae Gubernii. Post omnes: reformatio controversiae valetudinis cura Bundestag transiit. Sed veri simile est imperium de eius victoria esse felicem. Quia autumnus minatur.,2026-07-16 07:27:28+00:00
3b395a70f5014dc04abcd5b04342fbba,2026-07-11T11:01:13Z,'Sommer',www.faz.net,de,0.9,Galerien in Frankfurt: Erfrischende Blicke auf sommerliche Kunst,"Im Westen viel Neues: Zur Sommerzeit bieten die Galerien im Frankfurter Westend viel Sehenswertes für Daheimgebliebene, die endlich einmal Zeit für Kunst haben.",https://www.faz.net/aktuell/rhein-main/kultur/neue-kunst-in-den-galerien-des-frankfurter-westends-accg-200971304.html,https://media0.faz.net/image/w1200h627/36a43d682e0f/w2565h1340x0y685o/202607/43601.0.2309845916/stefan-konrad-rosenhecke.webp,http://web.archive.org/web/20260712063918/https://www.faz.net/aktuell/rhein-main/kultur/neue-kunst-in-den-galerien-des-frankfurter-westends-accg-200971304.html,"Friedrich Nietzsche könnte Frankfurter gewesen sein. Mit einer Wohnung in einem Altbau irgendwo hoch oben unterm Dach. Lieber Freund! Welch ein Sommer!, schrieb er 1887 und mithin lange vor dem manif… [+6797 chars]",,"Galerien in Frankfurt: Erfrischende Blicke auf sommerliche Kunst. Im Westen viel Neues: Zur Sommerzeit bieten die Galerien im Frankfurter Westend viel Sehenswertes für Daheimgebliebene, die endlich einmal Zeit für Kunst haben.","Galleries in Frankfurt: Refreshing looks at summer art. Lots of new things in the West: During the summer, the galleries in Frankfurt's Westend offer a lot of things worth seeing for those staying at home who finally have time for art.",Galleries in Frankfurt: Refrigerium spectat ad artem aestivam. Multae res novae in Occidente: Per aestatem porticus in Frankfurt in Westend offerunt multa res digna provisis domi manentibus qui tandem tempus artis habent.,2026-07-16 07:27:28+00:00
e56afc142aee7f9e35e205d2d19a9a89,2026-07-12T03:30:00Z,'Frühling',www.nzz.ch,de,0.9,"Mutprobe im Rhein, die Milchstrasse über der Aare: Elf literarische Fluchten zu den schönsten Gewässern der Schweiz","Bäche, die von Bergen herab strömen, Seen, die im Gegenlicht funkeln – in diesen Bildern steckt die ganze Sehnsucht unseres Sommers. Elf Schriftstellerinnen und Schriftsteller erzählen vom Wasser, vom Dahintreiben, vom Loslassen – und vom herrlichen Gefühl, d…",https://www.nzz.ch/nzz-am-sonntag-magazin/schweizer-schriftsteller-sommer-fluesse-seen-kindheit-ld.10013861,"https://img-msp-prod.nzz.ch/2026/07/09/9bc76e08-1993-4d3d-87be-3c8d9d2f3da2.jpg?width=1200&height=675&fit=bounds&quality=75&auto=webp&crop=2542,1430,x0,y1092&wmark=nzz",http://web.archive.org/web/20260713071341/https://www.nzz.ch/nzz-am-sonntag-magazin/schweizer-schriftsteller-sommer-fluesse-seen-kindheit-ld.10013861,"Optimieren Sie Ihre Browsereinstellungen
NZZ.ch benötigt JavaScript für wichtige Funktionen. Ihr Browser oder Adblocker verhindert dies momentan.
Bitte passen Sie die Einstellungen an.
Vor zwei Ja… [+68439 chars]",,"Mutprobe im Rhein, die Milchstrasse über der Aare: Elf literarische Fluchten zu den schönsten Gewässern der Schweiz. Bäche, die von Bergen herab strömen, Seen, die im Gegenlicht funkeln – in diesen Bildern steckt die ganze Sehnsucht unseres Sommers. Elf Schriftstellerinnen und Schriftsteller erzählen vom Wasser, vom Dahintreiben, vom Loslassen – und vom herrlichen Gefühl, d…","Test of courage in the Rhine, the Milky Way over the Aare: Eleven literary escapes to the most beautiful waters in Switzerland. Streams flowing down from mountains, lakes sparkling in the backlight – these images contain all the longing of our summer. Eleven writers talk about water, about floating, about letting go - and about the wonderful feeling...","Expertus fortitudinis in Rheno, via lactea super Aare: Undecim litterarum effugia ad aquas pulcherrimas in Helvetia. Fluvii e montibus defluentes, lacus in backlight scintillantes — hae imagines omnem aestatis nostrae desiderium continent. Undecim scriptores loquuntur de aqua, de fluitando, de dimittendo, et de admirabili sensu...",2026-07-16 07:27:28+00:00
047252f931de9842fb9af74124abc267,2026-07-13T07:13:34Z,'Sommer',www.diepresse.com,de,0.9,Roman „Sommer und so“: „Generation Zeitdruck“ sucht das Glück [premium],"Rebecca Martin erzählt in ihrem neuen Roman vom Stress der knapp 30-Jährigen, ihre Träume rund um Erfolg, Partner und Kinder zu realisieren.",https://www.diepresse.com/36047375/roman-sommer-und-so-generation-zeitdruck-sucht-das-glueck,https://img.diepresse.com/public/incoming/n24h71-sommer-und-sojpg/alternates/WEBP_WIDE_1200/Sommer-und-so.jpg,,"Rebecca ist Ende 20, schreibt an einem Drehbuch, hat einen schlecht bezahlten Job als Nanny und versucht ausgerechnet in einer Stadt Fuß zu fassen, in der die halbe Welt Fuß fassen wollte: in London,… [+1749 chars]",,"Roman „Sommer und so“: „Generation Zeitdruck“ sucht das Glück [premium]. Rebecca Martin erzählt in ihrem neuen Roman vom Stress der knapp 30-Jährigen, ihre Träume rund um Erfolg, Partner und Kinder zu realisieren.","Novel “Summer and stuff”: “Time pressure generation” is looking for happiness [premium]. In her new novel, Rebecca Martin talks about the stress of the almost 30-year-old trying to realize her dreams about success, a partner and children.","Nova ""aestas et materia"": ""Tempus pressura generationis"" beatitudinem quaerit. In nova sua nova, Rebecca Martin loquitur de innixi paene XXX annorum conans cognoscere somnia sua de successu, de consorte et de liberis.",2026-07-16 07:27:28+00:00
a462971236c1275589105e594bbbce07,2026-07-13T09:10:47Z,'Frühling',www.zeit.de,de,0.9,Allergie: Warum fast das ganze Jahr Heuschnupfenzeit ist,"Im Frühling die Bäume, im Sommer die Gräser: Auf ein ganz bestimmtes reagieren die Deutschen besonders allergisch. Aber es gibt Abhilfe. Eine Übersicht in Grafiken",https://www.zeit.de/2026/30/heuschnupfen-pollenallergie-symptome-klimawandel,https://img.zeit.de/2026/30/heuschnupfen-pollenallergie-symptome-klimawandel-bild/wide__1300x731,http://web.archive.org/web/20260714061051/https://www.zeit.de/2026/30/heuschnupfen-pollenallergie-symptome-klimawandel,"&lt;b&gt;Die Augen:&lt;/b&gt; Die Reizung der Bindehäute durch Histamin verursacht Jucken, Tränen, Rötung, Schwellung.
&lt;b&gt;Die Nase&lt;/b&gt; (Nasenhöhle): Histamin fuhrt dort zu Jucken, Niesen… [+470 chars]",,"Allergie: Warum fast das ganze Jahr Heuschnupfenzeit ist. Im Frühling die Bäume, im Sommer die Gräser: Auf ein ganz bestimmtes reagieren die Deutschen besonders allergisch. Aber es gibt Abhilfe. Eine Übersicht in Grafiken","Allergy: Why it's hay fever season almost all year round. Trees in spring, grass in summer: Germans are particularly allergic to one thing in particular. But there is a workaround. An overview in graphics","Allergy: Cur tempus febris feni fere per totum annum est. Vere arbores, aestate herba: Germani praecipue allergic ad unum singula. Sed a est quam. Overview in graphics",2026-07-16 07:27:28+00:00
220deca68a40c97204edb522eff2fac0,2026-07-13T10:52:37Z,'Sommer',www.volksfreund.de,de,0.9,Sommerhaus der Stars 2026: Spannendes Detail ist schon bekannt,"Zwischen den Sommerhaus-Promis gibt es immer Stress. Doch es gibt einen Faktor, der den Zoff noch verstärken könnte. Wir haben herausgefunden, wie es in diesem Jahr damit aussieht.",https://www.volksfreund.de/nachrichten/boulevard/entertainment/sommerhaus-der-stars-2026-spannendes-detail-ist-schon-bekannt_aid-151300069,https://www.volksfreund.de/imgs/28/2/7/3/2/9/6/1/3/7/tok_b63520b6faec2b9150315953c05c31e5/w1200_h630_x1824_y546_Tano_Anna-7cc5aa516cc3f6e0.jpg,http://web.archive.org/web/20260714074916/https://www.volksfreund.de/nachrichten/boulevard/entertainment/sommerhaus-der-stars-2026-spannendes-detail-ist-schon-bekannt_aid-151300069,"Bocholt · Zwischen den Sommerhaus-Promis gibt es immer Stress. Doch es gibt einen Faktor, der den Zoff noch verstärken könnte. Wir haben herausgefunden, wie es in diesem Jahr damit aussieht.Rund um d… [+3159 chars]",,"Sommerhaus der Stars 2026: Spannendes Detail ist schon bekannt. Zwischen den Sommerhaus-Promis gibt es immer Stress. Doch es gibt einen Faktor, der den Zoff noch verstärken könnte. Wir haben herausgefunden, wie es in diesem Jahr damit aussieht.",Summer house of the stars 2026: Exciting detail is already known. There is always stress between the summer house celebrities. But there is one factor that could make the trouble even worse. We found out what it looks like this year.,"Domus aestiva siderum 2026: Excitando singula iam nota est. Est semper lacus inter claros aedes aestivas. Sed unum est, quod molestiam facere possit etiam peius. Invenimus quid hoc anno spectat.",2026-07-16 07:27:28+00:00
76ff4ac3f59aecb6e12384b6318bf4a8,2026-07-14T16:31:16Z,'Gewitter',www.faz.net,de,0.9,Heute in Rhein-Main: Weniger Studienplätze,Aus finanziellen Gründen bietet die Goethe-Universität Frankfurt im Wintersemester weniger Studienplätze an. Die Menschen in Hessen sind weniger mobil als sie es mal waren. Und am Wochenende wird es in der Frankfurter Innenstadt voll. Die F.A.Z.-Hauptwache bl…,https://www.faz.net/aktuell/rhein-main/region-und-hessen/heute-in-rhein-main-weniger-studienplaetze-201030316.html,https://media0.faz.net/image/w1200h627/71b22a289ed1/w5760h3009x0y415o/202607/43601.0.2333738107/aus-finanziellen-gruenden.webp,,"Guten Abend,
eigentlich ist es noch ein bisschen früh für die Erwähnung des bevorstehenden Wochenendes, aber: Für dieses sollte man sich gut überlegen, wohin es einen zieht. Der ADAC prognostiziert … [+2885 chars]",,Heute in Rhein-Main: Weniger Studienplätze. Aus finanziellen Gründen bietet die Goethe-Universität Frankfurt im Wintersemester weniger Studienplätze an. Die Menschen in Hessen sind weniger mobil als sie es mal waren. Und am Wochenende wird es in der Frankfurter Innenstadt voll. Die F.A.Z.-Hauptwache bl…,"Today in Rhine-Main: Fewer study places. For financial reasons, the Goethe University Frankfurt offers fewer study places in the winter semester. People in Hesse are less mobile than they once were. And on weekends it gets crowded in downtown Frankfurt. The F.A.Z. main guard...","Hodie Rheno-Main: loca studiorum pauciora. Ob rationes oeconomicas, Goethe University Frankfurt pauciora loca studiorum in semestri hiemali praebet. Homines in Hassia minus mobiles sunt quam olim fuerunt. Et in weekends in urbe Francofurt frequentes accipit. Quod F.A.Z. summa custodia...",2026-07-16 11:46:30+00:00
42c476a47a0405abd34148b405e55486,2026-07-14T18:07:04Z,'Sommer',www.zeit.de,de,0.9,Sommerwetter in Bayern: Gewitter in Mittelfranken und Oberpfalz,Hier finden Sie Informationen zu dem Thema „Sommerwetter in Bayern“. Lesen Sie jetzt „Gewitter in Mittelfranken und Oberpfalz“.,https://www.zeit.de/news/2026-07/14/gewitter-in-mittelfranken-und-oberpfalz,https://img.zeit.de/news/2026-07/14/gewitter-in-mittelfranken-und-oberpfalz-image-group/wide__1300x731,http://web.archive.org/web/20260715005552/https://www.zeit.de/news/2026-07/14/gewitter-in-mittelfranken-und-oberpfalz,In Franken und der Oberpfalz sind die erwarteten Gewitter eingetroffen. Im Raum Nürnberg gab es nach Angaben des Polizeipräsidiums Mittelfranken mehrere Einsätze. Einen Überblick über die Schäden hat… [+616 chars],,Sommerwetter in Bayern: Gewitter in Mittelfranken und Oberpfalz. Hier finden Sie Informationen zu dem Thema „Sommerwetter in Bayern“. Lesen Sie jetzt „Gewitter in Mittelfranken und Oberpfalz“.,Summer weather in Bavaria: Thunderstorms in Middle Franconia and Upper Palatinate. Here you will find information on the topic “Summer weather in Bavaria”. Read “Thunderstorms in Middle Franconia and Upper Palatinate” now.,"Tempestas aestiva in Bavaria: Tonitruum in Medio Franconia et Palatinatu superiore. Hic informationes invenies de argumento ""Aestatis in Bavaria"". Lege nunc ""Tempestates in Medio Franconia et Palatinatu superiore"".",2026-07-16 11:46:30+00:00
067d275538707dc06b49b4472b5ba69f,2026-07-15T00:40:45Z,'Gewitter',www.zeit.de,de,0.9,Wettervorhersage: Erneute Gewitter in Sachsen und im Süden erwartet,Hier finden Sie Informationen zu dem Thema „Wettervorhersage“. Lesen Sie jetzt „Erneute Gewitter in Sachsen und im Süden erwartet“.,https://www.zeit.de/news/2026-07/15/erneute-gewitter-in-sachsen-und-im-sueden-erwartet,https://img.zeit.de/news/2026-07/15/erneute-gewitter-in-sachsen-und-im-sueden-erwartet-image-group/wide__1300x731,http://web.archive.org/web/20260715031333/https://www.zeit.de/news/2026-07/15/erneute-gewitter-in-sachsen-und-im-sueden-erwartet,"In Deutschland könnte es im Laufe des Tages erneut kräftig gewittern. Der Deutsche Wetterdienst (DWD) rechnet in seiner aktuellen Vorhersage damit, dass es heute Früh in Sachsen und im Süden des Land… [+1616 chars]",,Wettervorhersage: Erneute Gewitter in Sachsen und im Süden erwartet. Hier finden Sie Informationen zu dem Thema „Wettervorhersage“. Lesen Sie jetzt „Erneute Gewitter in Sachsen und im Süden erwartet“.,Weather forecast: More thunderstorms expected in Saxony and the south. Here you will find information on the subject of “weather forecast”. Now read “Renewed thunderstorms expected in Saxony and the south”.,"Tempestas praenuntietur: Plures tonitruum exspectantur in Saxonia et australi. Hic invenies informationes de re ""tempestatis praenuntientur"". Nunc legitur ""Renovata tonitribus expectata in Saxonia et australi"".",2026-07-16 11:46:30+00:00
1a7eb9da28b0a7300e99f527b0998ef9,2026-07-15T00:41:51Z,'Gewitter',www.tagesspiegel.de,de,0.9,Wettervorhersage: Erneute Gewitter in Sachsen und im Süden erwartet,Bereits am Dienstag hat es teils ordentlich gewittert im Land. Zum Abend hin rechnet der Deutsche Wetterdienst heute mit erneutem Unwetterpotenzial.,https://www.tagesspiegel.de/gesellschaft/panorama/wettervorhersage-erneute-gewitter-in-sachsen-und-im-suden-erwartet-15839300.html,https://www.tagesspiegel.de/images/15839299/alternates/BASE_16_9_W1400/1784076111000/unwetter-in-bayern.jpeg,,"In Deutschland könnte es im Laufe des Tages erneut kräftig gewittern. Der Deutsche Wetterdienst (DWD) rechnet in seiner aktuellen Vorhersage damit, dass es heute Früh in Sachsen und im Süden des Land… [+1672 chars]",,Wettervorhersage: Erneute Gewitter in Sachsen und im Süden erwartet. Bereits am Dienstag hat es teils ordentlich gewittert im Land. Zum Abend hin rechnet der Deutsche Wetterdienst heute mit erneutem Unwetterpotenzial.,Weather forecast: More thunderstorms expected in Saxony and the south. There was already some heavy thunderstorms in the country on Tuesday. The German Weather Service is expecting renewed potential for severe weather this evening.,Tempestas praenuntietur: Plures tonitruum exspectantur in Saxonia et australi. Iam aliquot gravia tonitribus in regione Martis. Ministerium Tempestatis Germanorum potentialem renovatam exspectat in gravibus tempestatibus hoc vespere.,2026-07-16 11:46:30+00:00
7971a957fa2a258be87f8bbd81f81e6e,2026-07-15T03:00:06Z,'Gewitter',burgenland.orf.at,de,0.9,Trockenheit: Deutlich weniger Getreideernte,"Dass am Dienstagabend im Burgenland Gewitter niedergegangen sind, hat dem Getreide nichts mehr gebracht. Die heurige Ernte zeigte sich extrem trocken, die Menge lag deutlich unter dem Vorjahr.",https://burgenland.orf.at/stories/3362718/,https://ibs.orf.at/bgl?image=https%3A%2F%2Foekastatic.orf.at%2Fmims%2F2025%2F26%2F42%2Fcrops%2Fw%3D1200%2Ch%3D627%2Cq%3D75%2F2676187_master_1029542_250626_bh_start_fuer_getreideernte_00_00_07_04.jpg%3Fs%3D71bc6339c8ca0737e7805cdc128a222b1d618cff,,"Schon Anfang des Jahres bahnte sich ein schwieriges Jahr für die Landwirtschaft an, denn die Getreideernte begann so früh wie noch nie. Das war dem sehr warmen und trockenen Wetter geschuldet.
Darau… [+1078 chars]",,"Trockenheit: Deutlich weniger Getreideernte. Dass am Dienstagabend im Burgenland Gewitter niedergegangen sind, hat dem Getreide nichts mehr gebracht. Die heurige Ernte zeigte sich extrem trocken, die Menge lag deutlich unter dem Vorjahr.","Drought: Significantly less grain harvest. The fact that thunderstorms hit Burgenland on Tuesday evening had no effect on the grain. This year's harvest was extremely dry, the quantity was significantly lower than last year.","Siccitas: Insigniter minus frumenti messis. Quod tonitribus Burgenlandiam die Martis vesperi pulsavit nullum effectum frumenti habuit. Hoc anno messis siccissima erat, quantitas signanter inferior quam anno praeterito fuit.",2026-07-16 11:46:30+00:00
d87f660d5ff74cf9c5f43c5a72443fee,2026-07-15T03:30:00Z,'Gewitter',www.nzz.ch,de,0.9,Gewitter: wie die gewaltigen Wolkentürme entstehen und wann sie gefährlich werden,"Blitze, Hagel, Sturzregen und Orkanböen – von Gewittern gehen etliche Gefahren aus. Die Vorhersage bereitet immer noch Schwierigkeiten. Fragen und Antworten zu einem spektakulären Phänomen.",https://www.nzz.ch/wissenschaft/gewitter-wie-die-gewaltigen-wolkentuerme-entstehen-und-wann-sie-gefaehrlich-werden-ld.10013884,"https://img-msp-prod.nzz.ch/2026/07/09/ae2959a4-a5d5-4696-bfcd-5f4b8ab30dad.jpg?width=1200&height=675&fit=bounds&quality=75&auto=webp&crop=4896,2754,x0,y409&wmark=nzz",,"Blitze, Hagel, Sturzregen und Orkanböen von Gewittern gehen etliche Gefahren aus. Die Vorhersage bereitet immer noch Schwierigkeiten. Fragen und Antworten zu einem spektakulären Phänomen.
Zusammenfa… [+9781 chars]",,"Gewitter: wie die gewaltigen Wolkentürme entstehen und wann sie gefährlich werden. Blitze, Hagel, Sturzregen und Orkanböen – von Gewittern gehen etliche Gefahren aus. Die Vorhersage bereitet immer noch Schwierigkeiten. Fragen und Antworten zu einem spektakulären Phänomen.","Thunderstorms: how the huge cloud towers form and when they become dangerous. Lightning, hail, torrential rain and hurricane force winds – thunderstorms pose a number of dangers. Prediction still presents difficulties. Questions and answers about a spectacular phenomenon.","Tonitruum: ut ingens nubes turrisque formet et cum periculosa fiunt. Fulgura, grando, imber torrentia, et vis ventorum procellarum - tonitribus ponunt pericula multa. Praedictio adhuc difficultatem habet. Interrogationes et responsiones circa phaenomenon spectaculi.",2026-07-16 11:46:30+00:00
0e444b3b8f4a0033a6f5f4d5680f8191,2026-07-15T03:57:20Z,'Gewitter',www.zeit.de,de,0.9,Kein eitel Sonnenschein: Hochsommer bleibt nass – Gewitter und Schauer in Sicht,Hier finden Sie Informationen zu dem Thema „Kein eitel Sonnenschein“. Lesen Sie jetzt „Hochsommer bleibt nass – Gewitter und Schauer in Sicht“.,https://www.zeit.de/news/2026-07/15/hochsommer-bleibt-nass-gewitter-und-schauer-in-sicht,https://img.zeit.de/news/2026-07/15/hochsommer-bleibt-nass-gewitter-und-schauer-in-sicht-image-group/wide__1300x731,,"In den kommenden Tagen ist laut der Vorhersage des Deutschen Wetterdienstes (DWD) täglich mit Regen, Schauern und Gewittern zu rechnen. Wer in Baden-Württemberg also in den nächsten Tagen unterwegs i… [+1733 chars]",,Kein eitel Sonnenschein: Hochsommer bleibt nass – Gewitter und Schauer in Sicht. Hier finden Sie Informationen zu dem Thema „Kein eitel Sonnenschein“. Lesen Sie jetzt „Hochsommer bleibt nass – Gewitter und Schauer in Sicht“.,No idle sunshine: midsummer remains wet – thunderstorms and showers in sight. Here you will find information on the topic “No idle sunshine”. Now read “Midsummer remains wet – thunderstorms and showers in sight”.,"Non soles otiosi: manet aestas humida - tonitribus et imbribus conspecta. Hic informationes invenies in argumento ""Non soles otiosi"". Nunc legitur ""Media solstitialis humida - tonitribus et imbres in conspectu"".",2026-07-16 11:46:30+00:00
2f766c3b53389e440ba039f37cee1f16,2026-07-15T04:00:16Z,'Gewitter',www.zeit.de,de,0.9,"Sommer in Bayern: Sonne, Wolken und Gewitter","Hier finden Sie Informationen zu dem Thema „Sommer in Bayern“. Lesen Sie jetzt „Sonne, Wolken und Gewitter“.",https://www.zeit.de/news/2026-07/15/sonne-wolken-und-gewitter,https://img.zeit.de/news/2026-07/15/sonne-wolken-und-gewitter-image-group/wide__1300x731,,"Bayern steht laut Deutschem Wetterdienst ein eher unruhiger Tag bevor: Die Meteorologen erwarten landesweit einen Mix aus Sonne und Wolken, im Süden mit steigendem Schauer- und Gewitterrisiko im Lauf… [+447 chars]",,"Sommer in Bayern: Sonne, Wolken und Gewitter. Hier finden Sie Informationen zu dem Thema „Sommer in Bayern“. Lesen Sie jetzt „Sonne, Wolken und Gewitter“.","Summer in Bavaria: sun, clouds and thunderstorms. Here you will find information on the topic of “Summer in Bavaria”. Read “Sun, Clouds and Thunderstorms” now.","Aestas in Bavaria: sol, nubes et tonitrua. Hic reperies informationem de argumento ""Aestatis in Bavaria"". Lege nunc Sol, Nubes et Procellae.",2026-07-16 11:46:30+00:00
c080b2328a30188162c0a08162998ddf,2026-07-15T04:13:19Z,'Sommer',www.zeit.de,de,0.9,Wettervorhersage: Sommerliche Temperaturen von Unwettern begleitet,Hier finden Sie Informationen zu dem Thema „Wettervorhersage“. Lesen Sie jetzt „Sommerliche Temperaturen von Unwettern begleitet“.,https://www.zeit.de/news/2026-07/15/sommerliche-temperaturen-von-unwettern-begleitet,https://img.zeit.de/news/2026-07/15/sommerliche-temperaturen-von-unwettern-begleitet-image-group/wide__1300x731,,Temperaturen bis zu 30 Grad kommen auf Berlin und Brandenburg zu und gleichzeitig drohen Unwetter. Am Mittwoch ziehen nach Angaben des Deutschen Wetterdienstes (DWD) Wolkenfelder auf und es wird eine… [+1113 chars],,Wettervorhersage: Sommerliche Temperaturen von Unwettern begleitet. Hier finden Sie Informationen zu dem Thema „Wettervorhersage“. Lesen Sie jetzt „Sommerliche Temperaturen von Unwettern begleitet“.,Weather forecast: Summer temperatures accompanied by storms. Here you will find information on the subject of “weather forecast”. Read “Summer temperatures accompanied by storms” now.,"Tempestas praenuntietur: Aestas temperaturas cum procellis. Hic invenies informationes de re ""tempestatis praenuntientur"". Lege ""Aestas cum procellis"" nunc.",2026-07-16 11:46:30+00:00
0b9b59050dbb1adb81c03002948aa6dd,2026-07-15T04:14:12Z,'Sommer',www.tagesspiegel.de,de,0.9,Wettervorhersage: Sommerliche Temperaturen von Unwettern begleitet,"Bis zu 30 Grad, aber kein stabiles Sommerwetter: Berlin und Brandenburg stehen vor Unwettern mit Starkregen, Sturmböen und Hagel.",https://www.tagesspiegel.de/berlin/wettervorhersage-sommerliche-temperaturen-von-unwettern-begleitet-15839445.html,https://www.tagesspiegel.de/images/15839444/alternates/BASE_16_9_W1400/1784088852000/unwetter-in-berlin-und-brandenburg.jpeg,,Temperaturen bis zu 30 Grad kommen auf Berlin und Brandenburg zu und gleichzeitig drohen Unwetter. Am Mittwoch ziehen nach Angaben des Deutschen Wetterdienstes (DWD) Wolkenfelder auf und es wird eine… [+1171 chars],,"Wettervorhersage: Sommerliche Temperaturen von Unwettern begleitet. Bis zu 30 Grad, aber kein stabiles Sommerwetter: Berlin und Brandenburg stehen vor Unwettern mit Starkregen, Sturmböen und Hagel.","Weather forecast: Summer temperatures accompanied by storms. Up to 30 degrees, but no stable summer weather: Berlin and Brandenburg are facing storms with heavy rain, squalls and hail.","Tempestas praenuntietur: Aestas temperaturas cum procellis. Usque ad 30 gradus, sed nulla tempestas aestatis stabilis est: Berlin et Brandenburgica sunt tempestates cum pluvia, procellis et grandinibus.",2026-07-16 11:46:30+00:00
7e903f65da510091b6afb0514719e5a5,2026-07-15T04:14:12Z,'Sommer',www.tagesspiegel.de,de,0.9,Sommerliche Temperaturen und Unwetter: Starkregen und Gewitter drohen in Berlin und Brandenburg,"Bis zu 30 Grad, aber kein stabiles Sommerwetter: Berlin und Brandenburg stehen vor Unwettern mit Starkregen, Sturmböen und Hagel.",https://www.tagesspiegel.de/berlin/sommerliche-temperaturen-und-unwetter-starkregen-und-gewitter-drohen-in-berlin-und-brandenburg-15839445.html,https://www.tagesspiegel.de/images/15771982/alternates/BASE_16_9_W1400/1782711998000/unwetter-und-starkregen-am-montag.jpeg,,Temperaturen bis zu 30 Grad kommen auf Berlin und Brandenburg zu und gleichzeitig drohen Unwetter. Am Mittwoch ziehen nach Angaben des Deutschen Wetterdienstes (DWD) Wolkenfelder auf und es wird eine… [+1834 chars],,"Sommerliche Temperaturen und Unwetter: Starkregen und Gewitter drohen in Berlin und Brandenburg. Bis zu 30 Grad, aber kein stabiles Sommerwetter: Berlin und Brandenburg stehen vor Unwettern mit Starkregen, Sturmböen und Hagel.","Summer temperatures and storms: heavy rain and thunderstorms threaten Berlin and Brandenburg. Up to 30 degrees, but no stable summer weather: Berlin and Brandenburg are facing storms with heavy rain, squalls and hail.","Temperatura aestas et procellae: pluviae et tonitrua graves Berolini et Brandenburgenses minantur. Usque ad 30 gradus, sed nulla tempestas aestatis stabilis est: Berlin et Brandenburgica sunt tempestates cum pluvia, procellis et grandinibus.",2026-07-16 11:46:30+00:00
bec830bc54d0fc0553f12404dc4c7faa,2026-07-15T04:58:21Z,'Gewitter',www.faz.net,de,0.9,Königin Luise und Paretz: Preußens Engel und sein Sommerschloss,Auf Schloss Paretz bei Potsdam erlebte die preußische Königin Luise unbeschwerte Tage. Zum Mythos aber wurde sie durch ihre Begegnung mit Napoleon. Davon erzählt eine Ausstellung in den Schlossräumen.,https://www.faz.net/aktuell/reise/der-engel-preussens-koenigin-luise-und-schloss-paretz-accg-200986422.html,https://media0.faz.net/image/w1200h627/4abf951e3612/w5162h2697x0y346o/202607/43601.0.2330411800/preussische-bescheidenheit.webp,http://web.archive.org/web/20260715094625/https://www.faz.net/aktuell/reise/der-engel-preussens-koenigin-luise-und-schloss-paretz-accg-200986422.html,"Luise von Preußen, Königin von 1797 bis zu ihrem Tod 1810, war einmal so etwas wie ein deutscher Nationalmythos. Bis zum frühen zwanzigsten Jahrhundert riss die Reihe von wissenschaftlichen Studien, … [+8669 chars]",,Königin Luise und Paretz: Preußens Engel und sein Sommerschloss. Auf Schloss Paretz bei Potsdam erlebte die preußische Königin Luise unbeschwerte Tage. Zum Mythos aber wurde sie durch ihre Begegnung mit Napoleon. Davon erzählt eine Ausstellung in den Schlossräumen.,Queen Luise and Paretz: Prussia's angels and its summer palace. The Prussian Queen Luise experienced carefree days at Paretz Castle near Potsdam. But she became a myth through her encounter with Napoleon. An exhibition in the castle rooms tells about this.,Regina Ludouici et Paretz: Prussiae angeli eiusque aulam aestivam. Ludouicus regina Prussiana dies securos in Paretz Castle prope Potsdam expertus est. Sed fabula facta est per congressionem cum Napoleone. Exhibitio in cella castri de hoc narrat.,2026-07-16 11:46:30+00:00
9a67a063b6b2ad9f55f91bef6aa93c27,2026-07-15T05:26:03Z,'Gewitter',www.morgenpost.de,de,0.9,Bis zu 30 Grad in Berlin und Brandenburg – doch Starkregen und Gewitter drohen,"Der DWD erwartet in den kommenden Tagen sommerliche Temperaturen für Berlin und Brandenburg, aber auch Starkregen und Gewitter.",https://www.morgenpost.de/berlin/article412581942/bis-zu-30-grad-in-berlin-und-brandenburg-doch-starkregen-und-gewitter-drohen.html,https://img.sparknews.funkemedien.de/412581952/412581952_1784093153_v16_9_1600.jpeg,,Berlin und Brandenburg stehen am Mittwoch vor einer Mischung aus Sommerwärme und Unwettergefahr. Der Deutsche Wetterdienst (DWD) erwartet Temperaturen von bis zu 30 Grad. Neben längeren sonnigen Absc… [+1037 chars],,"Bis zu 30 Grad in Berlin und Brandenburg – doch Starkregen und Gewitter drohen. Der DWD erwartet in den kommenden Tagen sommerliche Temperaturen für Berlin und Brandenburg, aber auch Starkregen und Gewitter.","Up to 30 degrees in Berlin and Brandenburg - but there is a threat of heavy rain and thunderstorms. The DWD expects summer temperatures for Berlin and Brandenburg in the coming days, but also heavy rain and thunderstorms.","Usque ad 30 gradus Berolini et Brandenburgici est, sed comminatio est pluviae et tonitribus. DWD temperaturas aestivas Berolini et Brandenburgici in diebus venturis exspectat, sed etiam pluvias et tonitrua graves.",2026-07-16 11:46:30+00:00
fcde46ca59596cbe8ed9d60ada03d937,2026-07-15T07:04:14Z,'Gewitter',www.zeit.de,de,0.9,Extremwetter: Mehrere Verletzte und Stromausfälle bei Unwettern in Süddeutschland,Bei einem schweren Unwetter in der Region um Nürnberg sind mehrere Menschen verletzt worden. Auch in Reutlingen waren Einsatzkräfte wegen heftiger Gewitter im Einsatz.,https://www.zeit.de/gesellschaft/zeitgeschehen/2026-07/unwetter-reutlingen-hagel-ueberschwemmungen-feuerwehr,https://img.zeit.de/gesellschaft/zeitgeschehen/2026-07/unwetter-reutlingen-hagel-ueberschwemmungen-feuerwehr-foto-1/wide__1300x731,,Aufgrund eines starken Unwetters in der Region um Nürnberg sind am Dienstagabend mehrere Menschen verletzt worden. Eine Person sei in Nürnberg von einem umstürzenden Baum getroffen und mit schweren V… [+487 chars],,Extremwetter: Mehrere Verletzte und Stromausfälle bei Unwettern in Süddeutschland. Bei einem schweren Unwetter in der Region um Nürnberg sind mehrere Menschen verletzt worden. Auch in Reutlingen waren Einsatzkräfte wegen heftiger Gewitter im Einsatz.,Extreme weather: Several injuries and power outages during storms in southern Germany. Several people were injured in a severe storm in the Nuremberg region. Emergency services were also deployed in Reutlingen due to severe thunderstorms.,Extrema tempestas: Multae iniuriae et potentiae outages in procellis in Germania meridionali. Plures homines in regione Norimberga gravi tempestate vulnerati sunt. Servitia subitis etiam in Reutlingen propter gravia tonitribus procellis laxata sunt.,2026-07-16 11:46:30+00:00
eabd9c46c93dd02bc3a2473add1a19ed,2026-07-15T07:40:09Z,'Sommer',www.zeit.de,de,0.9,Wetter: Auch Donner und Blitze in den nächsten Sommertagen möglich,Hier finden Sie Informationen zu dem Thema „Wetter“. Lesen Sie jetzt „Auch Donner und Blitze in den nächsten Sommertagen möglich“.,https://www.zeit.de/news/2026-07/15/auch-donner-und-blitze-in-den-naechsten-sommertagen-moeglich,https://img.zeit.de/news/2026-07/15/auch-donner-und-blitze-in-den-naechsten-sommertagen-moeglich-image-group/wide__1300x731,,In Rheinland-Pfalz und dem Saarland bleibt es zur Wochenmitte heiß und überwiegend sonnig. Im Tagesverlauf werden nach Angaben des Deutschen Wetterdienstes (DWD) in Offenbach Höchstwerte zwischen 28 … [+823 chars],,Wetter: Auch Donner und Blitze in den nächsten Sommertagen möglich. Hier finden Sie Informationen zu dem Thema „Wetter“. Lesen Sie jetzt „Auch Donner und Blitze in den nächsten Sommertagen möglich“.,Weather: Thunder and lightning are also possible in the next few summer days. Here you will find information on the topic of “weather”. Now read “Thunder and lightning also possible in the next summer days”.,"Tempestas: tonitrua et fulgura etiam paucis diebus aestatis possibilia sunt. Hic informationes invenies in argumento ""tempestatis"". Nunc legere ""Tonit et fulgur etiam proximis diebus aestatis possibilis est"".",2026-07-16 11:46:30+00:00
5c60365d047e05e9f7cb4799e0ff2aa6,2026-07-15T08:17:52Z,'Gewitter',www.zeit.de,de,0.9,"Wetter: Sonne, Gewitter und Unwetter wechseln sich in Hessen ab","Hier finden Sie Informationen zu dem Thema „Wetter“. Lesen Sie jetzt „Sonne, Gewitter und Unwetter wechseln sich in Hessen ab“.",https://www.zeit.de/news/2026-07/15/sonne-gewitter-und-unwetter-wechseln-sich-in-hessen-ab,https://img.zeit.de/news/2026-07/15/sonne-gewitter-und-unwetter-wechseln-sich-in-hessen-ab-image-group/wide__1300x731,,"Sonnenbrille oder Regenschirm? Die Menschen in Hessen sollten in den nächsten Tagen besser beides parat haben. Am Mittwoch sei zunächst mit sonnigem und trockenem Wetter zu rechnen, teilt der Deutsch… [+821 chars]",,"Wetter: Sonne, Gewitter und Unwetter wechseln sich in Hessen ab. Hier finden Sie Informationen zu dem Thema „Wetter“. Lesen Sie jetzt „Sonne, Gewitter und Unwetter wechseln sich in Hessen ab“.","Weather: Sun, thunderstorms and storms alternate in Hesse. Here you will find information on the topic of “weather”. Now read “Sun, thunderstorms and storms alternate in Hesse”.","Tempestas: sol, tonitrua et procellae alternantur in Hassia. Hic informationes invenies in argumento ""tempestatis"". Nunc lege ""sol, tonitrua et procellae in Hassia alternant"".",2026-07-16 11:46:30+00:00
7935427c3da61fdf71eaf36c787df42f,2026-07-15T08:26:48Z,'Gewitter',www.faz.net,de,0.9,"Rhein-Main-Liveblog: Sonne, Gewitter und Unwetter wechseln sich in Hessen ab",Diebin dank Gepäcktracker gefasst +++ Eschwege: Rettungskräfte bergen toten Mann aus Baggersee +++ Lohbergtunnel mehrere Nächte lange gesperrt +++ Liveblog zu Rhein-Main und Hessen,https://www.faz.net/aktuell/rhein-main/sonne-gewitter-und-unwetter-wechseln-sich-in-hessen-ab-aktuelle-nachrichten-aus-frankfurt-hessen-faz-19735361.html,https://media0.faz.net/image/w1200h627/4b445e25aef4/w5937h3102x0y428o/202607/43601.0.2334886196/in-hessen-wechseln-sich-hitze.webp,,"Teils heftige Gewitter und Unwetter sind in den kommenden Tagen in Hessen möglich. Wie der Deutsche Wetterdienst (DWD) in Offenbach am Main mitteilte, startet der Dienstag mit heiterem und sonnigem W… [+1033 chars]",,"Rhein-Main-Liveblog: Sonne, Gewitter und Unwetter wechseln sich in Hessen ab. Diebin dank Gepäcktracker gefasst +++ Eschwege: Rettungskräfte bergen toten Mann aus Baggersee +++ Lohbergtunnel mehrere Nächte lange gesperrt +++ Liveblog zu Rhein-Main und Hessen","Rhein-Main live blog: Sun, thunderstorms and storms alternate in Hesse. Thief caught thanks to luggage tracker +++ Eschwege: Rescue workers rescue dead man from quarry pond +++ Lohberg tunnel closed for several nights +++ Live blog about Rhine-Main and Hesse","Rhein-Main live blog: Sol, tonitrua et procellae in Hassia alternant. Fur deprehensus propter sarcinas venato +++ Eschwege: Eripe me opifices mortuum e laco laco +++ Lohberg cuniculum clausis aliquot noctibus +++ Vive blog circa Rhenum-Main et Hassiam.",2026-07-16 11:46:30+00:00
9e0d003b71d38cdc4a2512def37ed9e3,2026-07-15T09:40:34Z,'Gewitter',www.sueddeutsche.de,de,0.9,Wetter in Bayern: Es bleibt hochsommerlich - Warnung vor neuerlichen Gewittern,Es bleibt heiß im Freistaat - doch mit der Hitze kommen wieder Gewitter mit Starkregen und Hagel. Wo die Gefahr besonders groß ist.,https://www.sueddeutsche.de/bayern/bayern-gewitter-warnung-hagel-starkregen-orkanboeen-li.3516396,https://www.sueddeutsche.de/2026/07/15/50c4ab72-7a7f-4d82-8c1f-1fbdd292bd4b.jpg?q=60&fm=webp&width=1200&rect=0%2C209%2C4000%2C2250,,"Auch der Mittwoch sollte laut Deutschem Wetterdienst (DWD) eher unruhig werden: Die Meteorologen erwarteten landesweit einen Mix aus Sonne und Wolken, im Süden mit im Laufe des Tages wieder steigende… [+1228 chars]",,Wetter in Bayern: Es bleibt hochsommerlich - Warnung vor neuerlichen Gewittern. Es bleibt heiß im Freistaat - doch mit der Hitze kommen wieder Gewitter mit Starkregen und Hagel. Wo die Gefahr besonders groß ist.,Weather in Bavaria: It remains midsummer - warning of new thunderstorms. It remains hot in the Free State - but with the heat come thunderstorms with heavy rain and hail. Where the danger is particularly great.,Tempestas in Bavaria: manet solstitio - monitus novorum tonitruum. Calefactum manet in libera re publica - sed cum calore tonitrua veniunt cum pluvia et grandine gravi. Ubi periculum maximum est.,2026-07-16 11:46:30+00:00
43686b1457dc3ef84cc4a622935208fb,2026-07-15T09:47:55Z,'Gewitter',www.tagesspiegel.de,de,0.9,Schweres Gewitter: Sechs Soldaten bei Blitzeinschlag verletzt,"Ein Gewitter, ein lauter Knall: Sechs junge Soldaten werden vom Blitz überrascht. Wie geht es den Verletzten?",https://www.tagesspiegel.de/gesellschaft/panorama/schweres-gewitter-sechs-soldaten-bei-blitzeinschlag-verletzt-15840379.html,https://www.tagesspiegel.de/images/15840378/alternates/BASE_16_9_W1400/1784108875000/gewitter-in-bayern.jpeg,,Bei einem Blitzeinschlag im oberbayerischen Landkreis Garmisch-Partenkirchen sind sechs Soldaten der Bundeswehr verletzt worden. Die Soldaten im Alter von 18 bis 26 Jahren befanden sich am frühen Mor… [+676 chars],,"Schweres Gewitter: Sechs Soldaten bei Blitzeinschlag verletzt. Ein Gewitter, ein lauter Knall: Sechs junge Soldaten werden vom Blitz überrascht. Wie geht es den Verletzten?","Severe thunderstorm: Six soldiers injured in lightning strike. A thunderstorm, a loud bang: six young soldiers are surprised by lightning. How are the injured?","Gravis tonitribus: Sex milites laesi de caelo. Tonitruum, fortissima: sex adulescentes fulmine mirantur. Quomodo laesi sunt?",2026-07-16 11:46:30+00:00
81c1b7033db9dad00123e01af69e2780,2026-07-15T08:38:05Z,'Niedrigwasser',www.faz.net,de,0.9,Hitze-Liveblog: Blitz schlägt ein – Frau erleidet Stromschlag,Sie hatte ein Smartphone in der Hand +++ Der Bund startet ein Warnsystem für Niedrigwasser +++ Warnung vor einem „Super El Niño“ +++ alle Entwicklungen im Liveblog,https://www.faz.net/aktuell/gesellschaft/menschen/liveticker-zur-hitzewelle-in-deutschland-blitz-schlaegt-ein-frau-erleidet-stromschlag-faz-200949959.html,https://media0.faz.net/image/w1200h627/273aac5e7729/w3612h1887x0y374o/202607/43601.0.2337899177/blitze-entladen-sich-waehrend.webp,,"Die Stadt München hat am Dienstag mehrere Regeln für den Wasserverbrauch aufgestellt, der nach Angaben der Stadt zuletzt deutlich von 300 auf 360 Millionen Liter pro Tag angestiegen ist. Verboten ist… [+990 chars]",,Hitze-Liveblog: Blitz schlägt ein – Frau erleidet Stromschlag. Sie hatte ein Smartphone in der Hand +++ Der Bund startet ein Warnsystem für Niedrigwasser +++ Warnung vor einem „Super El Niño“ +++ alle Entwicklungen im Liveblog,Heat live blog: Lightning strikes – woman suffers electric shock. She had a smartphone in her hand +++ The federal government is launching a warning system for low water +++ Warning of a “Super El Niño” +++ all developments in the live blog,"Calor vivo blog: Fulmen ferit – mulier inpulsa electrica patitur. Mauris quis felis in manu habuit +++ Foederatum Imperium systema admonitionis ad aquam demissam +++ Admonitio ""Super El Niño"" +++ omnes progressus in diario vivo",2026-07-16 16:23:30+00:00
ef8b2db013a2f94646530d6d88d7ac90,2026-07-16T04:14:23Z,'Gewitter',www.zeit.de,de,0.9,Wetter: Gewitter und Starkregen – Unwetter am Freitag möglich,Hier finden Sie Informationen zu dem Thema „Wetter“. Lesen Sie jetzt „Gewitter und Starkregen – Unwetter am Freitag möglich“.,https://www.zeit.de/news/2026-07/16/gewitter-und-starkregen-unwetter-am-freitag-moeglich,https://img.zeit.de/news/2026-07/16/gewitter-und-starkregen-unwetter-am-freitag-moeglich-image-group/wide__1300x731,http://web.archive.org/web/20260716051110/https://www.zeit.de/news/2026-07/16/gewitter-und-starkregen-unwetter-am-freitag-moeglich,"In Sachsen kommt es am Donnerstag vereinzelt zu Gewittern, Starkregen und Sturmböen. Diese kommen jedoch nur lokal begrenzt ab dem Mittag im Bergland und der Oberlausitz vor, heißt es vom Deutschen W… [+834 chars]",,Wetter: Gewitter und Starkregen – Unwetter am Freitag möglich. Hier finden Sie Informationen zu dem Thema „Wetter“. Lesen Sie jetzt „Gewitter und Starkregen – Unwetter am Freitag möglich“.,Weather: Thunderstorms and heavy rain – storms possible on Friday. Here you will find information on the topic of “weather”. Now read “Thunderstorms and heavy rain – severe weather possible on Friday”.,"Tempestas: Tonitruum et pluviae graves - die Veneris procellae fieri possunt. Hic informationes invenies in argumento ""tempestatis"". Nunc lege ""Procellae et pluviae graves - diebus Veneris in gravibus tempestatibus possibilis"".",2026-07-17 16:21:18+00:00
5899465e8d7eff8bda1c35facfa0da87,2026-07-16T04:32:33Z,'Gewitter',www.zeit.de,de,0.9,Erhöhtes Unwetterpotential: Gewitter und Unwetter über Berlin und Brandenburg erwartet,Hier finden Sie Informationen zu dem Thema „Erhöhtes Unwetterpotential“. Lesen Sie jetzt „Gewitter und Unwetter über Berlin und Brandenburg erwartet“.,https://www.zeit.de/news/2026-07/16/gewitter-und-unwetter-ueber-berlin-und-brandenburg-erwartet,https://img.zeit.de/news/2026-07/16/gewitter-und-unwetter-ueber-berlin-und-brandenburg-erwartet-image-group/wide__1300x731,http://web.archive.org/web/20260716095032/https://www.zeit.de/news/2026-07/16/gewitter-und-unwetter-ueber-berlin-und-brandenburg-erwartet,"Gewitter ziehen in den kommenden Tagen über Berlin und Brandenburg. Am Freitag sind Unwetter möglich, wie der Deutsche Wetterdienst (DWD) mitteilte. 
Heute rechnet der DWD noch mit einer geringen Ge… [+1659 chars]",,Erhöhtes Unwetterpotential: Gewitter und Unwetter über Berlin und Brandenburg erwartet. Hier finden Sie Informationen zu dem Thema „Erhöhtes Unwetterpotential“. Lesen Sie jetzt „Gewitter und Unwetter über Berlin und Brandenburg erwartet“.,Increased severe weather potential: thunderstorms and storms expected over Berlin and Brandenburg. Here you will find information on the topic of “increased severe weather potential”. Now read “Thunderstorms and storms expected over Berlin and Brandenburg”.,"Tempestates graves auctae sunt potentiae: tonitribus et procellis per Berolinum et Brandenburgum expectati. Hic informationes invenies in argumento ""gravis tempestatis potentiae auctae"". Nunc legitur ""procellae et tempestates Berolinensi et Brandenburgico expectatae"".",2026-07-17 16:21:18+00:00
0e2e43569aa69f2fbb6af85a425115df,2026-07-16T04:33:10Z,'Gewitter',www.tagesspiegel.de,de,0.9,Ende der Hitze: DWD warnt vor schweren Gewittern in Deutschland,"Heftige Gewitter mit Starkregen, Hagel und Sturm sind vor allem im Süden zu befürchten. Am Freitag sorgt dann ein Wechsel der Luftmassen für Abkühlung und bringt das Ende der Hitze.",https://www.tagesspiegel.de/wissen/ende-der-hitze-dwd-warnt-vor-schweren-gewittern-in-deutschland-15844799.html,https://www.tagesspiegel.de/images/15844800/alternates/BASE_16_9_W1400/1784176345000/wetter-in-erfurt.jpeg,http://web.archive.org/web/20260716125303/https://www.tagesspiegel.de/wissen/ende-der-hitze-dwd-warnt-vor-schweren-gewittern-in-deutschland-15844799.html,Schwere Gewitter mit heftigem Starkregen und Hagel werden heute vor allem im Süden Deutschlands erwartet. Ab Nachmittag rechnet der Deutsche Wetterdienst (DWD) mit heftigem Starkregen um 30 Liter pro… [+2002 chars],,"Ende der Hitze: DWD warnt vor schweren Gewittern in Deutschland. Heftige Gewitter mit Starkregen, Hagel und Sturm sind vor allem im Süden zu befürchten. Am Freitag sorgt dann ein Wechsel der Luftmassen für Abkühlung und bringt das Ende der Hitze.","End of the heat: DWD warns of severe thunderstorms in Germany. Violent thunderstorms with heavy rain, hail and storms are to be feared, especially in the south. On Friday, a change in the air masses will cool things down and bring an end to the heat.","Extremum aestus: DWD gravia tonitribus monet in Germania. Tonitrua violenta cum pluvia, grandines et procellae metuendae sunt, praesertim ad meridiem. Feria sexta, in mutatione aeris massae res refrigescant et finem calori reddant.",2026-07-17 16:21:18+00:00
014fe80fda3910fac4c405a5905b6b7d,2026-07-16T04:33:23Z,'Gewitter',www.tagesspiegel.de,de,0.9,Erhöhtes Unwetterpotential: Gewitter und Unwetter über Berlin und Brandenburg erwartet,"Blitze, Donner, Starkregen: Der DWD warnt vor Gewittern über Berlin und Brandenburg. Zum Wochenende hin gilt ein „erhöhtes Unwetterpotential“.",https://www.tagesspiegel.de/berlin/erhohtes-unwetterpotential-gewitter-und-unwetter-uber-berlin-und-brandenburg-erwartet-15844802.html,https://www.tagesspiegel.de/images/15844801/alternates/BASE_16_9_W1400/1784176403000/gewitter-uber-brandenburg.jpeg,,"Gewitter ziehen in den kommenden Tagen über Berlin und Brandenburg. Am Freitag sind Unwetter möglich, wie der Deutsche Wetterdienst (DWD) mitteilte. 
Heute rechnet der DWD noch mit einer geringen Ge… [+1711 chars]",,"Erhöhtes Unwetterpotential: Gewitter und Unwetter über Berlin und Brandenburg erwartet. Blitze, Donner, Starkregen: Der DWD warnt vor Gewittern über Berlin und Brandenburg. Zum Wochenende hin gilt ein „erhöhtes Unwetterpotential“.","Increased severe weather potential: thunderstorms and storms expected over Berlin and Brandenburg. Lightning, thunder, heavy rain: The DWD warns of thunderstorms over Berlin and Brandenburg. There is an “increased potential for severe weather” heading into the weekend.","Tempestates graves auctae sunt potentiae: tonitribus et procellis per Berolinum et Brandenburgum expectati. Fulgura, tonitrua, pluviae graves: DWD tonitribus super Berolinum et Brandenburgum monet. Est ""potentia aucta pro gravibus tempestatibus"" petentis in volutpat vestibulum.",2026-07-17 16:21:18+00:00
be060f62a2f130c7c308f9f789e70452,2026-07-16T05:25:32Z,'Gewitter',www.morgenpost.de,de,0.9,Hitze und schwüle Luft in Berlin: Wetterdienst rechnet mit Unwetter,Noch ist es in Berlin sommerlich warm. Doch schon am Freitag könnte es knallen. Heftige Gewitter und sogar Unwetter sollen möglich sein.,https://www.morgenpost.de/berlin/article412591632/hitze-und-schwuele-luft-in-berlin-deutscher-wetterdienst-warnt-vor-unwetter.html,https://img.sparknews.funkemedien.de/412591653/412591653_1784179912_v16_9_1600.jpeg,,"Gewitter ziehen in den kommenden Tagen über Berlin und Brandenburg. Am Freitag sind Unwetter möglich, wie der Deutsche Wetterdienst (DWD) mitteilte. 
Heute rechnet der DWD noch mit einer geringen Ge… [+1638 chars]",,Hitze und schwüle Luft in Berlin: Wetterdienst rechnet mit Unwetter. Noch ist es in Berlin sommerlich warm. Doch schon am Freitag könnte es knallen. Heftige Gewitter und sogar Unwetter sollen möglich sein.,Heat and humid air in Berlin: Weather service expects storms. It is still warm in summer in Berlin. But there could be a bang as early as Friday. Heavy thunderstorms and even storms are said to be possible.,Calor et humidus aer in Berlin: Tempestas ministerium tempestatum exspectat. Aestate adhuc Berolinensi calescit. Sed crepitus esse potuit tam mane quam Veneris. Tonitrua gravia ac etiam procellae fieri posse dicuntur.,2026-07-17 16:21:18+00:00
8ae7efadd4152881b60a0dc6072a1bbd,2026-07-16T05:35:08Z,'Gewitter',www.spektrum.de,de,0.9,Hitzewelle: Weiterhin Unwettergefahr - dann Abkühlung,"Heftige Gewitter mit Starkregen, Hagel und Sturm sind vor allem im Süden zu befürchten. Am Freitag sorgt dann ein Wechsel der Luftmassen für Abkühlung.",https://www.spektrum.de/news/hitzewelle-weiterhin-unwettergefahr-dann-abkuehlung/2334795,https://static.spektrum.de/fm/912/f1920x1080/iStock-1401199314.jpg,,"In Reutlingen sorgten Starkregen und ein Hagelsturm mit bis zu fünf Zentimeter großen Körnern für vollgelaufene Keller, überflutete Straßen und einen zeitweisen Stromausfall für rund 6000 Haushalte. … [+758 chars]",,"Hitzewelle: Weiterhin Unwettergefahr - dann Abkühlung. Heftige Gewitter mit Starkregen, Hagel und Sturm sind vor allem im Süden zu befürchten. Am Freitag sorgt dann ein Wechsel der Luftmassen für Abkühlung.","Heat wave: There is still a risk of severe weather - then cooling down. Violent thunderstorms with heavy rain, hail and storms are to be feared, especially in the south. On Friday, a change in the air masses will cause cooling.","Fluctus aestus: Est adhuc periculum gravis tempestatis - tum refrigeratio descendit. Tonitrua violenta cum pluvia, grandines et procellae metuendae sunt, praesertim ad meridiem. Die Veneris, mutatio massae aeris refrigerandi causa erit.",2026-07-17 16:21:18+00:00
c7f4ce6ecec6e0bfe74e2eadebc452ba,2026-07-16T06:16:32Z,'Gewitter',www.zeit.de,de,0.9,Wettervorhersage: Wechselhaftes Wetter: Gewitter und Sonne in NRW erwartet,Hier finden Sie Informationen zu dem Thema „Wettervorhersage“. Lesen Sie jetzt „Wechselhaftes Wetter: Gewitter und Sonne in NRW erwartet“.,https://www.zeit.de/news/2026-07/16/wechselhaftes-wetter-gewitter-und-sonne-in-nrw-erwartet,https://img.zeit.de/news/2026-07/16/wechselhaftes-wetter-gewitter-und-sonne-in-nrw-erwartet-image-group/wide__1300x731,http://web.archive.org/web/20260716100448/https://www.zeit.de/news/2026-07/16/wechselhaftes-wetter-gewitter-und-sonne-in-nrw-erwartet,"In den kommenden Tagen zeigt sich das Wetter in Nordrhein-Westfalen wechselhaft: Neben sonnigen Abschnitten sind immer wieder Gewitter, Hagel und Sturmböen möglich. Wie der Deutsche Wetterdienst (DWD… [+1205 chars]",,Wettervorhersage: Wechselhaftes Wetter: Gewitter und Sonne in NRW erwartet. Hier finden Sie Informationen zu dem Thema „Wettervorhersage“. Lesen Sie jetzt „Wechselhaftes Wetter: Gewitter und Sonne in NRW erwartet“.,Weather forecast: Changeable weather: thunderstorms and sun expected in NRW. Here you will find information on the subject of “weather forecast”. Read “Changable weather: thunderstorms and sun expected in NRW” now.,"Tempestas praenuntietur: tempestas mutabilis: tonitribus et sol exspectatur in NRW. Hic invenies informationes de re ""tempestatis praenuntientur"". Lege ""Tempestas mutabilis: tonitruum et sol exspectatus in NRW"" nunc.",2026-07-17 16:21:18+00:00
892adea1022b7da4e45f8266eb93ccdd,2026-07-16T09:28:54Z,'Gewitter',www.nzz.ch,de,0.9,"Miesmuscheln, Vongole – und sogar Touristen: wenn die Hitze alles wegbrennt","Italien verzeichnet bereits die dritte Hitzewelle in Folge in diesem Sommer. Erkundungen in einem Land, das geübt ist im Umgang mit Sommer und Wärme.",https://www.nzz.ch/panorama/hitzewelle-in-italien-wie-ein-land-mit-den-rekordtemperaturen-umgeht-ld.10015415,"https://img-msp-prod.nzz.ch/2026/07/16/c6c7ebd0-2b0d-4a12-b129-fea43d88efc5.jpg?width=1200&height=675&fit=bounds&quality=75&auto=webp&crop=5566,3131,x0,y290&wmark=nzz",,"Italien verzeichnet bereits die dritte Hitzewelle in Folge in diesem Sommer. Erkundungen in einem Land, das geübt ist im Umgang mit Sommer und Wärme.
Zusammenfassung
Hitzebedingt kaum Warteschlange… [+6565 chars]",,"Miesmuscheln, Vongole – und sogar Touristen: wenn die Hitze alles wegbrennt. Italien verzeichnet bereits die dritte Hitzewelle in Folge in diesem Sommer. Erkundungen in einem Land, das geübt ist im Umgang mit Sommer und Wärme.","Mussels, vongole – and even tourists: when the heat burns everything away. Italy is already experiencing its third consecutive heat wave this summer. Explorations in a country that is used to dealing with summer and warmth.","Conchae, vongole - atque etiam peregrinatores: cum calor omnia urit. Italiam iam tertio aestu undam in hoc ordine aestas commemorabat. Explorationes rusticae adhibentur in tractatione aestatis et caloris.",2026-07-17 16:21:18+00:00
03363e257a604d7388f3cf2a0be380a5,2026-07-16T09:44:26Z,'Gewitter',www.zeit.de,de,0.9,Wetter: Starkregen und Hagel: Gewitter bringen Wetterumschwung,Hier finden Sie Informationen zu dem Thema „Wetter“. Lesen Sie jetzt „Starkregen und Hagel: Gewitter bringen Wetterumschwung“.,https://www.zeit.de/news/2026-07/16/starkregen-und-hagel-gewitter-bringen-wetterumschwung,https://img.zeit.de/news/2026-07/16/starkregen-und-hagel-gewitter-bringen-wetterumschwung-image-group/wide__1300x731,,"Kräftige Gewitter leiten zum Wochenende einen Wetterumschwung ein. Dabei lassen sich zwei regionale Schwerpunkte ausmachen, wie der Deutsche Wetterdienst (DWD) mitteilt: über dem Norden und Nordosten… [+2049 chars]",,Wetter: Starkregen und Hagel: Gewitter bringen Wetterumschwung. Hier finden Sie Informationen zu dem Thema „Wetter“. Lesen Sie jetzt „Starkregen und Hagel: Gewitter bringen Wetterumschwung“.,Weather: Heavy rain and hail: Thunderstorms bring a change in the weather. Here you will find information on the topic of “weather”. Now read “Heavy rain and hail: Thunderstorms bring a change in the weather”.,"Tempestas: Imber gravis et grando: Procellae mutationem tempestatis afferunt. Hic informationes invenies in argumento ""tempestatis"". Nunc lego ""pluvia et grando: procellae mutationem tempestatum afferunt"".",2026-07-17 16:21:18+00:00
e37c761a31adac570f5390922b8f9ce7,2026-07-16T09:45:20Z,'Gewitter',www.tagesspiegel.de,de,0.9,Wetter: Starkregen und Hagel: Gewitter bringen Wetterumschwung,Die Hitzetage sind bald vorbei - kräftige Gewitter bringen Regen und vereinzelt Sturmböen. Zwei Regionen sind besonders betroffen. Der Deutsche Wetterdienst spricht von frühherbstlichen Temperaturen.,https://www.tagesspiegel.de/gesellschaft/panorama/wetter-starkregen-und-hagel-gewitter-bringen-wetterumschwung-15845898.html,https://www.tagesspiegel.de/images/15845897/alternates/BASE_16_9_W1400/1784195120000/erbsenernte-in-sachsen.jpeg,,"Kräftige Gewitter leiten zum Wochenende einen Wetterumschwung ein. Dabei lassen sich zwei regionale Schwerpunkte ausmachen, wie der Deutsche Wetterdienst (DWD) mitteilt: über dem Norden und Nordosten… [+2100 chars]",,Wetter: Starkregen und Hagel: Gewitter bringen Wetterumschwung. Die Hitzetage sind bald vorbei - kräftige Gewitter bringen Regen und vereinzelt Sturmböen. Zwei Regionen sind besonders betroffen. Der Deutsche Wetterdienst spricht von frühherbstlichen Temperaturen.,Weather: Heavy rain and hail: Thunderstorms bring a change in the weather. The hot days will soon be over - strong thunderstorms will bring rain and occasional squalls. Two regions are particularly affected. The German Weather Service speaks of early autumn temperatures.,Tempestas: Imber gravis et grando: Procellae mutationem tempestatis afferunt. Aestus dies mox supererit - Fortis tonitrua pluviam et interdum procellas afferent. Duae regiones praecipue afficiuntur. Officium Tempestatis Germanicae loquitur de primis autumni calores.,2026-07-17 16:21:18+00:00
8ff1c0a98f3b4066257cf7c3a01f2aed,2026-07-16T10:40:52Z,'Gewitter',www.zeit.de,de,0.9,Gewitter löst Gestein: Tonnenschwerer Felsblock kracht nach Unwetter in Hausdach,Hier finden Sie Informationen zu dem Thema „Gewitter löst Gestein“. Lesen Sie jetzt „Tonnenschwerer Felsblock kracht nach Unwetter in Hausdach“.,https://www.zeit.de/news/2026-07/16/tonnenschwerer-felsblock-kracht-nach-unwetter-in-hausdach,https://img.zeit.de/news/2026-07/16/tonnenschwerer-felsblock-kracht-nach-unwetter-in-hausdach-image-group/wide__1300x731,http://web.archive.org/web/20260716111922/https://www.zeit.de/news/2026-07/16/tonnenschwerer-felsblock-kracht-nach-unwetter-in-hausdach,"Nach einem kräftigen Unwetter in Starzach in Baden-Württemberg ist ein rund eine Tonne schwerer Felsblock auf ein Wohnhaus gestürzt. Der Felsbrocken löste sich von einem Hang, durchschlug das Dach un… [+1217 chars]",,Gewitter löst Gestein: Tonnenschwerer Felsblock kracht nach Unwetter in Hausdach. Hier finden Sie Informationen zu dem Thema „Gewitter löst Gestein“. Lesen Sie jetzt „Tonnenschwerer Felsblock kracht nach Unwetter in Hausdach“.,Thunderstorm loosens rock: boulder weighing tons crashes into roof of house after storm. Here you will find information on the topic “Thunderstorms loosen rocks”. Now read “Boulder weighing several tons crashes into roof of house after storm”.,"Tonitruum petra solvit: saxum appendens talentorum fragores in tecto domus post tempestatem. Hic informationes invenies in argumento ""Saxa tonitrua solve"". Nunc legitur ""Saxum pondo aliquot talentorum fragores in tecto domus post tempestatem"".",2026-07-17 16:21:18+00:00
b17fc4658c4449cf2237db29b4c76a2d,2026-07-16T11:09:27Z,'Gewitter',www.faz.net,de,0.9,Nach Hitze in Deutschland: Kräftige Gewitter bringen Wetterumschwung,Die Hitzetage sind bald vorbei: Kräftige Gewitter mit Starkregen und Hagel werden zum Wochenende erwartet. Zwei Regionen sind besonders betroffen.,https://www.faz.net/aktuell/gesellschaft/wie-wird-das-wetter-am-wochenende-accg-201036324.html,https://media0.faz.net/image/w1200h627/e4d70d7b8db3/w2749h1436x0y197o/202607/43601.0.2341486835/grund-fuer-die-aktuelle.webp,http://web.archive.org/web/20260716124555/https://www.faz.net/aktuell/gesellschaft/wie-wird-das-wetter-am-wochenende-accg-201036324.html,"Kräftige Gewitter leiten zum Wochenende einen Wetterumschwung ein. Dabei lassen sich zwei regionale Schwerpunkte ausmachen, wie der Deutsche Wetterdienst (DWD) mitteilt: über dem Norden und Nordosten… [+1982 chars]",,Nach Hitze in Deutschland: Kräftige Gewitter bringen Wetterumschwung. Die Hitzetage sind bald vorbei: Kräftige Gewitter mit Starkregen und Hagel werden zum Wochenende erwartet. Zwei Regionen sind besonders betroffen.,After heat in Germany: Strong thunderstorms bring a change in the weather. The hot days will soon be over: strong thunderstorms with heavy rain and hail are expected for the weekend. Two regions are particularly affected.,Post calorem in Germania: Fortis tonitrua mutationem tempestatum afferunt. Dies calidi mox supra erunt: Tonitruum validi cum pluvia gravi et grandine exspectantur volutpat. Duae regiones praecipue afficiuntur.,2026-07-17 16:21:18+00:00
d32edbb61af95b56db38a70952b5f3a7,2026-07-16T13:16:25Z,'Gewitter',www.zeit.de,de,0.9,Gewitter und Wetterumschwung: Wetterumschwung zum Wochenende mit Hagel und Starkregen,"Das Wetter schlägt zum Wochenende um und die Temperaturen sinken. Laut Deutschem Wetterdienst sind Starkregen, Hagel und Sturmböen möglich.",https://www.zeit.de/gesellschaft/2026-07/gewitter-wetterumschwung-starkregen-hagel-hoehentief,https://img.zeit.de/gesellschaft/2026-07/gewitter-wetterumschwung-starkregen-hagel-hoehentief-foto-1/wide__1300x731,http://web.archive.org/web/20260716214110/https://www.zeit.de/gesellschaft/2026-07/gewitter-wetterumschwung-starkregen-hagel-hoehentief,"Zum Wochenende kommt ein Wetterumschwung mit kräftigen Gewittern auf Deutschland zu. Wie der Deutsche Wetterdienst (DWD) mitteilte, sollen zwei Regionen schwerpunktmäßig betroffen sein: der Norden un… [+1939 chars]",,"Gewitter und Wetterumschwung: Wetterumschwung zum Wochenende mit Hagel und Starkregen. Das Wetter schlägt zum Wochenende um und die Temperaturen sinken. Laut Deutschem Wetterdienst sind Starkregen, Hagel und Sturmböen möglich.","Thunderstorms and weather changes: Weather changes for the weekend with hail and heavy rain. The weather is changing for the weekend and the temperatures are dropping. According to the German Weather Service, heavy rain, hail and squalls are possible.","Tonitruum et tempestatum mutationes: Tempestas mutationes volutpat cum grandine et pluvia gravi. Tempestas mutatur propter volutpat ac temperaturas cadunt. Secundum Service Tempestatis Germanicae, pluviae, grandines et procellae fieri possunt.",2026-07-17 16:21:18+00:00
00f43d50354a924b5bb1bdc48df4c8cd,2026-07-16T14:03:23Z,'Niedrigwasser',www.zeit.de,de,0.9,"Trockenheit: Elbe, Neiße, Pleiße - Niedrigwasserlage verschärft sich","Hier finden Sie Informationen zu dem Thema „Trockenheit“. Lesen Sie jetzt „Elbe, Neiße, Pleiße - Niedrigwasserlage verschärft sich“.",https://www.zeit.de/news/2026-07/16/elbe-neisse-pleisse-niedrigwasserlage-verschaerft-sich,https://img.zeit.de/news/2026-07/16/elbe-neisse-pleisse-niedrigwasserlage-verschaerft-sich-image-group/wide__1300x731,,Die anhaltende Trockenheit verschärft die Niedrigwasserlage in Sachsens Flüssen und Bächen. An mehr als der Hälfte (55 Prozent) der 147 ausgewerteten Pegel wurden zuletzt ungewöhnlich geringe Durchfl… [+2338 chars],,"Trockenheit: Elbe, Neiße, Pleiße - Niedrigwasserlage verschärft sich. Hier finden Sie Informationen zu dem Thema „Trockenheit“. Lesen Sie jetzt „Elbe, Neiße, Pleiße - Niedrigwasserlage verschärft sich“.","Drought: Elbe, Neisse, Pleiße - low water levels are getting worse. Here you will find information on the topic of “drought”. Now read “Elbe, Neisse, Pleiße – low water conditions are getting worse”.","Siccitas: Albis, Neisse, Pleiße - aqua humilis pejus gradus sunt. Hic informationes invenies in argumento « siccitatis ». Nunc lege “Elbe, Neisse, Pleiße – aquae condiciones pejus sunt”.",2026-07-17 16:21:18+00:00
b167d6979b855abf54fff08d760c7f23,2026-07-16T14:18:06Z,'Gewitter',www.zeit.de,de,0.9,Gewitterlage im Südwesten: Wetterdienst warnt vor Unwettern mit Hagel und Starkregen,Hier finden Sie Informationen zu dem Thema „Gewitterlage im Südwesten“. Lesen Sie jetzt „Wetterdienst warnt vor Unwettern mit Hagel und Starkregen“.,https://www.zeit.de/news/2026-07/16/wetterdienst-warnt-vor-unwettern-mit-hagel-und-starkregen,https://img.zeit.de/news/2026-07/16/wetterdienst-warnt-vor-unwettern-mit-hagel-und-starkregen-image-group/wide__1300x731,http://web.archive.org/web/20260716143817/https://www.zeit.de/news/2026-07/16/wetterdienst-warnt-vor-unwettern-mit-hagel-und-starkregen,"Nahezu ganz Baden-Württemberg muss im Tagesverlauf erneut mit heftigen Gewittern, Starkregen und Hagel rechnen. Der Deutsche Wetterdienst (DWD) veröffentlichte eine Unwetterwarnung für alle vier Regi… [+487 chars]",,Gewitterlage im Südwesten: Wetterdienst warnt vor Unwettern mit Hagel und Starkregen. Hier finden Sie Informationen zu dem Thema „Gewitterlage im Südwesten“. Lesen Sie jetzt „Wetterdienst warnt vor Unwettern mit Hagel und Starkregen“.,Thunderstorms in the southwest: Weather service warns of storms with hail and heavy rain. Here you will find information on the topic “Thunderstorm conditions in the southwest”. Now read “Weather service warns of storms with hail and heavy rain”.,"Procellae in Africo: Tempestas admonet tempestates ser- mones cum grandine et pluvia. Hic informationes invenies in themate ""condiciones tonitrui in Africo"". Nunc lege ""Tempestas officium monet procellas cum grandine et pluvia gravi"".",2026-07-17 16:21:18+00:00
b91eead994cc55c5d4623a12451f71f6,2026-07-16T15:16:16Z,'Schnee',www.derstandard.at,de,0.9,Warum Jahrhunderthochwasser in den Alpen doch häufiger passieren,Weniger Schnee und weniger Schmelzwasser führen im Bergland zu selteneren Hochwasserereignissen – so die Annahme. Eine neue Rechnung dreht diese Erwartung um,https://www.derstandard.at/story/3000000331750/warum-jahrhunderthochwasser-in-den-alpen-doch-haeufiger-passieren,https://i.ds.at/hL8Clw/rs:fill:1200:600/plain/lido-images/2024/09/20/4d3d9540-a70b-49f3-8d4d-6c1ba0953da0.jpeg,,"Ein heutiges 100-jährliches Hochwasserereignis könnte künftig fünf bis fünfzehn Prozent intensiver ausfallen und alle 45 bis 80 Jahre auftreten, ergab die neue Studie.
APA/HELMUT FOHRINGER
Der Somm… [+821 chars]",,Warum Jahrhunderthochwasser in den Alpen doch häufiger passieren. Weniger Schnee und weniger Schmelzwasser führen im Bergland zu selteneren Hochwasserereignissen – so die Annahme. Eine neue Rechnung dreht diese Erwartung um,Why floods of the century happen more often in the Alps. It is assumed that less snow and less meltwater lead to fewer flood events in mountainous areas. A new bill reverses that expectation,Quare inundationes saeculi saepius in Alpibus fiunt. Ponitur minus nix et minus meltwater ad eventus diluvii pauciores in locis montanis. Novum libellum adversas expectationem,2026-07-17 16:21:18+00:00
a65f8848960fd8fc945afaeacdef7a20,2026-07-16T15:09:02Z,'Sommer',www.faz.net,de,0.9,Knappheit im Sommer: Geht uns das Trinkwasser aus?,"Ein heißer Frühsommer, weniger Niederschläge, Dürre: Viele Kommunen in Deutschland schränken den Wasserkonsum ein. Wie steht es um unser Grundwasser und die Trinkwasserqualität?",https://www.faz.net/aktuell/gesellschaft/menschen/folgen-der-hitzewelle-geht-uns-im-sommer-das-trinkwasser-aus-201034289.html,https://media0.faz.net/image/w1200h627/ae57f6c735d8/w6144h3210x0y123o/202607/43601.0.2341657357/trockengelegt-der.webp,http://web.archive.org/web/20260717054428/https://www.faz.net/aktuell/gesellschaft/menschen/folgen-der-hitzewelle-geht-uns-im-sommer-das-trinkwasser-aus-201034289.html,"Die Hitzewelle hat Spuren hinterlassen. In Deutschland wurde nicht nur geschwitzt und geschimpft sondern auch viel Wasser verbraucht. Nun befürchten manche Regionen, dass das Wasser knapp wird. Desha… [+8964 chars]",,"Knappheit im Sommer: Geht uns das Trinkwasser aus?. Ein heißer Frühsommer, weniger Niederschläge, Dürre: Viele Kommunen in Deutschland schränken den Wasserkonsum ein. Wie steht es um unser Grundwasser und die Trinkwasserqualität?","Shortage in summer: Are we running out of drinking water? A hot early summer, less rainfall, drought: many municipalities in Germany are restricting water consumption. What is the status of our groundwater and drinking water quality?","Aestate inopia: Bibere aquam curritur? Aestas prima calida, minus pluvia, siccitas: multa municipia in Germania aqua consumptionis restringunt. Qualis est status nostrae aquae fundamenti et aquae potus?",2026-07-18 03:14:53+00:00
ae0894002e9fcd63fa3ec9eca05167fd,2026-07-03T07:33:37Z,'Erle',www.nzz.ch,de,0.9,LIVE-TICKER - Fussball-WM 2026: Baby Erle nach Erling Haaland benannt +++ Erstmals spielte die Schweiz richtig reif,"2026 findet die Fussball-WM in Kanada, Mexiko und den USA statt. Die wichtigsten News und Entwicklungen des Turniers im Liveblog.",https://www.nzz.ch/sport/fussball-wm-2026-baby-erle-nach-erling-haaland-benannt-erstmals-spielte-die-schweiz-richtig-reif-ld.10010036,"https://img-msp-prod.nzz.ch/2026/07/03/08bd2b89-0859-459b-9aac-f8d31388c997.jpg?width=1200&height=674&fit=bounds&quality=75&auto=webp&crop=4344,2443,x0,y0&wmark=nzz",,"Julian Nagelsmann hat seinen Rücktritt als Bundestrainer bekanntgegeben. In einer Mitteilung des Deutschen Fussball-Bundes erklärt der 38-Jährige seine Kehrtwende, nachdem er zuvor noch bekräftigt ha… [+1464 chars]",,"LIVE-TICKER - Fussball-WM 2026: Baby Erle nach Erling Haaland benannt +++ Erstmals spielte die Schweiz richtig reif. 2026 findet die Fussball-WM in Kanada, Mexiko und den USA statt. Die wichtigsten News und Entwicklungen des Turniers im Liveblog.","LIVE TICKER - Soccer World Cup 2026: Baby Erle named after Erling Haaland +++ For the first time, Switzerland played really maturely. In 2026 the World Cup will take place in Canada, Mexico and the USA. The most important news and developments from the tournament in the live blog.","LIVE TICKER - Soccus Mundi 2026: Baby Erle dictus ab Erling Haaland +++ Primum, Helvetia vere mature lusit. Anno 2026 Mundialis in Canada, Mexici et in USA fient. Praecipui nuntii et progressus in blog Vivamus torneamentum.",2026-07-18 07:03:38+00:00
116e2cf2c0b6334b2692df09edf8f1d4,2026-07-03T07:33:37Z,'Erle',www.nzz.ch,de,0.9,LIVE-TICKER - Fussball-WM 2026: So dürfen die Schweizer vom Viertelfinal träumen +++ Baby Erle nach Erling Haaland benannt,"2026 findet die Fussball-WM in Kanada, Mexiko und den USA statt. Die wichtigsten News und Entwicklungen des Turniers im Liveblog.",https://www.nzz.ch/sport/fussball-wm-2026-so-duerfen-die-schweizer-vom-viertelfinal-traeumen-baby-erle-nach-erling-haaland-benannt-ld.10010036,"https://img-msp-prod.nzz.ch/2026/07/03/ae575d26-efe5-4579-a2b1-42b990e0442e.jpg?width=1200&height=675&fit=bounds&quality=75&auto=webp&crop=2000,1125,x0,y92&wmark=nzz",,"Julian Nagelsmann hat seinen Rücktritt als Bundestrainer bekanntgegeben. In einer Mitteilung des Deutschen Fussball-Bundes erklärt der 38-Jährige seine Kehrtwende, nachdem er zuvor noch bekräftigt ha… [+1464 chars]",,"LIVE-TICKER - Fussball-WM 2026: So dürfen die Schweizer vom Viertelfinal träumen +++ Baby Erle nach Erling Haaland benannt. 2026 findet die Fussball-WM in Kanada, Mexiko und den USA statt. Die wichtigsten News und Entwicklungen des Turniers im Liveblog.","LIVE TICKER - Soccer World Cup 2026: This is how the Swiss can dream of the quarter-finals +++ Baby Erle named after Erling Haaland. In 2026 the World Cup will take place in Canada, Mexico and the USA. The most important news and developments from the tournament in the live blog.","VIVERE TICKER - Soccus Mundi 2026: Hoc modo Helvetii somniare possunt de quarta parte finali +++ Baby Erle nomine ab Erling Haaland. Anno 2026 Mundialis in Canada, Mexici et in USA fient. Praecipui nuntii et progressus in blog Vivamus torneamentum.",2026-07-18 07:03:38+00:00
a0589c4710ec68bd8bf340b17874879f,2026-07-13T13:10:58Z,'Hochwasser',www.spektrum.de,de,0.9,Fünf Jahre nach der Flut 2021: »Mit Sirenen verändern wir den Wasserstand um keinen Zentimeter«,"Die Warnungen waren da. Warum die Katastrophe im Ahrtal dennoch verheerend ausfiel und welche Lehren Deutschland daraus ziehen muss, erklärt Hochwasserexperte Holger Schüttrumpf.",https://www.spektrum.de/news/hochwasserexperte-schuettrumpf-ueber-lehren-aus-der-flut-im-ahrtal/2333531,https://static.spektrum.de/fm/912/f1920x1080/IMG_7614.jpeg,,"Ich würde sogar sagen: Das Ereignis hat mein Leben verändert. Zusammen mit meiner Arbeitsgruppe habe ich seitdem unzählige Forschungsprojekte angeschoben, um aus dem, was da passiert ist, für die Zuk… [+9027 chars]",,"Fünf Jahre nach der Flut 2021: »Mit Sirenen verändern wir den Wasserstand um keinen Zentimeter«. Die Warnungen waren da. Warum die Katastrophe im Ahrtal dennoch verheerend ausfiel und welche Lehren Deutschland daraus ziehen muss, erklärt Hochwasserexperte Holger Schüttrumpf.","Five years after the 2021 flood: “With sirens, we don’t change the water level by a centimeter.” The warnings were there. Flood expert Holger Schüttrumpf explains why the disaster in the Ahr Valley was nevertheless devastating and what lessons Germany has to learn from it.","Quinque annis post 2021 diluvium: ""Sirenis aquam per centimeter aequam non mutamus."" Monita ibi erant. Diluvium peritus Holger Schüttrumpf exponit, cur clades in Valle Ahr nihilominus devastata sit et quae lectiones Germaniae habeat, inde discendum est.",2026-07-18 11:11:02+00:00
761a235b72a49bd7056287738252d3c4,2026-07-13T14:01:29Z,'Hochwasser',www.tagesspiegel.de,de,0.9,Fünf Jahre Ahrtal-Flut: „Unbürokratische Hilfe? Ist hier ein Schimpfwort“,Vor fünf Jahren zerstört ein Hochwasser das Ahrtal. Heute ist vieles wieder aufgebaut. Doch manche Schäden sind nur schwer zu reparieren. Sechs Betroffene berichten.,https://www.tagesspiegel.de/gesellschaft/funf-jahre-ahrtal-flut-unburokratische-hilfe-ist-hier-ein-schimpfwort-15832749.html,https://www.tagesspiegel.de/images/15834064/alternates/BASE_16_9_W1400/1783944565000/ahrtal013-15-07-2021-rheinland-pfalz-eifel-verwustungen-durch-das-hochwasser-der-ahr-in-dem-eifel-ort-schuld-im-ahrtal-ange.jpeg,http://web.archive.org/web/20260714022710/https://www.tagesspiegel.de/gesellschaft/funf-jahre-ahrtal-flut-unburokratische-hilfe-ist-hier-ein-schimpfwort-15832749.html,"Thorsten Rech, 44, Inhaber des Restaurants Bahnsteig 1 in Mayschoß und Gründer einer Initiative Flutgeschädigter, die auf die Bewilligung von Hilfsanträgen warten.
Ich habe so eine Flut nicht für mö… [+567 chars]",,Fünf Jahre Ahrtal-Flut: „Unbürokratische Hilfe? Ist hier ein Schimpfwort“. Vor fünf Jahren zerstört ein Hochwasser das Ahrtal. Heute ist vieles wieder aufgebaut. Doch manche Schäden sind nur schwer zu reparieren. Sechs Betroffene berichten.,Five years of the Ahrtal flood: “Unbureaucratic help? Is a dirty word here”. Five years ago a flood destroyed the Ahr valley. Today much has been rebuilt. But some damage is difficult to repair. Six affected people report.,"Quinque annos diluvii Ahrtal: ""Auxilium Unbureaucraticum? Estne verbum sordidum hic"". Abhinc quinque annos diluvium vallem Ahr delevit. Hodie multum refecta est. Sed damnum aliquod difficile est reparare. Affectata hominum fama Sex.",2026-07-18 11:11:02+00:00
842402a4c0e7221b548bb874147addce,2026-07-14T09:39:00Z,'Hochwasser',www.dw.com,de,0.9,Wie sich das Ahrtal vor der nächsten Flutkatastrophe schützt,"Schutzmauern, speziell konstruierte Brücken und wiederhergestellte Auen: Fünf Jahre nach der Jahrhundertflut wappnen sich die Menschen an der Ahr für das nächsten Hochwasser. Wenn Alexandra Wiemer an die Nacht des 14. Juli 2021 zurückdenkt, erinnert sie sich …",https://www.dw.com/de/ahr-flutkatastrophe-jahrhundertflut-d%C3%A4mme-hochwasserschutz-bad-neuenahr-katastrophenschutz-klima/a-77937874,https://static.dw.com/image/77724214_6.jpg,http://web.archive.org/web/20260715001138/https://www.dw.com/de/ahr-flutkatastrophe-jahrhundertflut-d%C3%A4mme-hochwasserschutz-bad-neuenahr-katastrophenschutz-klima/a-77937874,"Wenn Alexandra Wiemer an die Nacht des 14. Juli 2021 zurückdenkt, erinnert sie sich vor allem daran, wie das Wasser plötzlich ""praktisch von allen Seiten"" kam. Es war 22.30 Uhr, als sie merkte, wie e… [+7000 chars]",,"Wie sich das Ahrtal vor der nächsten Flutkatastrophe schützt. Schutzmauern, speziell konstruierte Brücken und wiederhergestellte Auen: Fünf Jahre nach der Jahrhundertflut wappnen sich die Menschen an der Ahr für das nächsten Hochwasser. Wenn Alexandra Wiemer an die Nacht des 14. Juli 2021 zurückdenkt, erinnert sie sich …","How the Ahr Valley protects itself from the next flood disaster. Protective walls, specially constructed bridges and restored floodplains: five years after the once-in-a-century flood, the people on the Ahr are preparing for the next flood. When Alexandra Wiemer thinks back to the night of July 14, 2021, she remembers...","Quomodo Vallis Ahr ab proximo diluvio calamitate se tutatur. Muri tutelae, pontes specialiter constructi et campi diluvii restituti: quinque annis post diluvium semel in saeculo, populus in Ahr proximum diluvium parant. Cum Alexandra Wiemer ad nocturnum 14 Iulii 2021 revocat, meminit...",2026-07-18 11:11:02+00:00
222a869d48bf0454d56ab1ead5437c1e,2026-07-14T10:00:41Z,'Hochwasser',www.bild.de,de,0.9,Gewitter und Unwetter - Wer zahlt bei Hagelschaden?,"Wetter-Chaos in Deutschland! Stürme, Regen und Gewitter richten innerhalb von Minuten große Zerstörungen an. Doch wer zahlt bei Schäden an Haus und Auto?",https://www.bild.de/leben-wissen/mein-recht-verbraucherportal/ueberschwemmung-was-die-versicherung-zahlt-und-was-nicht-6a55f3f104bf7e616bda7ee5,"https://images.bild.de/6a55f3f104bf7e616bda7ee5/94d867f8a4d4f3d4d49c02718025fe5a,3e1fd918?w=1280",http://web.archive.org/web/20260714202206/https://www.bild.de/leben-wissen/mein-recht-verbraucherportal/ueberschwemmung-was-die-versicherung-zahlt-und-was-nicht-6a55f3f104bf7e616bda7ee5,"TTS-Player überspringenArtikel weiterlesenErst trafen Starkregen, Hagel und Sturm am Montagabend Teile des Westens und Nordens. In der Nacht liefen Keller voll, Straßen standen unter Wasser, Autos un… [+3454 chars]",,"Gewitter und Unwetter - Wer zahlt bei Hagelschaden?. Wetter-Chaos in Deutschland! Stürme, Regen und Gewitter richten innerhalb von Minuten große Zerstörungen an. Doch wer zahlt bei Schäden an Haus und Auto?","Thunderstorms and storms - who pays for hail damage? Weather chaos in Germany! Storms, rain and thunderstorms cause great destruction within minutes. But who pays for damage to your house and car?","Procellae et procellae - Quis damnum luit grandinis? Tempestas chaos in Germania! Tempestates, pluviae et tonitrua magnam perniciem intus minutis faciunt. Sed quis domus ac currus damnum pensat?",2026-07-18 11:11:02+00:00
8c832405b26faaf25f01ec2d2b6e124f,2026-07-14T11:12:24Z,'Hochwasser',www.welt.de,de,0.9,„Im Fall der Ahrtal-Katastrophe braucht man den Klimawandel gar nicht zur Erklärung“,"Fünf Jahre nach der Flut im Ahrtal sieht Axel Bojanowski, WELT-Chefreporter Wissenschaft, die Region weiterhin schlecht auf Hochwasser vorbereitet: „Außer im Deichbau ist Deutschland Entwicklungsland bei der Vorsorge für Wetterextreme.“",https://www.welt.de/videos/video6a560eb19356b2f223859120/jahrhunderthochwasser-im-fall-der-ahrtal-katastrophe-braucht-man-den-klimawandel-gar-nicht-zur-erklaerung.html,https://images.welt.de/6a560eb19356b2f223859120/272d8645e76f16790c58bb9028e55bde/ci16x9-w1200/dpa-com-260713-935-1476260-jpg,,"Fünf Jahre nach der Flut im Ahrtal sieht Axel Bojanowski, WELT-Chefreporter Wissenschaft, die Region weiterhin schlecht auf Hochwasser vorbereitet: Außer im Deichbau ist Deutschland Entwicklungsland … [+94 chars]",,"„Im Fall der Ahrtal-Katastrophe braucht man den Klimawandel gar nicht zur Erklärung“. Fünf Jahre nach der Flut im Ahrtal sieht Axel Bojanowski, WELT-Chefreporter Wissenschaft, die Region weiterhin schlecht auf Hochwasser vorbereitet: „Außer im Deichbau ist Deutschland Entwicklungsland bei der Vorsorge für Wetterextreme.“","“In the case of the Ahr Valley disaster, climate change is not needed to explain it.” Five years after the flood in the Ahr Valley, Axel Bojanowski, WELT's chief science reporter, sees the region as still ill-prepared for floods: ""Apart from dike construction, Germany is a developing country when it comes to preparing for extreme weather events.""","""In casu calamitatis Ahr Vallis, mutatio climatis explicanda non est."" Quinque annis post diluvium in Valle Ahr, Axel Bojanowski, dux scientiae notarii WELT, regionem inundationibus adhuc male paratam videt: ""Praeter fossatum constructionis, Germania terra evolutionis est, cum ad extremas tempestates eventa praeparandas venit.""",2026-07-18 11:11:02+00:00
b598ebeb03f95bc743b862fd099c4ecc,2026-07-14T11:13:24Z,'Hochwasser',www.tagesschau.de,de,0.9,"Extreme Hochwasser in Deutschland: ""Häufig fehlt der Erfahrungsschatz""","Wie gut ist Deutschland auf große Hochwasser vorbereitet? Geograf Thomas Roggenkamp sieht einen Rückstand speziell bei extremen Lagen. Auf diese müsse man sich in Zukunft eher einstellen, sagt er im <em>tagesthemen</em>-Interview.",https://www.tagesschau.de/inland/gesellschaft/thomas-roggenkamp-hochwasserschutz-100.html,https://images.tagesschau.de/image/af045719-2f5c-462f-b6ef-d71ebbec5c39/AAABn2BLRJM/AAABnSSvrFg/16x9-big/prallwand-100.jpg?width=1280,http://web.archive.org/web/20260714190815/https://www.tagesschau.de/inland/gesellschaft/thomas-roggenkamp-hochwasserschutz-100.html,"Stand: 14.07.2026 13:13 Uhr
Wie gut ist Deutschland auf große Hochwasser vorbereitet? Geograf Thomas Roggenkamp sieht einen Rückstand speziell bei extremen Lagen. Auf diese müsse man sich in Zukunft… [+4899 chars]",,"Extreme Hochwasser in Deutschland: ""Häufig fehlt der Erfahrungsschatz"". Wie gut ist Deutschland auf große Hochwasser vorbereitet? Geograf Thomas Roggenkamp sieht einen Rückstand speziell bei extremen Lagen. Auf diese müsse man sich in Zukunft eher einstellen, sagt er im <em>tagesthemen</em>-Interview.","Extreme floods in Germany: “There is often a lack of experience”. How well is Germany prepared for major floods? Geographer Thomas Roggenkamp sees a lag, especially in extreme locations. We'll have to be more prepared for this in the future, he says in the <em>tagesthemen</em> interview.","Inundationes extremae in Germania: ""Saepe in usu est defectus"". Quomodo bene Germania maioribus inundationibus parata est? Thomas Roggenkamp geographus lag, praesertim in extremis locis, videt. Ad hoc paratiores habebimus in futuro, dicit in conloquio <em>tagesthemen</em>.",2026-07-18 11:11:02+00:00
ccf29e7fb9583518d5bdbad61fcf5521,2026-07-16T04:07:22Z,'Gewitter',www.zeit.de,de,0.9,Wetter: Weiter Gewitter im Südwesten - so ungemütlich wird es,Hier finden Sie Informationen zu dem Thema „Wetter“. Lesen Sie jetzt „Weiter Gewitter im Südwesten - so ungemütlich wird es“.,https://www.zeit.de/news/2026-07/16/weiter-gewitter-im-suedwesten-so-ungemuetlich-wird-es,https://img.zeit.de/news/2026-07/16/weiter-gewitter-im-suedwesten-so-ungemuetlich-wird-es-image-group/wide__1300x731,http://web.archive.org/web/20260716051058/https://www.zeit.de/news/2026-07/16/weiter-gewitter-im-suedwesten-so-ungemuetlich-wird-es,"Auf die Hitze folgen in Baden-Württemberg Schauer und Gewitter. Nach der Vorhersage des Deutschen Wetterdienstes (DWD) bleibt es am Donnerstag zunächst noch hochsommerlich, im Tagesverlauf steigt abe… [+1219 chars]",,Wetter: Weiter Gewitter im Südwesten - so ungemütlich wird es. Hier finden Sie Informationen zu dem Thema „Wetter“. Lesen Sie jetzt „Weiter Gewitter im Südwesten - so ungemütlich wird es“.,Weather: More thunderstorms in the southwest - that's how uncomfortable it is. Here you will find information on the topic of “weather”. Now read “More thunderstorms in the southwest - it’s getting so uncomfortable”.,"Tempestas: Plures tonitribus in Africo - id quam incommodum est. Hic informationes invenies in argumento ""tempestatis"". Nunc lege ""Plura tonitrua in Africo - tam incommoda questus est"".",2026-07-18 16:02:57+00:00
b58c7caa3c819f2bc47e9371a9614d1d,2026-07-18T03:00:10Z,'Sommer',www.zeit.de,de,0.9,Tiere im Sommer: Warum Hitze die Krise vieler Tierheime noch verschärft,Hier finden Sie Informationen zu dem Thema „Tiere im Sommer“. Lesen Sie jetzt „Warum Hitze die Krise vieler Tierheime noch verschärft“.,https://www.zeit.de/news/2026-07/18/warum-hitze-die-krise-vieler-tierheime-noch-verschaerft,https://img.zeit.de/news/2026-07/18/warum-hitze-die-krise-vieler-tierheime-noch-verschaerft-image-group/wide__1300x731,,Für Astrid Paperone war das Sommerwetter bislang kein Grund zur Freude. Als vor wenigen Wochen in Deutschland mehrere Tage hintereinander neue Hitzerekorde fielen und es auch in den Nächten tropisch … [+4777 chars],,Tiere im Sommer: Warum Hitze die Krise vieler Tierheime noch verschärft. Hier finden Sie Informationen zu dem Thema „Tiere im Sommer“. Lesen Sie jetzt „Warum Hitze die Krise vieler Tierheime noch verschärft“.,Animals in summer: Why heat is exacerbating the crisis in many animal shelters. Here you will find information on the topic “Animals in Summer”. Now read “Why Heat is Exacerbating the Crisis in Many Animal Shelters.”,"Aestate animalia: quare calor discriminis in multis animalis latebris exacerbat. Hic informationes invenies in themate ""Animalia in Aestate"". Nunc legitur ""Quare Calor Crisis examinans in Multa Animalia scenopegia.""",2026-07-19 07:31:37+00:00
4fed948e9893b234e7cebbfc47950ee1,2026-07-18T03:30:00Z,'Sommer',www.nzz.ch,de,0.9,Ein Sommer-Crash an der Börse wäre keine Überraschung: Diese saisonalen Phänomene müssen Anleger kennen,In den Sommermonaten kommt es an den Aktienmärkten immer wieder zu Schwächephasen und Einbrüchen. Das sind die Gründe.,https://www.nzz.ch/finanzen/ein-sommer-crash-an-der-boerse-waere-keine-ueberraschung-diese-saisonalen-phaenomene-muessen-anleger-kennen-ld.10013138,"https://img-msp-prod.nzz.ch/2026/06/30/647f878c-cb60-4e88-9cc5-9fc323e82e0d.jpg?width=1200&height=675&fit=bounds&quality=75&auto=webp&crop=1454,818,x0,y76&wmark=nzz",,"In den Sommermonaten kommt es an den Aktienmärkten immer wieder zu Schwächephasen und Einbrüchen. Das sind die Gründe.
Zusammenfassung
In den Sommermonaten braucht es nicht viel, um an den Börsen e… [+7573 chars]",,Ein Sommer-Crash an der Börse wäre keine Überraschung: Diese saisonalen Phänomene müssen Anleger kennen. In den Sommermonaten kommt es an den Aktienmärkten immer wieder zu Schwächephasen und Einbrüchen. Das sind die Gründe.,A summer stock market crash would be no surprise: investors need to be aware of these seasonal phenomena. In the summer months there are repeated periods of weakness and slumps on the stock markets. These are the reasons.,Aestiva stirpis fragor mercatus non mirum esse debet: investitores necesse est ut harum phaenomenorum temporariae conscii sint. Aestatis mensibus iterantur tempora infirmitatis et slumps in foro. Hae sunt rationes.,2026-07-19 07:31:37+00:00
42d69cf6901a1526d4a08b5ecc955403,2026-07-18T04:00:00Z,'Sommer',www.derstandard.at,de,0.9,"Poolfüllverbot und Wasser per Tankwagen: Ein Sommer, der das Waldviertel verändert","Jahrzehntelang war Wasser im Waldviertel eine Selbstverständlichkeit. Die Trockenheit stellt das auf den Kopf – und wirft die Frage auf, wer künftig wie viel davon nutzen darf",https://www.derstandard.at/story/3000000331408/poolfuellverbot-und-wasser-per-tankwagen-ein-sommer-der-das-waldviertel-veraendert,https://i.ds.at/Y7giAg/rs:fill:1200:600/plain/lido-images/2026/07/16/dd2c20f0-c6cb-45bd-b8ad-1eaa84273a1f.jpg,,"Sie entscheiden darüber, wie Sie unsere Inhalte nutzen wollen. Ihr Gerät erlaubt uns derzeit leider nicht, die entsprechenden Optionen anzuzeigen.
Bitte deaktivieren Sie sämtliche Hard- und Software… [+180 chars]",,"Poolfüllverbot und Wasser per Tankwagen: Ein Sommer, der das Waldviertel verändert. Jahrzehntelang war Wasser im Waldviertel eine Selbstverständlichkeit. Die Trockenheit stellt das auf den Kopf – und wirft die Frage auf, wer künftig wie viel davon nutzen darf","Pool filling ban and water by tanker: A summer that is changing the Waldviertel. For decades, water was taken for granted in the Waldviertel. The drought is turning this on its head - and raising the question of who will be allowed to use how much of it in the future",Stagnum implens bannum et aqua amphorarum: Aestas quae mutatur Waldviertel. Pro decenniis aqua guntur in Waldviertel. Siccitas hoc in capite versatur - et interrogare de eo qui in posterum uti licebit.,2026-07-19 07:31:37+00:00
3cb9f9274c64febbd19705d8c43fd5ba,2026-07-18T04:00:00Z,'Hochwasser',salzburg.orf.at,de,0.9,Fünf Jahre nach Hochwasser: Rascher Schutz gefordert,Vor genau fünf Jahren haben extreme Regenfälle weite Teile Salzburgs überflutet und Schäden im zweistelligen Millionenbereich verursacht. Besonders im Oberpinzgau haben die Unwetter deutliche Spuren hinterlassen. Zum Jahrestag fordern Betroffene dort mehr Tem…,https://salzburg.orf.at/stories/3363097/,https://ibs.orf.at/sbg?image=https%3A%2F%2Foekastatic.orf.at%2Fmims%2F2026%2F29%2F50%2Fcrops%2Fw%3D1200%2Ch%3D627%2Cq%3D75%2F3117097_master_1207650_hochwasser_aktionstag_oberpinzgau_-_25.9.2021_-_langversion_-_oberpinzgau_hoit.00_00_13_01.standbild002-8.jpg%3Fs%3Dfbc67d221c21ab3679fdb66883882be73a770fea,,"Wenn sich Franz Koidl an jenen Tag zurückerinnert, kommen beim Pinzgauer Unternehmer ganz verschiedene Emotionen hoch: Verzweiflung, Dankbarkeit, Wut und Trauer.
Der Frächter im Ruhestand erinnert s… [+4990 chars]",,Fünf Jahre nach Hochwasser: Rascher Schutz gefordert. Vor genau fünf Jahren haben extreme Regenfälle weite Teile Salzburgs überflutet und Schäden im zweistelligen Millionenbereich verursacht. Besonders im Oberpinzgau haben die Unwetter deutliche Spuren hinterlassen. Zum Jahrestag fordern Betroffene dort mehr Tem…,"Five years after flooding: rapid protection required. Exactly five years ago, extreme rainfall flooded large parts of Salzburg and caused damage worth tens of millions of euros. The storms left their mark particularly in Oberpinzgau. On the anniversary, those affected there are demanding more...","Quinque annis post inundationem: celeri praesidio opus est. Abhinc quinque annos exactae pluviae magnae partes Salisburgi inundaverunt et damnum tanti decem milium euronum attulit. Tempestates in Oberpinzgau praecipue signum suum reliquerunt. In anniversario, qui ibi affecti sunt, plus postulant...",2026-07-19 07:31:37+00:00
7310ccb397d464479866fc0eee7e723c,2026-07-18T04:15:00Z,'Sommer',www.focus.de,de,0.9,Diese Sommerjobs bringen viel Geld und machen gleichzeitig Spaß,Sommerjobs im Gehaltsvergleich: Diese Jobs zahlen laut Kununu am besten – und hier sind Beschäftigte besonders zufrieden.,https://www.focus.de/finanzen/news/diese-sommerjobs-bringen-viel-geld-und-machen-gleichzeitig-spass_c66a3a6a-d6ad-48e7-addd-cadd27a3f91d.html,"https://quadro.burda-forward.de/ctf/85bfb187-94c9-4f41-b7a7-f31f1a524b02.34872232-c0b8-48d0-abd6-20fa54bb4bd0.png?im=RegionOfInterestCrop=(1200,630),regionOfInterest=(1583,694)&hash=8adf7057a7f69963fda17f9517d1a2467576d902ddd0d3016013794f69dd0841",,"Wer im Sommer jobbt, sollte nicht nur auf den Stundenlohn schauen. Eine neue Auswertung von Kununu zeigt deutliche Unterschiede zwischen typischen Saisonjobs in Deutschland.
Besonders gut schneiden … [+2616 chars]",,Diese Sommerjobs bringen viel Geld und machen gleichzeitig Spaß. Sommerjobs im Gehaltsvergleich: Diese Jobs zahlen laut Kununu am besten – und hier sind Beschäftigte besonders zufrieden.,"These summer jobs make a lot of money and are fun at the same time. Summer jobs in salary comparison: According to Kununu, these jobs pay the best - and employees here are particularly satisfied.","Haec aestas jobs multum pecuniae faciunt et simul ioci sunt. Aestiva jobs in salario comparationis: Secundum Kununu, haec jobs optima redde - et hic operariis maxime satisfacit.",2026-07-19 07:31:37+00:00
6635c3832cbf60393418ffc25c3a589f,2026-07-18T04:20:00Z,'Sommer',www.focus.de,de,0.9,Große Mallorca-Party am 19. Juli im „ZDF-Fernsehgarten”: Diese Stars feiern mit Andrea Kiewel,Der „ZDF-Fernsehgarten“ verwandelt den Lerchenberg wieder in eine Mallorca-Party. Andrea Kiewel begrüßt zahlreiche Ballermann-Stars wie Mia Julia und Mickie Krause zur großen Sommerausgabe.,https://www.focus.de/kultur/kino-tv/grosse-mallorca-party-am-19-juli-im-zdf-fernsehgarten-diese-stars-feiern-mit-andrea-kiewel_4534cca5-6e9f-47e1-a714-6f3935a2f8c8.html,"https://quadro.burda-forward.de/ctf/f17afdaa-c88b-4efe-ae8c-b2e356c8facd.e4ea3860-2765-4db4-bd1f-fec923a7b19c.png?im=RegionOfInterestCrop=(1200,630),regionOfInterest=(1052,350)&hash=cacd7b0530ef48cbd4583ff04ecad6d86d30f2702b87a1a9273bd3e29c1ff01e",,"Kein Fernsehgarten-Sommer ohne Ballermann-Sendung: Der ZDF-Fernsehgarten, bei dem es zuletzt eine Tonpanne gab, lädt am Sonntag, 19. Juli 2026, wieder zur Mallorca-Party. Ab 12 Uhr präsentiert Andrea… [+2111 chars]",,Große Mallorca-Party am 19. Juli im „ZDF-Fernsehgarten”: Diese Stars feiern mit Andrea Kiewel. Der „ZDF-Fernsehgarten“ verwandelt den Lerchenberg wieder in eine Mallorca-Party. Andrea Kiewel begrüßt zahlreiche Ballermann-Stars wie Mia Julia und Mickie Krause zur großen Sommerausgabe.,Big Mallorca party on July 19th in the “ZDF TV Garden”: These stars are celebrating with Andrea Kiewel. The “ZDF TV Garden” transforms the Lerchenberg into a Mallorca party again. Andrea Kiewel welcomes numerous Ballermann stars such as Mia Julia and Mickie Krause to the big summer edition.,"Magna pars Mallorca die 19 mensis Iulii in ""ZDF TV Horti"": hae stellae cum Andrea Kiewel celebrabant. ""ZDF TV Hortus"" Lerchenberg in partem Mallorcae iterum transformat. Andreas Kiewel numerosas stellas Ballermann excipit ut Mia Iulia et Mickie Krause ad editionem magnam aestatem.",2026-07-19 07:31:37+00:00
d49dcf273f87ac7e7e0e66d271f29bbb,2026-07-18T05:43:00Z,'Sommer',www.focus.de,de,0.9,„Geld stecke ich lieber in mein Zuhause”: Rob (60) und Daniëlle (58) machen nie Urlaub,Viele planen den Sommerurlaub – Rob (60) und Daniëlle (58) nicht. Das Ehepaar bleibt lieber auf seinem Hausboot und spart sich teure Reisen.,https://www.focus.de/panorama/welt/geld-stecke-ich-lieber-in-mein-zuhause-rob-60-und-danielle-58-machen-nie-urlaub_5d23df5c-6758-4d00-a076-bac0b3653a5c.html,"https://quadro.burda-forward.de/ctf/133ca0a3-50a1-4f44-92a2-e1c94f205f6f.f993d45c-53b5-4a04-bcce-c331b5cc83da.jpg?im=RegionOfInterestCrop=(1200,630),regionOfInterest=(1034,685)&hash=ac00b9c0e2aad7d16e747c66987a13072659891c532e774c0861c0248caf0122",,"Während viele Urlauber im Sommer weite Reisen antreten, entscheidet sich ein Ehepaar aus den Niederlanden bewusst für den Verbleib in den eigenen vier Wänden. Der 60-jährige Sänger Rob Zorn und seine… [+2207 chars]",,„Geld stecke ich lieber in mein Zuhause”: Rob (60) und Daniëlle (58) machen nie Urlaub. Viele planen den Sommerurlaub – Rob (60) und Daniëlle (58) nicht. Das Ehepaar bleibt lieber auf seinem Hausboot und spart sich teure Reisen.,“I prefer to put money into my home”: Rob (60) and Daniëlle (58) never go on vacation. Many people are planning their summer vacation – Rob (60) and Daniëlle (58) are not. The couple prefers to stay on their houseboat and save on expensive trips.,"""Pecuniam in domum meam ponere malo"": Rob (60) et Daniëlle (58) numquam ferias agit. Multi homines ferias aestivas meditantur – Rob (60) et Daniëlle (58) non sunt. Coniuges mavult in sua navi manere ac nisi in itinera pretiosa.",2026-07-19 07:31:37+00:00
cc377ca5a4daf991738b7ec26eeea109,2026-07-18T06:00:00Z,'Herbst',www.brigitte.de,de,0.9,Urlaub in Deutschland: Die schönsten deutschen Urlaubsziele im Sommer und Herbst,Auch abseits der Metropolen und der bekannten Seebäder hat Deutschland viele schöne Urlaubsorte zu bieten. Diese Reiseziele sind im Sommer 2026 besonders beliebt – und teilweise noch echte Geheimtipps.,https://www.brigitte.de/leben/reise/reisetrends--die-5-schoensten-deutschen-urlaubsziele-im-sommer-und-herbst-14092588.html,https://image.brigitte.de/14086868/t/22/v4/w1440/r1.7778/-/urlaubsorte-deutschland-strande.jpg,,"""Warum in die Ferne schweifen, wenn das Gute liegt so nah?"" Dieser Satz, den Goethe (so ähnlich zumindest) in einem seiner Gedichte geprägt hat, trifft den aktuellen großen Reisetrend perfekt. In ein… [+1752 chars]",,Urlaub in Deutschland: Die schönsten deutschen Urlaubsziele im Sommer und Herbst. Auch abseits der Metropolen und der bekannten Seebäder hat Deutschland viele schöne Urlaubsorte zu bieten. Diese Reiseziele sind im Sommer 2026 besonders beliebt – und teilweise noch echte Geheimtipps.,"Vacation in Germany: The most beautiful German vacation destinations in summer and autumn. Even away from the metropolises and the well-known seaside resorts, Germany has many beautiful holiday destinations to offer. These travel destinations will be particularly popular in summer 2026 – and some are still real insider tips.","Vacatio in Germania: Pulcherrima loca feriarum Germanicarum aestate et autumno. Etiam ab metropoleis et frequentia maritima nota, Germania multa loca pulchra ferias offerat. Haec loca peregrinationis peculiariter gratiosa erunt aestate 2026 - et quaedam adhuc verae apices interiores sunt.",2026-07-19 07:31:37+00:00
e49f86e0f6a058f74034f48ffbc21185,2026-07-18T07:00:10Z,'Sommer',www.appgefahren.de,de,0.9,Midea PortaSplit: Nachschub für Europa und erste Infos zum Nachfolger,"Wer aktuell eine Klimaanlage besitzt, kann sich glücklich schätzen. Durch die vorherige Hitzewelle und den anhaltenden Sommer ist die Nachfrage nach Klimageräten besonders hoch. Seit einigen Wochen sind so gut wie alle mobilen Klimaanlagen sowie Ventilatoren …",https://www.appgefahren.de/midea-portasplit-nachschub-fuer-europa-und-erste-infos-zum-nachfolger-402527.html,https://www.appgefahren.de/wp-content/uploads/2024/08/Midea-PortaSplit-1.jpg,,"Wer aktuell eine Klimaanlage besitzt, kann sich glücklich schätzen. Durch die vorherige Hitzewelle und den anhaltenden Sommer ist die Nachfrage nach Klimageräten besonders hoch. Seit einigen Wochen s… [+2470 chars]",,"Midea PortaSplit: Nachschub für Europa und erste Infos zum Nachfolger. Wer aktuell eine Klimaanlage besitzt, kann sich glücklich schätzen. Durch die vorherige Hitzewelle und den anhaltenden Sommer ist die Nachfrage nach Klimageräten besonders hoch. Seit einigen Wochen sind so gut wie alle mobilen Klimaanlagen sowie Ventilatoren …","Midea PortaSplit: Supplies for Europe and initial information about the successor. Anyone who currently has air conditioning can count themselves lucky. Due to the previous heat wave and the ongoing summer, the demand for air conditioning units is particularly high. For a few weeks now, almost all mobile air conditioning and fans have been...","Midea PortaSplit: Supplementa ad Europam et informationes initiales de successore. Quisquis nunc condiciones aeris habet, se felicem numerare potest. Ob priorem calorem fluctum et aestatem permanentem, postulatio unitatum caeli condiciones maxime altae est. Paucis hebdomadibus nunc, fere omnes condiciones aeris mobiles et fans fuerunt.",2026-07-19 07:31:37+00:00
67e3f474c57a3f0b1ac00c5a3951e56c,2026-07-17T11:09:36Z,'Frühling',www.tagesspiegel.de,de,0.9,„Eine Absage an überkommene Heldenfiguren“: Der Defa-Film „Karbid und Sauerampfer“ war ein Hauch von Frühling,"Was haben uns Filme der DDR heute zu sagen? Filmschaffende schreiben, welcher Defa-Film sie besonders geprägt hat. Für Regisseur Peter Kahane ist es „Karbid und Sauerampfer“ von Frank Beyer.",https://www.tagesspiegel.de/potsdam/potsdam-kultur/eine-absage-an-uberkommene-heldenfiguren-der-defa-film-karbid-und-sauerampfer-war-ein-hauch-von-fruhling-15699911.html,https://www.tagesspiegel.de/images/15700863/alternates/BASE_16_9_W1400/1781094992000/karbid-1-copyright-defa-stiftung-heinz-wenzel.jpeg,http://web.archive.org/web/20260718075601/https://www.tagesspiegel.de/potsdam/potsdam-kultur/eine-absage-an-uberkommene-heldenfiguren-der-defa-film-karbid-und-sauerampfer-war-ein-hauch-von-fruhling-15699911.html,"Meine Karriere als begeisterter Kinozuschauer begann Anfang der Fünfzigerjahre in Berlin. Die Stadt war geteilt, das hatte für mich den Vorteil, dass ich in der Woche sowjetische und Defa-Filme in me… [+82 chars]",,"„Eine Absage an überkommene Heldenfiguren“: Der Defa-Film „Karbid und Sauerampfer“ war ein Hauch von Frühling. Was haben uns Filme der DDR heute zu sagen? Filmschaffende schreiben, welcher Defa-Film sie besonders geprägt hat. Für Regisseur Peter Kahane ist es „Karbid und Sauerampfer“ von Frank Beyer.",“A rejection of traditional heroic figures”: The Defa film “Carbide and Sorrel” was a breath of spring. What do GDR films have to say to us today? Filmmakers write which Defa film particularly influenced them. For director Peter Kahane it is “Carbide and Sorrel” by Frank Beyer.,"""Reiectio imaginum heroicarum traditionalium"": Defa film ""Carbide et Sorrel"" spiraculum erat veris. Quid dicunt nobis hodie membranae GDR? Scribunt membranae quae Defa cinematographica praecipue eas movit. Pro directore Petri Kahane est ""Carbide et Sorrel"" ab Frank Beyer.",2026-07-20 03:49:38+00:00
ef21f2379749fe94aee370bad63f1d0f,2026-07-07T04:19:00Z,'Gewitter',www.zeit.de,de,0.9,Regenwetter: Graues Wetter in Berlin und Brandenburg - Gewitter möglich,Hier finden Sie Informationen zu dem Thema „Regenwetter“. Lesen Sie jetzt „Graues Wetter in Berlin und Brandenburg - Gewitter möglich“.,https://www.zeit.de/news/2026-07/07/graues-wetter-in-berlin-und-brandenburg-gewitter-moeglich,https://img.zeit.de/news/2026-07/07/graues-wetter-in-berlin-und-brandenburg-gewitter-moeglich-image-group/wide__1300x731,http://web.archive.org/web/20260707222257/https://www.zeit.de/news/2026-07/07/graues-wetter-in-berlin-und-brandenburg-gewitter-moeglich,Das Wetter in Berlin und Brandenburg bleibt ungemütlich. Der Deutsche Wetterdienst (DWD) rechnet im Tagesverlauf mit einer starken bis bedeckten Bewölkung und gebietsweise Regen. Auch Schauer sind de… [+1073 chars],,Regenwetter: Graues Wetter in Berlin und Brandenburg - Gewitter möglich. Hier finden Sie Informationen zu dem Thema „Regenwetter“. Lesen Sie jetzt „Graues Wetter in Berlin und Brandenburg - Gewitter möglich“.,Rainy weather: Gray weather in Berlin and Brandenburg - thunderstorms possible. Here you will find information on the topic of “rainy weather”. Now read “Grey weather in Berlin and Brandenburg – thunderstorms possible”.,"Tempestas pluviosa: tempestas in Berlin et Brandenburg - tonitribus potest. Hic informationes invenies in argumento ""pluviae"". Nunc legitur ""Tempestas Grey in Berlin et Brandenburg - tonitribus possibilibus"".",2026-07-20 08:12:33+00:00
23f083389a060cf1d43c482b6a745d6b,2026-07-10T04:36:53Z,'Gewitter',www.zeit.de,de,0.9,Wetter: Erneut hohe Temperaturen und keine Gewitter am Wochenende,Hier finden Sie Informationen zu dem Thema „Wetter“. Lesen Sie jetzt „Erneut hohe Temperaturen und keine Gewitter am Wochenende“.,https://www.zeit.de/news/2026-07/10/erneut-hohe-temperaturen-und-keine-gewitter-am-wochenende,https://img.zeit.de/news/2026-07/10/erneut-hohe-temperaturen-und-keine-gewitter-am-wochenende-image-group/wide__1300x731,http://web.archive.org/web/20260710203516/https://www.zeit.de/news/2026-07/10/erneut-hohe-temperaturen-und-keine-gewitter-am-wochenende,"Am Freitag und am Wochenende steigen die Temperaturen in Hessen wieder. Samstag und Sonntag wird es deutlich über 30 Grad werden, wie der Deutsche Wetterdienst (DWD) berichtet. Regen und Gewitter gib… [+642 chars]",,Wetter: Erneut hohe Temperaturen und keine Gewitter am Wochenende. Hier finden Sie Informationen zu dem Thema „Wetter“. Lesen Sie jetzt „Erneut hohe Temperaturen und keine Gewitter am Wochenende“.,Weather: High temperatures again and no thunderstorms at the weekend. Here you will find information on the topic of “weather”. Now read “More high temperatures and no thunderstorms this weekend”.,"Weather: High temperatura Etiam volutpat nulla at tortor volutpat. Hic informationes invenies in argumento ""tempestatis"". Nunc lego ""Magis altum temperaturis et nulla volutpat vestibulum hac"".",2026-07-20 08:12:33+00:00
ff71bd89ddfd43db7deddc80af52d13a,2026-07-13T03:54:33Z,'Gewitter',www.zeit.de,de,0.9,Wetter: Warme Tage in Berlin und Brandenburg - Gewitter möglich,Hier finden Sie Informationen zu dem Thema „Wetter“. Lesen Sie jetzt „Warme Tage in Berlin und Brandenburg - Gewitter möglich“.,https://www.zeit.de/news/2026-07/13/warme-tage-in-berlin-und-brandenburg-gewitter-moeglich,https://img.zeit.de/news/2026-07/13/warme-tage-in-berlin-und-brandenburg-gewitter-moeglich-image-group/wide__1300x731,http://web.archive.org/web/20260714033444/https://www.zeit.de/news/2026-07/13/warme-tage-in-berlin-und-brandenburg-gewitter-moeglich,Zum Start in die neue Woche ist es sehr warm in Berlin und Brandenburg. Weiterhin bis zu 30 Grad werden laut dem Deutschen Wetterdienst (DWD) in den kommenden Tagen erwartet. Doch dazu könnten sich a… [+1266 chars],,Wetter: Warme Tage in Berlin und Brandenburg - Gewitter möglich. Hier finden Sie Informationen zu dem Thema „Wetter“. Lesen Sie jetzt „Warme Tage in Berlin und Brandenburg - Gewitter möglich“.,Weather: Warm days in Berlin and Brandenburg - thunderstorms possible. Here you will find information on the topic of “weather”. Read “Warm days in Berlin and Brandenburg - thunderstorms possible” now.,"Tempestas: dies tepidi in Berlin et Brandenburg - tonitribus possunt. Hic informationes invenies in argumento ""tempestatis"". Lege ""dies tepidi in Berlin et Brandenburg - tonitribus possibilibus"" nunc.",2026-07-20 08:12:33+00:00
5b7a8eabfa801f1354a2e8aa0c09fb2d,2026-07-13T05:03:44Z,'Gewitter',www.zeit.de,de,0.9,"Wetter: Sonne, Hitze und Gewitter in Rheinland-Pfalz und Saarland","Hier finden Sie Informationen zu dem Thema „Wetter“. Lesen Sie jetzt „Sonne, Hitze und Gewitter in Rheinland-Pfalz und Saarland“.",https://www.zeit.de/news/2026-07/13/sonne-hitze-und-gewitter-in-rheinland-pfalz-und-saarland,https://img.zeit.de/news/2026-07/13/sonne-hitze-und-gewitter-in-rheinland-pfalz-und-saarland-image-group/wide__1300x731,http://web.archive.org/web/20260713175142/https://www.zeit.de/news/2026-07/13/sonne-hitze-und-gewitter-in-rheinland-pfalz-und-saarland,"Die Woche startet in Rheinland-Pfalz und dem Saarland heiß und sonnig. Die Temperaturen liegen im Tagesverlauf zwischen 31 und 36 Grad, wie der Deutsche Wetterdienst voraussagt. Ab dem Abend seien ei… [+563 chars]",,"Wetter: Sonne, Hitze und Gewitter in Rheinland-Pfalz und Saarland. Hier finden Sie Informationen zu dem Thema „Wetter“. Lesen Sie jetzt „Sonne, Hitze und Gewitter in Rheinland-Pfalz und Saarland“.","Weather: Sun, heat and thunderstorms in Rhineland-Palatinate and Saarland. Here you will find information on the topic of “weather”. Read “Sun, heat and thunderstorms in Rhineland-Palatinate and Saarland” now.","Tempestas: sol, aestus et tonitrua in Rheno-Palatinate et Saarland. Hic informationes invenies in argumento ""tempestatis"". Nunc legitur ""sol, calor et tonitruum in Rheno-Palatinate et Saarland"".",2026-07-20 08:12:33+00:00
b3f6973c786316acb3be1a676cf00e09,2026-07-17T04:02:30Z,'Gewitter',www.zeit.de,de,0.9,Wetter in Mitteldeutschland: Gewitter und Schauer bringen Abkühlung,Hier finden Sie Informationen zu dem Thema „Wetter in Mitteldeutschland“. Lesen Sie jetzt „Gewitter und Schauer bringen Abkühlung“.,https://www.zeit.de/news/2026-07/17/gewitter-und-schauer-bringen-abkuehlung,https://img.zeit.de/news/2026-07/17/gewitter-und-schauer-bringen-abkuehlung-image-group/wide__1300x731,http://web.archive.org/web/20260717111635/https://www.zeit.de/news/2026-07/17/gewitter-und-schauer-bringen-abkuehlung,"Am Wochenende ist in Sachsen, Sachsen-Anhalt und Thüringen mit vielen Wolken und einzelnen Schauern zu rechnen. Die Temperaturen sinken zunehmend, wie der Deutsche Wetterdienst (DWD) mitteilte. Heute… [+732 chars]",,Wetter in Mitteldeutschland: Gewitter und Schauer bringen Abkühlung. Hier finden Sie Informationen zu dem Thema „Wetter in Mitteldeutschland“. Lesen Sie jetzt „Gewitter und Schauer bringen Abkühlung“.,Weather in Central Germany: Thunderstorms and showers bring cooling. Here you will find information on the topic of “Weather in Central Germany”. Now read “Thunderstorms and showers bring cooling”.,"Tempestas in Central Germania: Tempestates et imbres refrigerationem afferunt. Hic informationes invenies in argumento ""Tempestatis in Central Germania"". Nunc lege ""Procellae et imbres refrigerationem afferunt"".",2026-07-20 08:12:33+00:00
d2d2a34c0531ddaf6920c76f741d6e3e,2026-07-17T05:39:29Z,'Gewitter',www.zeit.de,de,0.9,"Wetteraussichten: Neue Unwetter mit Gewitter, Sturm und Starkregen drohen","Hier finden Sie Informationen zu dem Thema „Wetteraussichten“. Lesen Sie jetzt „Neue Unwetter mit Gewitter, Sturm und Starkregen drohen“.",https://www.zeit.de/news/2026-07/17/neue-unwetter-mit-gewitter-sturm-und-starkregen-drohen,https://img.zeit.de/news/2026-07/17/neue-unwetter-mit-gewitter-sturm-und-starkregen-drohen-image-group/wide__1300x731,http://web.archive.org/web/20260718083812/https://www.zeit.de/news/2026-07/17/neue-unwetter-mit-gewitter-sturm-und-starkregen-drohen,"Für Teile Niedersachsens drohen heute wieder Gewitter mit Unwetterpotential durch heftigen Starkregen, schweren Sturmböen und Hagel. Wie der Deutsche Wetterdienst (DWD) mitteilte, liege der Schwerpun… [+835 chars]",,"Wetteraussichten: Neue Unwetter mit Gewitter, Sturm und Starkregen drohen. Hier finden Sie Informationen zu dem Thema „Wetteraussichten“. Lesen Sie jetzt „Neue Unwetter mit Gewitter, Sturm und Starkregen drohen“.","Weather outlook: There is a threat of new storms with thunderstorms, storms and heavy rain. Here you will find information on the topic of “Weather Prospects”. Now read “New storms with thunderstorms, storms and heavy rain are threatening”.","Tempestas prospectans: comminatio novarum tempestatum cum tonitribus, procellis et pluviae gravi. Hic informationes invenies in argumento ""Prospectus Tempestatis"". Nunc lege ""Novae procellae cum tonitribus, procellis et pluviae magnae minantur"".",2026-07-20 08:12:33+00:00
63c3cd74655198052b58653ed97656a5,2026-07-17T08:32:49Z,'Gewitter',www.zeit.de,de,0.9,Unwetter in Thüringen: Wo in Thüringen ab Nachmittag heftige Gewitter drohen,Hier finden Sie Informationen zu dem Thema „Unwetter in Thüringen“. Lesen Sie jetzt „Wo in Thüringen ab Nachmittag heftige Gewitter drohen“.,https://www.zeit.de/news/2026-07/17/wo-in-thueringen-ab-nachmittag-heftige-gewitter-drohen,https://img.zeit.de/news/2026-07/17/wo-in-thueringen-ab-nachmittag-heftige-gewitter-drohen-image-group/wide__1300x731,http://web.archive.org/web/20260717110632/https://www.zeit.de/news/2026-07/17/wo-in-thueringen-ab-nachmittag-heftige-gewitter-drohen,"Gewitter, Starkregen und Hagel: In Gera und in fünf Thüringer Landkreisen werden ab Nachmittag heftige Gewitter erwartet. Der Deutsche Wetterdienst (DWD) warnt von 14 bis 23 Uhr vor Unwettern. Betrof… [+861 chars]",,Unwetter in Thüringen: Wo in Thüringen ab Nachmittag heftige Gewitter drohen. Hier finden Sie Informationen zu dem Thema „Unwetter in Thüringen“. Lesen Sie jetzt „Wo in Thüringen ab Nachmittag heftige Gewitter drohen“.,Storms in Thuringia: Where violent thunderstorms threaten in Thuringia from the afternoon onwards. Here you will find information on the topic of “Severe weather in Thuringia”. Now read “Where violent thunderstorms threaten in Thuringia from the afternoon onwards”.,"Procellae in Thuringia: Vbi in Thuringia ex post meridiem vehementi tonitrua minantur. Hic informationes invenies in argumento ""Tempestatis Severae in Thuringia"". Nunc lege ""Ubi a meridiano tempore in Thuringiam vehemens tonitribusque minantur"".",2026-07-20 08:12:33+00:00
4a1a12dba7b25f055cf6fd61c0966bde,2026-07-17T12:14:34Z,'Gewitter',www.zeit.de,de,0.9,Wetterchaos geht weiter: Erneute Unwetterwarnung für den Südwesten: Heftige Gewitter,Hier finden Sie Informationen zu dem Thema „Wetterchaos geht weiter“. Lesen Sie jetzt „Erneute Unwetterwarnung für den Südwesten: Heftige Gewitter“.,https://www.zeit.de/news/2026-07/17/erneute-unwetterwarnung-fuer-den-suedwesten-heftige-gewitter,https://img.zeit.de/news/2026-07/17/erneute-unwetterwarnung-fuer-den-suedwesten-heftige-gewitter-image-group/wide__1300x731,http://web.archive.org/web/20260718041401/https://www.zeit.de/news/2026-07/17/erneute-unwetterwarnung-fuer-den-suedwesten-heftige-gewitter,"Die Unwetter mit heftigen Gewittern, ergiebigem Starkregen und Hagel drehen in Baden-Württemberg eine weitere Runde: Der Deutsche Wetterdienst (DWD) gab eine Unwetterwarnung für alle vier Regierungsb… [+561 chars]",,Wetterchaos geht weiter: Erneute Unwetterwarnung für den Südwesten: Heftige Gewitter. Hier finden Sie Informationen zu dem Thema „Wetterchaos geht weiter“. Lesen Sie jetzt „Erneute Unwetterwarnung für den Südwesten: Heftige Gewitter“.,Weather chaos continues: Another severe weather warning for the southwest: violent thunderstorms. Here you will find information on the topic “Weather chaos continues”. Now read “Another severe weather warning for the southwest: severe thunderstorms”.,"Tempestas chaos prosequitur: Aliam tempestatem gravem praenuntius Africum: Tonitruum vehemens. Hic informationes invenies in argumento ""Tempestas chaos pergit"". Nunc lege ""Alia tempestatem gravem monentem pro Africo: tonitribus gravibus"".",2026-07-20 08:12:33+00:00
4fd4f4143399df1b6595e37e416de610,2026-07-18T05:32:38Z,'Gewitter',www.zeit.de,de,0.9,"Gewitter am Sonntag?: Viele Wolken und Regen, wenig Sonne","Hier finden Sie Informationen zu dem Thema „Gewitter am Sonntag?“. Lesen Sie jetzt „Viele Wolken und Regen, wenig Sonne“.",https://www.zeit.de/news/2026-07/18/viele-wolken-und-regen-wenig-sonne,https://img.zeit.de/news/2026-07/18/viele-wolken-und-regen-wenig-sonne-image-group/wide__1300x731,http://web.archive.org/web/20260718090436/https://www.zeit.de/news/2026-07/18/viele-wolken-und-regen-wenig-sonne,"Das Wochenende verspricht eine Mischung aus Sonne, Wolken und Regen in Berlin und Brandenburg. Die Temperaturen sinken am Sonntag, wie der Deutsche Wetterdienst (DWD) mitteilte. Heute steigen die Höc… [+602 chars]",,"Gewitter am Sonntag?: Viele Wolken und Regen, wenig Sonne. Hier finden Sie Informationen zu dem Thema „Gewitter am Sonntag?“. Lesen Sie jetzt „Viele Wolken und Regen, wenig Sonne“.","Thunderstorm on Sunday?: Lots of clouds and rain, little sun. Here you will find information on the topic “Thunderstorm on Sunday?” Read “Lots of Clouds and Rain, Little Sun” now.","Procellae die Dominico?: Sortes nubium et pluviarum, parvus sol. Hic reperies informationem de argumento ""Tonitris in Dominica?"" Legere ""Sortem Nubes et Pluviae, Parva Sol"" nunc.",2026-07-20 08:12:33+00:00
f6bea1289485a420097940bb940152e2,2026-07-19T05:52:19Z,'Sommer',www.zeit.de,de,0.9,Wetter: Sommer kehrt zurück – Sonne vertreibt Gewitter im Südwesten,Hier finden Sie Informationen zu dem Thema „Wetter“. Lesen Sie jetzt „Sommer kehrt zurück – Sonne vertreibt Gewitter im Südwesten“.,https://www.zeit.de/news/2026-07/19/sommer-kehrt-zurueck-sonne-vertreibt-gewitter-im-suedwesten,https://img.zeit.de/news/2026-07/19/sommer-kehrt-zurueck-sonne-vertreibt-gewitter-im-suedwesten-image-group/wide__1300x731,,"Das Wetter beruhigt sich zunehmend und bringt zum Wochenstart wieder mehr Sommerfeeling in den Südwesten. Auch wenn am Sonntag noch weitere Gewitter, Schauer und viele Wolken drohen, überwiegt spätes… [+1129 chars]",,Wetter: Sommer kehrt zurück – Sonne vertreibt Gewitter im Südwesten. Hier finden Sie Informationen zu dem Thema „Wetter“. Lesen Sie jetzt „Sommer kehrt zurück – Sonne vertreibt Gewitter im Südwesten“.,Weather: Summer returns - sun drives away thunderstorms in the southwest. Here you will find information on the topic of “weather”. Now read “Summer returns – sun drives away thunderstorms in the southwest”.,"Tempestas: Aestas redit - Sol tonitribus Africo fugat. Hic informationes invenies in argumento ""tempestatis"". Nunc legitur ""Aestas redit - Sol tonitribus Africo"".",2026-07-20 08:12:33+00:00
2fd75c777e1daf4a015941cfbbd13ee9,2026-07-19T05:55:00Z,'Gewitter',www.zeit.de,de,0.9,Wetter: Kaltfront bringt Gewitter und Abkühlung nach Bayern,Hier finden Sie Informationen zu dem Thema „Wetter“. Lesen Sie jetzt „Kaltfront bringt Gewitter und Abkühlung nach Bayern“.,https://www.zeit.de/news/2026-07/19/kaltfront-bringt-gewitter-und-abkuehlung-nach-bayern,https://img.zeit.de/news/2026-07/19/kaltfront-bringt-gewitter-und-abkuehlung-nach-bayern-image-group/wide__1300x731,,"Erst mal ist Schluss mit sonnigem Badewetter: Nach schwülwarmem Sommerwetter bringt eine Kaltfront Bayern Schauer, Gewitter - und deutliche Abkühlung. Nach Angaben des Deutschen Wetterdienstes (DWD) … [+888 chars]",,Wetter: Kaltfront bringt Gewitter und Abkühlung nach Bayern. Hier finden Sie Informationen zu dem Thema „Wetter“. Lesen Sie jetzt „Kaltfront bringt Gewitter und Abkühlung nach Bayern“.,Weather: Cold front brings thunderstorms and cooling to Bavaria. Here you will find information on the topic of “weather”. Now read “Cold front brings thunderstorms and cooling to Bavaria”.,"Tempestas: frons frigoris tonitribus adfert et refrigerat Bavariam. Hic informationes invenies in argumento ""tempestatis"". Nunc legitur ""Frigida frontem tonitribus et refrigerantibus Bavariam"".",2026-07-20 08:12:33+00:00
24eca947c1cfa41aa710fd5b82b33ecc,2026-07-07T06:11:10Z,'Hochwasser',www.diepresse.com,de,0.9,Tornados und Gewitterstürme: Tote und hunderte Verletzte in China,"Tödiche Wetterkapriolen in mehreren Teilen Chinas: In der Region Guangxi sind Dämme gebrochen, es gilt die höchste Hochwasser-Alarmstufe. In Gansu wird nach Verschütteten nach einem Erdrutsch gesucht.",https://www.diepresse.com/35523915/tornados-und-gewitterstuerme-tote-und-hunderte-verletzte-in-china,https://img.diepresse.com/public/incoming/cpzzsb-asia-weatherchina/alternates/WEBP_WIDE_1200/ASIA-WEATHERCHINA,http://web.archive.org/web/20260718113718/https://www.diepresse.com/35523915/tornados-und-gewitterstuerme-tote-und-hunderte-verletzte-in-china,"Die Presse auf Google als bevorzugte Nachrichtenquelle hinzufügen.
 Durch Gewitter und starke Stürme sind in Zentral- und Südchina mindestens 15 Menschen getötet und hunderte weitere verletzt worden… [+1738 chars]",,"Tornados und Gewitterstürme: Tote und hunderte Verletzte in China. Tödiche Wetterkapriolen in mehreren Teilen Chinas: In der Region Guangxi sind Dämme gebrochen, es gilt die höchste Hochwasser-Alarmstufe. In Gansu wird nach Verschütteten nach einem Erdrutsch gesucht.","Tornadoes and thunderstorms: dead and hundreds injured in China. Deadly freak weather in several parts of China: Dams have broken in the Guangxi region and the highest flood alert level is in effect. In Gansu, a search is underway for victims of a landslide.","Turbines et tonitrua: mortui et centeni laesi in Sina. Tempestas letalis lusus in pluribus Sinarum partibus: Dacus in regione Guangxi confregit et in gradu altissimo diluvio erecto in effectu est. In Gansu, quaesitio est citata ad victimas proli.",2026-07-21 21:19:04+00:00
dc584c73eb0b6716e149c25ab7819d1f,2026-07-08T18:18:59Z,'Hochwasser',www.bild.de,de,0.9,Überflutete Zuchtfarm in China - Hochwasser spült hunderte Schlangen an,Nach Überschwemmungen in Südchina sollen Hunderte Schlangen aus einer Zuchtfarm entkommen sein.,https://www.bild.de/news/ausland/kobras-im-hochwasser-schlangen-alarm-in-suedchina-6a4e875926384a0457a32726,"https://images.bild.de/6a4e875926384a0457a32726/086aaa2a94cab9ff9a6c72a4f960507d,b004014c?w=1280",http://web.archive.org/web/20260709185343/https://www.bild.de/news/ausland/kobras-im-hochwasser-schlangen-alarm-in-suedchina-6a4e875926384a0457a32726,"Mehr zum Video anzeigen 
Nach Überschwemmungen in Südchina sollen Hunderte Schlangen aus einer Zuchtfarm entkommen sein.
Quelle: News508.07.2026 - 20:18 Uhr",,Überflutete Zuchtfarm in China - Hochwasser spült hunderte Schlangen an. Nach Überschwemmungen in Südchina sollen Hunderte Schlangen aus einer Zuchtfarm entkommen sein.,Flooded breeding farm in China - floodwaters wash away hundreds of snakes. Hundreds of snakes are said to have escaped from a breeding farm after floods in southern China.,Inundatum feturae fundus in Sinis - diluvii aquae centenas serpentes abluunt. Centum anguium e praedio fetura evasisse dicuntur post diluvia in Sinis australibus.,2026-07-21 21:19:04+00:00
06bba74c44276d1fe5fd7cc5b6ddc60e,2026-07-14T14:12:05Z,'Hochwasser',www.nzz.ch,de,0.9,BILDSTRECKE - Fünf Jahre nach der Ahrtal-Flut: Bilder einer Katastrophe,Das Hochwasser in der Nacht vom 14. auf den 15. Juli 2021 in Rheinland-Pfalz und Nordrhein-Westfalen war eine der verheerendsten Naturkatastrophen in der jüngeren deutschen Geschichte.,https://www.nzz.ch/panorama/vor-fuenf-jahren-kam-es-im-ahrtal-zu-einer-verheerenden-sturzflut-185-personen-kamen-ums-leben-ld.10015420,"https://img-msp-prod.nzz.ch/2026/07/14/bf4853b4-c3a5-4799-8a07-c050f85f79f5.jpg?width=1200&height=675&fit=bounds&quality=75&auto=webp&crop=6048,3402,x0,y311&wmark=nzz",http://web.archive.org/web/20260715131928/https://www.nzz.ch/panorama/vor-fuenf-jahren-kam-es-im-ahrtal-zu-einer-verheerenden-sturzflut-185-personen-kamen-ums-leben-ld.10015420,Im Sommer 2021 ereignete sich eine der verheerendsten Naturkatastrophen in der jüngeren deutschen Geschichte. Im Ahrtal kam es in der Nacht vom 14. auf den 15.Juli nach starken Regenfällen zu einer S… [+3546 chars],,BILDSTRECKE - Fünf Jahre nach der Ahrtal-Flut: Bilder einer Katastrophe. Das Hochwasser in der Nacht vom 14. auf den 15. Juli 2021 in Rheinland-Pfalz und Nordrhein-Westfalen war eine der verheerendsten Naturkatastrophen in der jüngeren deutschen Geschichte.,"IMAGE STRETCH - Five years after the Ahrtal flood: Images of a catastrophe. The flooding on the night of July 14th to 15th, 2021 in Rhineland-Palatinate and North Rhine-Westphalia was one of the most devastating natural disasters in recent German history.",IMAGO TRACTUS - Quinque annis post diluvium Ahrtal: Imagines calamitatis. Inundatio in nocte 14 Iulii ad diem 15 mensis Iulii anno 2021 in Rheno-Palatinato et Rheno Septentrionali Rheno-Westphalia una ex maximis calamitatibus naturalibus in historia Germanica recentissima fuit.,2026-07-21 21:19:04+00:00
78d90529faed82041802d71d7feb87a0,2026-07-15T03:02:56Z,'Hochwasser',www.tagesspiegel.de,de,0.9,Jahrestag der Flutkatastrophe: Breite Mehrheit für Versicherungspflicht gegen Hochwasser,Flutkatastrophen verursachen Milliardenschäden. Bisher kommt dafür regelmäßig der Staat - also die Allgemeinheit - auf. Denn viele Hausbesitzer sind nicht gegen Hochwasser versichert.,https://www.tagesspiegel.de/wirtschaft/jahrestag-der-flutkatastrophe-breite-mehrheit-fur-versicherungspflicht-gegen-hochwasser-15839319.html,https://www.tagesspiegel.de/images/15839318/alternates/BASE_16_9_W1400/1784084576000/flutkatastrophe.jpeg,http://web.archive.org/web/20260716050627/https://www.tagesspiegel.de/wirtschaft/jahrestag-der-flutkatastrophe-breite-mehrheit-fur-versicherungspflicht-gegen-hochwasser-15839319.html,Fünf Jahre nach der Ahrtal-Katastrophe befürwortet eine breite Mehrheit der deutschen Hausbesitzer eine Versicherungspflicht gegen Hochwasser. Dafür sprachen sich in einer Umfrage im Auftrag des Port… [+2182 chars],,Jahrestag der Flutkatastrophe: Breite Mehrheit für Versicherungspflicht gegen Hochwasser. Flutkatastrophen verursachen Milliardenschäden. Bisher kommt dafür regelmäßig der Staat - also die Allgemeinheit - auf. Denn viele Hausbesitzer sind nicht gegen Hochwasser versichert.,"Anniversary of the flood disaster: Broad majority in favor of compulsory insurance against floods. Flood disasters cause billions in damage. So far, the state - i.e. the general public - has regularly paid for this. Many homeowners are not insured against flooding.","Clades anniversariae diluvii: latae plures in favorem assecurationis coactae contra inundationes. Clades diluvii billions in damno causant. Hactenus, the state — i.e., the general public — has regularly paid for this. Multi homeowners contra inundationem reddebant.",2026-07-21 21:19:04+00:00
4e5af84ae7ae9de0d9ceaf738d7dc109,2026-07-15T09:34:16Z,'Hochwasser',www.sueddeutsche.de,de,0.9,Rheinland-Pfalz: Diese Entschuldigung war für die Menschen im Ahrtal bitter notwendig,"Fünf Jahre nach dem Hochwasser spricht Ministerpräsident Gordon Schnieder vom Versagen des Staates.  Das ist schon mal gut. Nun muss er beweisen, dass er es ernst meint.",https://www.sueddeutsche.de/meinung/ahrtal-flutkatastrophe-gedenkfeier-gordon-schnieder-li.3516273,https://www.sueddeutsche.de/2026/07/15/56c2be98-84d9-48a1-8918-402d9eb29c84.jpg?q=60&fm=webp&width=1200&rect=0%2C0%2C4000%2C2250,,"Es waren nur zwei Sätze, aber die Menschen im Ahrtal haben lange auf sie gewartet. Dieser Staat hat in dieser Frage und in dieser Nacht versagt, sagte Gordon Schnieder bei der Gedenkveranstaltung zum… [+301 chars]",,"Rheinland-Pfalz: Diese Entschuldigung war für die Menschen im Ahrtal bitter notwendig. Fünf Jahre nach dem Hochwasser spricht Ministerpräsident Gordon Schnieder vom Versagen des Staates.  Das ist schon mal gut. Nun muss er beweisen, dass er es ernst meint.","Rhineland-Palatinate: This apology was sorely necessary for the people in the Ahr Valley. Five years after the flood, Prime Minister Gordon Schnieder speaks of the state's failure.  That's a good thing. Now he has to prove that he is serious.","Rheno-Palatinatus: Apologia haec in Valle Ahr populo valde necessaria fuit. Quinque annis post diluvium, primus minister Gordon Schnieder de defectione rei publicae loquitur.  Bonum est. Nunc probare debet se gravem esse.",2026-07-21 21:19:04+00:00
eae899a3dba0efdf4ab86ea5f1ad2d88,2026-07-16T18:21:29Z,'Hochwasser',www.morgenpost.de,de,0.9,Hochwasser in Texas spitzt sich zu: Behörden warnen vor Lebensgefahr,"In Texas verschärft sich die Hochwasserlage. Straßen stehen unter Wasser, Rettungskräfte sind im Dauereinsatz – und es drohen neue Regenfälle.",https://www.morgenpost.de/panorama/article412600465/hochwasser-in-texas-spitzt-sich-zu-behoerden-warnen-vor-lebensgefahr.html,https://img.sparknews.funkemedien.de/412600433/412600433_1784226089_v16_9_1600.jpeg,http://web.archive.org/web/20260718113625/https://www.morgenpost.de/panorama/article412600465/hochwasser-in-texas-spitzt-sich-zu-behoerden-warnen-vor-lebensgefahr.html,Nach heftigen Regenfällen kämpfen Teile des US-Bundesstaats Texas erneut mit schweren Überschwemmungen. Besonders betroffen ist die Region Texas Hill rund um die Stadt Kerrville. Dort retteten Einsat… [+2215 chars],,"Hochwasser in Texas spitzt sich zu: Behörden warnen vor Lebensgefahr. In Texas verschärft sich die Hochwasserlage. Straßen stehen unter Wasser, Rettungskräfte sind im Dauereinsatz – und es drohen neue Regenfälle.","Flooding in Texas is getting worse: Authorities warn of danger to life. The flood situation is worsening in Texas. Streets are under water, rescue workers are in constant use - and there is a threat of further rainfall.","Inundatio in Texas pejus est: Auctoritates monent de periculo vitae. Diluvium condicio in Texas auctior est. Plateae sub aqua sunt, adiutores adiuvantes in usu perpetuo sunt - et comminatio est plurium pluviarum.",2026-07-21 21:19:04+00:00
b10f4638f53cc951724f42298d042418,2026-07-02T10:08:01Z,'Ernte',www.tagesspiegel.de,de,0.9,Erntezeit: Landwirte unter Druck – Hitze und Kosten belasten die Ernte,"Großer Kostendruck, Wetterextreme und eine neue Debatte um Minijobs - unter deutschen Landwirten herrscht Frust. Sie kämpfen ohnehin ums Überleben, beklagt Bauernpräsident Rukwied zum Ernteauftakt.",https://www.tagesspiegel.de/wirtschaft/erntezeit-landwirte-unter-druck--hitze-und-kosten-belasten-die-ernte-15786718.html,https://www.tagesspiegel.de/images/15788274/alternates/BASE_16_9_W1400/1782996959000/deutscher-bauernverband-zum-ernteauftakt.jpeg,,Für Landwirte in Deutschland ist jetzt Hochsaison auf dem Mähdrescher - doch die Getreideernte ist überschattet von Wetterextremen und gestiegenen Kosten. Schlechte Stimmung löst zudem die Debatte um… [+3327 chars],,"Erntezeit: Landwirte unter Druck – Hitze und Kosten belasten die Ernte. Großer Kostendruck, Wetterextreme und eine neue Debatte um Minijobs - unter deutschen Landwirten herrscht Frust. Sie kämpfen ohnehin ums Überleben, beklagt Bauernpräsident Rukwied zum Ernteauftakt.","Harvest time: Farmers under pressure – heat and costs are putting a strain on the harvest. Great cost pressure, extreme weather and a new debate about mini-jobs - there is frustration among German farmers. They are fighting for survival anyway, complains farmers' president Rukwied at the start of the harvest.","Metere tempus: agricolae cogente – calor et sumptibus iactant messem. Magno pretio pressus, extrema tempestas et nova disceptatio de mini- bussentis - frustratio inter agricolas Germanos est. Pugnatur pro usquam superstes, queritur praesidentem agricolae Rukwied in initio messis.",2026-07-22 07:38:34+00:00
27c2374aa0698995c0ea4cab884bc036,2026-07-02T10:08:01Z,'Ernte',www.tagesspiegel.de,de,0.9,Erntezeit: Bauernpräsident: „Minijobber sind für uns nicht ersetzbar“,Weniger Minijobs? Bauernpräsident Rukwied warnt: Ohne Minijobber geht es bei der Ernte nicht. Auf die aktuelle Debatte reagiert er verständnislos.,https://www.tagesspiegel.de/wirtschaft/erntezeit-bauernprasident-minijobber-sind-fur-uns-nicht-ersetzbar-15786718.html,https://www.tagesspiegel.de/images/15786717/alternates/BASE_16_9_W1400/1782986880000/bauernprasident-rukwied.jpeg,,Bauernpräsident Joachim Rukwied hat einen möglichen Wegfall von Minijobs in ihrer bisherigen Form als nicht hinnehmbar für die Landwirtschaft kritisiert. Den Vorschlag zu Minijobs bewerten wir absolu… [+978 chars],,Erntezeit: Bauernpräsident: „Minijobber sind für uns nicht ersetzbar“. Weniger Minijobs? Bauernpräsident Rukwied warnt: Ohne Minijobber geht es bei der Ernte nicht. Auf die aktuelle Debatte reagiert er verständnislos.,Harvest time: Farmers’ President: “Mini-jobbers cannot be replaced by us.” Fewer mini-jobs? Farmers President Rukwied warns: The harvest won't work without mini-jobbers. He reacts to the current debate without understanding.,"Tempus messis: Praeses agricolae: ""Mini jobbers a nobis reparari non possunt."" Pauciores mini-jobs? Praeses Rukwied agricolae monet: Messis sine minimis jobbers non laborabit. Reagit ad hodiernam disputationem sine intellectu.",2026-07-22 07:38:34+00:00
132b5d8c06637f3b83de8b034af1b383,2026-07-03T05:30:00Z,'Aussaat',www.telepolis.de,de,0.9,"Ernte 2026: Hitze, Dieselkosten und Minijob-Debatte setzen Höfe unter Druck","Bauernpräsident Rukwied warnt zum Ernteauftakt vor einer Überlebenskrise. Extreme Hitze drückt auf den Weizen, Diesel frisst die Margen.",https://www.telepolis.de/article/Ernte-2026-Hitze-Dieselkosten-und-Minijob-Debatte-setzen-Hoefe-unter-Druck-11352488.html,https://heise.cloudimg.io/bound/1200x1200/q85.png-lossy-85.webp-lossy-85.foil1/_www-heise-de_/imgs/18/5/1/1/0/6/5/5/shutterstock_2664473835-6e8af0a14fe4421f.jpg,http://web.archive.org/web/20260704024517/https://www.telepolis.de/article/Ernte-2026-Hitze-Dieselkosten-und-Minijob-Debatte-setzen-Hoefe-unter-Druck-11352488.html,"(Bild: Jenya Smyk / Shutterstock.com)
Bauernpräsident Rukwied warnt zum Ernteauftakt vor einer Überlebenskrise. Extreme Hitze drückt auf den Weizen, Diesel frisst die Margen.
Auf den Feldern rund u… [+3715 chars]",,"Ernte 2026: Hitze, Dieselkosten und Minijob-Debatte setzen Höfe unter Druck. Bauernpräsident Rukwied warnt zum Ernteauftakt vor einer Überlebenskrise. Extreme Hitze drückt auf den Weizen, Diesel frisst die Margen.","Harvest 2026: Heat, diesel costs and mini-job debate are putting farms under pressure. Farmers President Rukwied warns of a survival crisis at the start of the harvest. Extreme heat is putting pressure on wheat and diesel is eating into margins.","Messis 2026: Calor, diesel sumptibus et mini-officium disputandi praedia cogente ponendi sunt. Agricolae Praeses Rukwied admonet de discrimine salvo in initio messis. Extremus calor triticum premat et Diesel in marginem edit.",2026-07-22 07:38:34+00:00
0902b547ef911a333ac1ba19c1e4c1b3,2026-07-10T03:00:29Z,'Ernte',www.zeit.de,de,0.9,Ernte: Machen Hitze und Trockenheit dem Weizenland Hessen Probleme?,Hier finden Sie Informationen zu dem Thema „Ernte“. Lesen Sie jetzt „Machen Hitze und Trockenheit dem Weizenland Hessen Probleme?“.,https://www.zeit.de/news/2026-07/10/machen-hitze-und-trockenheit-dem-weizenland-hessen-probleme,https://img.zeit.de/news/2026-07/10/machen-hitze-und-trockenheit-dem-weizenland-hessen-probleme-image-group/wide__1300x731,,"Während die Ernte der Wintergerste in Hessen bereits in vollem Gange ist, startet in den nächsten Wochen auch die Ernte des Winterweizens. Das ist nach Angaben des Hessischen Bauernverbandes die mit … [+5162 chars]",,Ernte: Machen Hitze und Trockenheit dem Weizenland Hessen Probleme?. Hier finden Sie Informationen zu dem Thema „Ernte“. Lesen Sie jetzt „Machen Hitze und Trockenheit dem Weizenland Hessen Probleme?“.,Harvest: Are heat and drought causing problems for the wheat region of Hesse? Here you will find information on the topic of “harvest”. Now read “Are heat and drought causing problems for the wheat region of Hesse?”,"Messis: An calor et siccitas difficultates causant pro tritico Hassiae regione? Hic informationes invenies in argumento ""messis"". Nunc lege ""Numquid calor et siccitas difficultates faciunt pro tritico Hassiae regione?""",2026-07-22 07:38:34+00:00
b136c1d27fe3979575a6775f80f6122e,2026-07-20T09:20:00Z,'Ernte',www.brigitte.de,de,0.9,Jetzt aber schnell: Diese 5 Gemüsesorten kannst du im Juli noch aussäen,"Wer denkt, im Juli sei die Aussaat-Saison vorbei, liegt daneben. Einige Gemüsesorten können jetzt noch in die Erde und sorgen in den kommenden Wochen und Monaten für frische Ernte direkt aus dem eigenen Garten.",https://www.brigitte.de/leben/aussaat-im-juli--diese-5-gemuesesorten-kannst-jetzt-noch-einpflanzen-14093510.html,https://image.brigitte.de/14093524/t/s9/v2/w1440/r1.7778/-/diese-5-gemuesesorten-kannst-du-im-juli-noch-aussaeen.jpg,,"Wer denkt, im Juli sei die Aussaat-Saison vorbei, liegt daneben. Einige Gemüsesorten können jetzt noch in die Erde und sorgen in den kommenden Wochen und Monaten für frische Ernte direkt aus dem eige… [+591 chars]",,"Jetzt aber schnell: Diese 5 Gemüsesorten kannst du im Juli noch aussäen. Wer denkt, im Juli sei die Aussaat-Saison vorbei, liegt daneben. Einige Gemüsesorten können jetzt noch in die Erde und sorgen in den kommenden Wochen und Monaten für frische Ernte direkt aus dem eigenen Garten.",But now quickly: You can still sow these 5 types of vegetables in July. Anyone who thinks that the sowing season will be over in July is wrong. Some types of vegetables can still be planted in the ground now and will ensure a fresh harvest straight from your own garden in the coming weeks and months.,"Sed nunc cito: Etiam haec V genera olerum Iulio serere potes. Quisquis existimat tempus sationis mense Iulio futurum esse, falsum est. Aliquod genera leguminum nunc plantari possunt in terra, et messem novam efficiet recta a tuo horto in hebdomadibus et mensibus venientibus.",2026-07-22 07:38:34+00:00
c4a49e2f8a9df85429cac374c1441224,2026-07-02T13:59:09Z,'Sommer',www.zeit.de,de,0.9,Kosmetik: Neues Logistikzentrum von Beiersdorf öffnet im Sommer 2027,Hier finden Sie Informationen zu dem Thema „Kosmetik“. Lesen Sie jetzt „Neues Logistikzentrum von Beiersdorf öffnet im Sommer 2027“.,https://www.zeit.de/news/2026-07/02/neues-logistikzentrum-von-beiersdorf-oeffnet-im-sommer-2027,https://img.zeit.de/news/2026-07/02/neues-logistikzentrum-von-beiersdorf-oeffnet-im-sommer-2027-image-group/wide__1300x731,http://web.archive.org/web/20260703041216/https://www.zeit.de/news/2026-07/02/neues-logistikzentrum-von-beiersdorf-oeffnet-im-sommer-2027,"Der Kosmetikhersteller Beiersdorf plant, sein neues Logistikzentrum in Leipzig im Sommer 2027 in Betrieb zu nehmen. Der seit zwei Jahren laufende Bau liege im Zeitplan, sagte Projektleiter Björn Schw… [+1294 chars]",,Kosmetik: Neues Logistikzentrum von Beiersdorf öffnet im Sommer 2027. Hier finden Sie Informationen zu dem Thema „Kosmetik“. Lesen Sie jetzt „Neues Logistikzentrum von Beiersdorf öffnet im Sommer 2027“.,Cosmetics: Beiersdorf’s new logistics center will open in summer 2027. Here you will find information on the topic of “cosmetics”. Read now “Beiersdorf’s new logistics center will open in summer 2027”.,"Cosmetics: Beiersdorf centrum logistics novas aperiet aestate 2027. Hic invenies informationes de argumento ""cosmeticorum"". Lege nunc ""Medium logistics novum Beiersdorf aestate 2027 aperiet"".",2026-07-23 03:33:15+00:00
159e505074b97e3e03708632b24ca2c9,2026-07-03T03:47:29Z,'Sommer',www.zeit.de,de,0.9,»Ein Sommer mit Goethe« von Gustav Seibt: Mehr Licht,Gustav Seibt erklärt Goethe in 50 Kapiteln. Das macht richtig gute Laune.,https://www.zeit.de/2026/29/ein-sommer-mit-goethe-gustav-seibt-literatur-klassiker,https://img.zeit.de/2026/29/mehr-licht-bild-2/wide__1300x731,http://web.archive.org/web/20260704022505/https://www.zeit.de/2026/29/ein-sommer-mit-goethe-gustav-seibt-literatur-klassiker,"Dies ist ein so feines und unangestrengtes Buch, das die warmen und faulen Tage des Jahres gleich im Titel trägt: Ein Sommer mit Goethe. Dem Essayisten, Historiker und Kritiker der Süddeutschen Zeitu… [+740 chars]",,»Ein Sommer mit Goethe« von Gustav Seibt: Mehr Licht. Gustav Seibt erklärt Goethe in 50 Kapiteln. Das macht richtig gute Laune.,“A Summer with Goethe” by Gustav Seibt: More light. Gustav Seibt explains Goethe in 50 chapters. That really puts you in a good mood.,"""Aestas cum Goethe"" Gustavus Seibt: Plus lucis. Gustavus Seibt explicat Goethe in 50 cap. Quod vere ponit te in mente bona.",2026-07-23 03:33:15+00:00
7dee830dbfcb6d8309f6a7a0b7d9ed61,2026-07-03T04:00:06Z,'Sommer',www.zeit.de,de,0.9,Insekten: Feuchte Sommer fördern Mücken - Fiese Plagegeister im Garten,Hier finden Sie Informationen zu dem Thema „Insekten“. Lesen Sie jetzt „Feuchte Sommer fördern Mücken - Fiese Plagegeister im Garten“.,https://www.zeit.de/news/2026-07/03/feuchte-sommer-foerdern-muecken-fiese-plagegeister-im-garten,https://img.zeit.de/news/2026-07/03/feuchte-sommer-foerdern-muecken-fiese-plagegeister-im-garten-image-group/wide__1300x731,http://web.archive.org/web/20260704035306/https://www.zeit.de/news/2026-07/03/feuchte-sommer-foerdern-muecken-fiese-plagegeister-im-garten,"Die bevorstehenden warmen Sommertage und ab und zu Regen sind ideal für Stechmücken in Deutschland. «Im Moment gestaltet es sich aus Sicht der Mücke super, weil Regen in Sicht ist. Feuchtes und warme… [+4093 chars]",,Insekten: Feuchte Sommer fördern Mücken - Fiese Plagegeister im Garten. Hier finden Sie Informationen zu dem Thema „Insekten“. Lesen Sie jetzt „Feuchte Sommer fördern Mücken - Fiese Plagegeister im Garten“.,Insects: Humid summers promote mosquitoes - nasty pests in the garden. Here you will find information on the topic of “insects”. Now read “Damp summers promote mosquitoes - nasty pests in the garden”.,"Insectorum: Aestates humidas CUices promovent - pestes foedae in horto. Hic informationes invenies in argumento ""insectorum"". Nunc legitur ""Aestates humidas culices - pestes malignas in horto"".",2026-07-23 03:33:15+00:00
244abd90cd8eaebb8d46ceddbd89908e,2026-07-05T02:00:48Z,'Sommer',www.zeit.de,de,0.9,"Kriminalität: Sommer, Sonne, Straftat? Was Freibäder dagegen machen","Hier finden Sie Informationen zu dem Thema „Kriminalität“. Lesen Sie jetzt „Sommer, Sonne, Straftat? Was Freibäder dagegen machen“.",https://www.zeit.de/news/2026-07/05/sommer-sonne-straftat-was-freibaeder-dagegen-machen,https://img.zeit.de/news/2026-07/05/sommer-sonne-straftat-was-freibaeder-dagegen-machen-image-group/wide__1300x731,http://web.archive.org/web/20260705024851/https://www.zeit.de/news/2026-07/05/sommer-sonne-straftat-was-freibaeder-dagegen-machen,"Eigentlich sollen Freibäder Abkühlung, Entspannung und Freude bringen. Doch gerade, wenn an heißen Tagen viele Menschen auf engem Raum zusammenkommen, kann der Badespaß schnell vorbei sein. Sexuelle … [+5680 chars]",,"Kriminalität: Sommer, Sonne, Straftat? Was Freibäder dagegen machen. Hier finden Sie Informationen zu dem Thema „Kriminalität“. Lesen Sie jetzt „Sommer, Sonne, Straftat? Was Freibäder dagegen machen“.","Crime: summer, sun, crime? What outdoor pools do about it. Here you will find information on the topic of “Crime”. Now read “Summer, sun, crime? What outdoor pools are doing about it”.","Scelus: aestas, sol, scelus? Nunc efficitur lacus quis velit dictum efficitur. Hic informationes invenies in argumento ""Criminis"". Nunc lego ""Aestas, sol, scelus? Quid lacus velit circa eam"".",2026-07-23 03:33:15+00:00
0bc5598a3056ebb8e07e33311d919c64,2026-07-05T14:15:26Z,'Sommer',www.zeit.de,de,0.9,2. Bundesliga: Fürth startet mit Niederlage in Testspiel-Sommer,Hier finden Sie Informationen zu dem Thema „2. Bundesliga“. Lesen Sie jetzt „Fürth startet mit Niederlage in Testspiel-Sommer“.,https://www.zeit.de/news/2026-07/05/fuerth-startet-mit-niederlage-in-testspiel-sommer,https://img.zeit.de/news/2026-07/05/fuerth-startet-mit-niederlage-in-testspiel-sommer-image-group/wide__1300x731,http://web.archive.org/web/20260706074849/https://www.zeit.de/news/2026-07/05/fuerth-startet-mit-niederlage-in-testspiel-sommer,Die SpVgg Greuther Fürth ist mit einer Testspiel-Niederlage in den Sommer gestartet. Vier Tage nach dem Trainingsstart unterlag der fränkische Fußball-Zweitligist auswärts bei der SpVgg Bayreuth mit … [+665 chars],,2. Bundesliga: Fürth startet mit Niederlage in Testspiel-Sommer. Hier finden Sie Informationen zu dem Thema „2. Bundesliga“. Lesen Sie jetzt „Fürth startet mit Niederlage in Testspiel-Sommer“.,2nd Bundesliga: Fürth starts the test match summer with a defeat. Here you will find information on the topic of “2nd Bundesliga”. Read now “Fürth starts the test match summer with a defeat”.,"2nd Bundesliga: Fürth incipit experimentum par aestatis cum repulsa. Hic informationes invenies in argumento ""2nd Bundesliga"". Lege nunc ""Fürth incipit test par aestate cum clade"".",2026-07-23 03:33:15+00:00
346228ac4b0609a845d8154e492220a6,2026-07-09T12:55:34Z,'Sommer',www.zeit.de,de,0.9,Koalition: Geht Schwarz-Rot jetzt harmonisch in den Sommer?,Hier finden Sie Informationen zu dem Thema „Koalition“. Lesen Sie jetzt „Geht Schwarz-Rot jetzt harmonisch in den Sommer?“.,https://www.zeit.de/news/2026-07/09/geht-schwarz-rot-jetzt-harmonisch-in-den-sommer,https://img.zeit.de/news/2026-07/09/geht-schwarz-rot-jetzt-harmonisch-in-den-sommer-image-group/wide__1300x731,http://web.archive.org/web/20260709201402/https://www.zeit.de/news/2026-07/09/geht-schwarz-rot-jetzt-harmonisch-in-den-sommer,Mit dem Scheitern von Oppositionsanträgen vor dem Bundesverfassungsgericht sind die Chancen für zwei zentrale Vorhaben der schwarz-roten Koalition gewachsen. Karlsruhe lehnte Eilanträge zweier Opposi… [+5227 chars],,Koalition: Geht Schwarz-Rot jetzt harmonisch in den Sommer?. Hier finden Sie Informationen zu dem Thema „Koalition“. Lesen Sie jetzt „Geht Schwarz-Rot jetzt harmonisch in den Sommer?“.,Coalition: Is black and red heading into the summer harmoniously? Here you will find information on the topic of “coalition”. Now read “Does black and red go harmoniously into the summer?”,"CONGREGATIO: Estne caput nigrum et rubeum in aestatem harmonice? Hic informationes invenies in argumento ""coalitionis"". Nunc lege ""Num nigrum et rubeum concorditer in aestatem proficiscitur?""",2026-07-23 03:33:15+00:00
f08f18158b14603458db6b4158fa0dc0,2026-07-10T08:32:01Z,'Sommer',www.zeit.de,de,0.9,"Sommerliches Wetter: Sommer, Sonne, Ausflüge – Perfektes Wetter im Osten","Hier finden Sie Informationen zu dem Thema „Sommerliches Wetter“. Lesen Sie jetzt „Sommer, Sonne, Ausflüge – Perfektes Wetter im Osten“.",https://www.zeit.de/news/2026-07/10/sommer-sonne-ausfluege-perfektes-wetter-im-osten,https://img.zeit.de/news/2026-07/10/sommer-sonne-ausfluege-perfektes-wetter-im-osten-image-group/wide__1300x731,http://web.archive.org/web/20260711043716/https://www.zeit.de/news/2026-07/10/sommer-sonne-ausfluege-perfektes-wetter-im-osten,"Auf perfektes Ausflugswetter können sich die Menschen in Sachsen, Sachsen-Anhalt und Thüringen in den kommenden Tagen freuen. Es wird mit um die 30 Grad sommerlich warm bei einem Mix aus Wolke und So… [+547 chars]",,"Sommerliches Wetter: Sommer, Sonne, Ausflüge – Perfektes Wetter im Osten. Hier finden Sie Informationen zu dem Thema „Sommerliches Wetter“. Lesen Sie jetzt „Sommer, Sonne, Ausflüge – Perfektes Wetter im Osten“.","Summer weather: Summer, sun, excursions – perfect weather in the east. Here you will find information on the topic of “summer weather”. Read “Summer, sun, excursions – perfect weather in the east” now.","Tempestas aestas: aestas, sol, excursiones – tempestas perfecta in oriente. Hic informationes invenies in argumento ""tempestatis aestatis"". Lege ""Aestas, sol, excursiones - tempestas in oriente perfecta"" nunc.",2026-07-23 03:33:15+00:00
799d089f7e4f5b0b178159286e7cc63f,2026-07-15T11:31:56Z,'Sommer',www.zeit.de,de,0.9,Sommer-Pressekonferenz: Merz: «Die Koalition hat Tritt gefasst»,Hier finden Sie Informationen zu dem Thema „Sommer-Pressekonferenz“. Lesen Sie jetzt „Merz: «Die Koalition hat Tritt gefasst»“.,https://www.zeit.de/news/2026-07/15/merz-die-koalition-hat-tritt-gefasst,https://img.zeit.de/news/2026-07/15/merz-die-koalition-hat-tritt-gefasst-image-group/wide__1300x731,http://web.archive.org/web/20260716040235/https://www.zeit.de/news/2026-07/15/merz-die-koalition-hat-tritt-gefasst,"Kanzler Friedrich Merz hat den eingeschlagenen Reformkurs der schwarz-roten Bundesregierung herausgestellt und setzt auf gemeinsame weitere Vorhaben. «Die Koalition hat Tritt gefasst», sagte der CDU-… [+864 chars]",,Sommer-Pressekonferenz: Merz: «Die Koalition hat Tritt gefasst». Hier finden Sie Informationen zu dem Thema „Sommer-Pressekonferenz“. Lesen Sie jetzt „Merz: «Die Koalition hat Tritt gefasst»“.,Summer press conference: Merz: “The coalition has found its feet.” Here you will find information on the topic of “Summer Press Conference”. Now read “Merz: “The coalition has found its feet””.,"Colloquium torcular aestivum: Merz: ""Coitio pedes inuenit"". Hic informationes invenies in argumento ""Conferentiae aestatis Press"". Nunc lege ""Merz"": ""Coolitio inuenit pedes suos"".",2026-07-23 03:33:15+00:00
60e9a34618e9793234c7273f260af811,2026-07-15T12:00:56Z,'Sommer',www.zeit.de,de,0.9,Sommer-Pressekonferenz: Kanzler verteidigt Einschnitte bei Unterhaltsvorschuss,Hier finden Sie Informationen zu dem Thema „Sommer-Pressekonferenz“. Lesen Sie jetzt „Kanzler verteidigt Einschnitte bei Unterhaltsvorschuss“.,https://www.zeit.de/news/2026-07/15/kanzler-verteidigt-einschnitte-bei-unterhaltsvorschuss,https://img.zeit.de/news/2026-07/15/kanzler-verteidigt-einschnitte-bei-unterhaltsvorschuss-image-group/wide__1300x731,http://web.archive.org/web/20260715130918/https://www.zeit.de/news/2026-07/15/kanzler-verteidigt-einschnitte-bei-unterhaltsvorschuss,Bundeskanzler Friedrich Merz hat die geplanten Kürzungen beim Unterhaltsvorschuss für Kinder von Alleinerziehenden verteidigt. Gleichwohl sieht der CDU-Chef offenbar noch Verhandlungsspielraum: «Das … [+1606 chars],,Sommer-Pressekonferenz: Kanzler verteidigt Einschnitte bei Unterhaltsvorschuss. Hier finden Sie Informationen zu dem Thema „Sommer-Pressekonferenz“. Lesen Sie jetzt „Kanzler verteidigt Einschnitte bei Unterhaltsvorschuss“.,Summer press conference: Chancellor defends cuts in maintenance advances. Here you will find information on the topic of “Summer Press Conference”. Now read “Chancellor defends cuts in maintenance advances”.,"Colloquium aestivum diurnariis: Cancellarius defendit secat in progressibus conservandis. Hic informationes invenies in argumento ""Conferentiae aestatis Press"". Nunc lege ""Cancellarius tuetur secet in promovendo victum"".",2026-07-23 03:33:15+00:00
ba8e5934985499ff4d8c7e60cc79a35d,2026-07-15T13:09:47Z,'Sommer',www.zeit.de,de,0.9,Sommer-Pressekonferenz: Merz: Einstieg chinesischer Autobauer nur «Notlösung»,Hier finden Sie Informationen zu dem Thema „Sommer-Pressekonferenz“. Lesen Sie jetzt „Merz: Einstieg chinesischer Autobauer nur «Notlösung»“.,https://www.zeit.de/news/2026-07/15/merz-einstieg-chinesischer-autobauer-nur-notloesung,https://img.zeit.de/news/2026-07/15/merz-einstieg-chinesischer-autobauer-nur-notloesung-image-group/wide__1300x731,http://web.archive.org/web/20260715151845/https://www.zeit.de/news/2026-07/15/merz-einstieg-chinesischer-autobauer-nur-notloesung,Bundeskanzler Friedrich Merz sieht einen möglichen Einstieg chinesischer Autobauer in Fabriken deutscher Hersteller als «Notlösung». Das sagte der CDU-Vorsitzende auf eine Frage hin in der Bundespres… [+933 chars],,Sommer-Pressekonferenz: Merz: Einstieg chinesischer Autobauer nur «Notlösung». Hier finden Sie Informationen zu dem Thema „Sommer-Pressekonferenz“. Lesen Sie jetzt „Merz: Einstieg chinesischer Autobauer nur «Notlösung»“.,Summer press conference: Merz: entry of Chinese car manufacturers only as an “emergency solution”. Here you will find information on the topic of “Summer Press Conference”. Now read “Merz: Chinese car manufacturer’s entry is only an “emergency solution””.,"Aestiva diurnaria colloquium: Merz: ingressum carri Sinensium artifices tantum ut ""solutio subitis"". Hic informationes invenies in argumento ""Conferentiae aestatis Press"". Nunc lege ""Merz: ingressu carri Sinica solum ""solutio subitis"""".",2026-07-23 03:33:15+00:00
6ea4db24a16716cd5d2830ac4ca08fc4,2026-07-15T14:16:37Z,'Sommer',www.faz.net,de,0.9,Wirtschaftsbücher: Schlauer nach dem Sommer,Die Welt scheint sich heute schneller zu drehen als früher. Angesichts des digitalen Gewitters der schlechten Nachrichten bieten Bücher Orientierung. Wir haben die wichtigsten gesichtet.,https://www.faz.net/premium/sommerlese-buecher-zu-geopolitik-und-weltwirtschaft-201007116.html,https://media0.faz.net/image/w1200h627/0a69d337d676/w3200h1672x0y64o/202607/43601.0.2333435809/4360102333435809.webp,http://web.archive.org/web/20260716070121/https://www.faz.net/premium/sommerlese-buecher-zu-geopolitik-und-weltwirtschaft-201007116.html,"Natürlich kann man am Pool einen Roman lesen. Wen aber Geopolitik und Geoökonomie umtreiben, der wird die Sommerpause nutzen. Denn die Verlage haben sich auf die Polykrise eingestellt. Ihre Programme… [+194 chars]",,Wirtschaftsbücher: Schlauer nach dem Sommer. Die Welt scheint sich heute schneller zu drehen als früher. Angesichts des digitalen Gewitters der schlechten Nachrichten bieten Bücher Orientierung. Wir haben die wichtigsten gesichtet.,"Business books: Smarter after the summer. The world seems to be moving faster today than it used to. In the face of the digital storm of bad news, books offer guidance. We have looked at the most important ones.",Negotiatio librorum: Smarter post aestatem. Mundus hodie quam ante solebat movere videtur. In facie digitalis tempestatis mali nuntii libri praebent ductu. Inspeximus praecipua.,2026-07-23 03:33:15+00:00
f43384db3ef7f88285ba0e36d1c78394,2026-07-17T13:13:50Z,'Sommer',www.zeit.de,de,0.9,Himbeertorte: Wenn der Sommer unwiderstehlich wird,Es sind die Wochen der Himbeeren. Ernten Sie los oder gehen Sie zum Wochenmarkt. Diese Torte ist der Beweis: Die Himbeere ist die Frucht der Liebe.,https://www.zeit.de/zeit-magazin/wochenmarkt/2026-07/himbeertorte-zitronenmousse-rezept-wochenmarkt,https://img.zeit.de/zeit-magazin/wochenmarkt/2026-07/himbeertorte-zitronenmousse-rezept-wochenmarkt-bild/wide__1300x731,,"Egal, wo ich gerade bin, meine nächste Kolumne reist immer in Gedanken mit. Worüber schreibe ich? Was könnte Sie interessieren, amüsieren, zum Kochen oder Backen animieren? Wie finde ich einen guten … [+430 chars]",,Himbeertorte: Wenn der Sommer unwiderstehlich wird. Es sind die Wochen der Himbeeren. Ernten Sie los oder gehen Sie zum Wochenmarkt. Diese Torte ist der Beweis: Die Himbeere ist die Frucht der Liebe.,Raspberry cake: When summer becomes irresistible. It's the raspberry weeks. Start harvesting or go to the weekly market. This cake is proof: the raspberry is the fruit of love.,RUBUS IDAEUS placenta: Cum aestas resisti non potest. Praesent sit amet felis. Satus messe vel ad forum hebdomadale. Hoc libum probatio est: sit amet fructus amoris.,2026-07-23 03:33:15+00:00
c75064574c97b952b4fabb50d4b39a12,2026-07-18T10:26:48Z,'Sommer',www.faz.net,de,0.9,Jahreszeiten: Warum wir den Sommer trotzdem lieben,"Die Hitze verleidet uns fast den Sommer. Am Klimawandel kommen wir nicht vorbei – aber ein paar schöne Momente können wir ihm vielleicht abtrotzen. Hier sind 48 Gründe, warum wir schwitzen und genießen.",https://www.faz.net/aktuell/gesellschaft/menschen/sommer-trotz-hitze-48-gruende-warum-wir-ihn-lieben-accg-201009602.html,https://media0.faz.net/image/w1200h627/9b6128fc8d3d/w5712h2984x0y271o/202607/43601.0.2341912107/weil-man-bei-34-grad-niemandem.webp,http://web.archive.org/web/20260719041211/https://www.faz.net/aktuell/gesellschaft/menschen/sommer-trotz-hitze-48-gruende-warum-wir-ihn-lieben-accg-201009602.html,1. Weil (manche) Sonnencreme einfach wahnsinnig gut riecht.2. Weil Fahrradfahren bei Hitze immer noch mehr Spaß macht als Fahrradfahren bei Regen und Kälte.3. Weil man bei 35 Grad plötzlich existenzi… [+4358 chars],,"Jahreszeiten: Warum wir den Sommer trotzdem lieben. Die Hitze verleidet uns fast den Sommer. Am Klimawandel kommen wir nicht vorbei – aber ein paar schöne Momente können wir ihm vielleicht abtrotzen. Hier sind 48 Gründe, warum wir schwitzen und genießen.",Seasons: Why we still love summer. The heat is almost ruining our summer. We can't get around climate change - but we can perhaps wrest a few beautiful moments from it. Here are 48 reasons why we sweat and enjoy.,Tempora: Quare aestatem adhuc amamus. Aestas fere aestatem nostram perdit. Circum mutationem climatis obtinere non possumus - sed fortasse pauca momenta pulcherrima ex ea extorquere possumus. Hic sunt causae 48 cur sudamus et fruimur.,2026-07-23 03:33:15+00:00
2c492738667c4b968a20c77720001e96,2026-07-18T12:12:59Z,'Sommer',www.zeit.de,de,0.9,Radfahr-Wettbewerb: Mitfahrer gesucht: Sommer-Radtour durch Brandenburg,Hier finden Sie Informationen zu dem Thema „Radfahr-Wettbewerb“. Lesen Sie jetzt „Mitfahrer gesucht: Sommer-Radtour durch Brandenburg“.,https://www.zeit.de/news/2026-07/18/mitfahrer-gesucht-sommer-radtour-durch-brandenburg,https://img.zeit.de/news/2026-07/18/mitfahrer-gesucht-sommer-radtour-durch-brandenburg-image-group/wide__1300x731,http://web.archive.org/web/20260719053109/https://www.zeit.de/news/2026-07/18/mitfahrer-gesucht-sommer-radtour-durch-brandenburg,"Auf dem Fahrrad in Nord und Süd quer durch Brandenburg in 24 Etappen: Der Allgemeine Deutsche Fahrrad-Club hat in Brandenburg an der Havel die Sommeraktion «ADFC on tour» gestartet. 
An den Wochenen… [+1224 chars]",,Radfahr-Wettbewerb: Mitfahrer gesucht: Sommer-Radtour durch Brandenburg. Hier finden Sie Informationen zu dem Thema „Radfahr-Wettbewerb“. Lesen Sie jetzt „Mitfahrer gesucht: Sommer-Radtour durch Brandenburg“.,Cycling competition: Wanted passengers: summer bike tour through Brandenburg. Here you will find information on the topic of “cycling competition”. Read “Passengers wanted: summer bike tour through Brandenburg” now.,"Certamen revolutio: vectores Volens: cursoriam aestivam per pretium Brandenburgum. Hic informationes invenies in argumento ""activitatis cycli"". Legere ""Viatores voluerunt: aestatis cursoriam pretium per Brandenburg"" nunc.",2026-07-23 03:33:15+00:00
20c4bf26fc63ce0d637c300c64c6edfc,2026-07-20T13:06:56Z,'Sommer',www.zeit.de,de,0.9,Pfirsich-Pistazien-Tarte: Zum Sommer gehören klebrige Finger!,Im Sommer stehen unendlich viele Früchte zur Auswahl. Auf Pfirsiche freut sich unsere Autorin besonders. Für diese Tarte kombiniert sie die Steinfrüchte mit Pistazien.,https://www.zeit.de/zeit-magazin/wochenmarkt/2025-07/pfirsich-pistazien-tarte-rezept-wochenmarkt,https://img.zeit.de/2025-05/pfirsich-pistazien-tarte-rezept-wochenmarkt-bild/wide__1300x731,http://web.archive.org/web/20260720221429/https://www.zeit.de/zeit-magazin/wochenmarkt/2025-07/pfirsich-pistazien-tarte-rezept-wochenmarkt,"Um diese Jahreszeit gibt es für Desserts eine unendlich große Auswahl an frischem Obst, aber Pfirsiche stehen ganz weit oben auf meiner Liste. Ein duftender, saftig reifer Pfirsich ist für mich der I… [+447 chars]",,Pfirsich-Pistazien-Tarte: Zum Sommer gehören klebrige Finger!. Im Sommer stehen unendlich viele Früchte zur Auswahl. Auf Pfirsiche freut sich unsere Autorin besonders. Für diese Tarte kombiniert sie die Steinfrüchte mit Pistazien.,Peach and pistachio tart: Summer means sticky fingers! In summer there are endless fruits to choose from. Our author is particularly excited about peaches. For this tart she combines the stone fruits with pistachios.,Persici et pistachii acerbus: Aestas digitos lentos significat! Aestate infiniti fructus sumo. Praecipue de persicis excitatur auctor noster. Ad hoc acerbum illa poma lapidea cum pistachiis componit.,2026-07-23 03:33:15+00:00
6005f2b505e1e906625831c56331d688,2026-07-21T02:30:19Z,'Sommer',www.zeit.de,de,0.9,Bergretter: Was die Bergwacht diesen Sommer bislang auf Trab hält,Hier finden Sie Informationen zu dem Thema „Bergretter“. Lesen Sie jetzt „Was die Bergwacht diesen Sommer bislang auf Trab hält“.,https://www.zeit.de/news/2026-07/21/was-die-bergwacht-diesen-sommer-bislang-auf-trab-haelt,https://img.zeit.de/news/2026-07/21/was-die-bergwacht-diesen-sommer-bislang-auf-trab-haelt-image-group/wide__1300x731,http://web.archive.org/web/20260722044349/https://www.zeit.de/news/2026-07/21/was-die-bergwacht-diesen-sommer-bislang-auf-trab-haelt,Die laufende Sommersaison hat Thüringens Bergrettern bereits etliche Einsätze beschert. Besonders häufig eilte die Bergwacht bislang etwa wegen Verletzungen beim Mountainbiken und beim Wandern zu Hil… [+3660 chars],,Bergretter: Was die Bergwacht diesen Sommer bislang auf Trab hält. Hier finden Sie Informationen zu dem Thema „Bergretter“. Lesen Sie jetzt „Was die Bergwacht diesen Sommer bislang auf Trab hält“.,Mountain rescuers: What has kept the mountain rescue team busy so far this summer. Here you will find information on the topic of “mountain rescuers”. Now read “What’s keeping the mountain rescue service busy so far this summer”.,"Mons salvatoris: Quid servavit montem liberandum equos occupatus tam longe hac aestate. Hic informationes invenies in argumento ""montis salvatoris"". Nunc lege ""Quid ministerium montanum servans tam longe hac aestate occupatum"".",2026-07-23 03:33:15+00:00
34e6854da1a9c5b66f2062773fe97f1d,2026-07-22T01:30:20Z,'Sommer',www.zeit.de,de,0.9,"Trockenheit: Ein Sommer, der den Takt verändert","Hier finden Sie Informationen zu dem Thema „Trockenheit“. Lesen Sie jetzt „Ein Sommer, der den Takt verändert“.",https://www.zeit.de/news/2026-07/22/ein-sommer-der-den-takt-veraendert,https://img.zeit.de/news/2026-07/22/ein-sommer-der-den-takt-veraendert-image-group/wide__1300x731,http://web.archive.org/web/20260722145924/https://www.zeit.de/news/2026-07/22/ein-sommer-der-den-takt-veraendert,Trotz außergewöhnlicher Hitze und Trockenheit fällt die Ernte in Rheinland-Pfalz den Bauern- und Winzerverbänden zufolge besser aus als erwartet. Die hohen Temperaturen beschleunigten den Reifeprozes… [+3958 chars],,"Trockenheit: Ein Sommer, der den Takt verändert. Hier finden Sie Informationen zu dem Thema „Trockenheit“. Lesen Sie jetzt „Ein Sommer, der den Takt verändert“.",Drought: A summer that changes the rhythm. Here you will find information on the topic of “drought”. Read “A Summer That Changes the Pace” now.,"Siccitas: aestas quae modulum mutat. Hic informationes invenies in argumento « siccitatis ». Read ""Aestas quae mutat pacem"" nunc.",2026-07-23 03:33:15+00:00
1d24a6568a35e39b2514b6f3142775c2,2026-07-16T03:08:07Z,'Sommer',www.zeit.de,de,0.9,Sommerserie Menschen im Hafen: Weinberg mit Blick auf Hamburger Hafen - Exklusive Tropfen,Hier finden Sie Informationen zu dem Thema „Sommerserie Menschen im Hafen“. Lesen Sie jetzt „Weinberg mit Blick auf Hamburger Hafen - Exklusive Tropfen“.,https://www.zeit.de/news/2026-07/16/weinberg-mit-blick-auf-hamburger-hafen-exklusive-tropfen,https://img.zeit.de/news/2026-07/16/weinberg-mit-blick-auf-hamburger-hafen-exklusive-tropfen-image-group/wide__1300x731,http://web.archive.org/web/20260717062559/https://www.zeit.de/news/2026-07/16/weinberg-mit-blick-auf-hamburger-hafen-exklusive-tropfen,"Große und kleine Schiffe, Hafenkräne am Horizont, Elbphilharmonie, Fischbrötchenbuden, Möwen, Weinberg. All das gehört zum Hamburger Hafen. Halt, wie bitte? Ein Weinberg im Hamburger Hafen? Ganz rich… [+6250 chars]",,Sommerserie Menschen im Hafen: Weinberg mit Blick auf Hamburger Hafen - Exklusive Tropfen. Hier finden Sie Informationen zu dem Thema „Sommerserie Menschen im Hafen“. Lesen Sie jetzt „Weinberg mit Blick auf Hamburger Hafen - Exklusive Tropfen“.,Summer series People in the Harbor: Vineyard with a view of Hamburg Harbor - Exclusive drops. Here you will find information on the topic “Summer series People in the Harbor”. Now read “Vineyard with a view of Hamburg harbor - exclusive wines”.,"Series aestiva Homines in portu: Vinea cum visu Harbour Hamburgensis - guttae exclusivae. Hic informationes invenies in themate ""series aestatis Populi in Harbour"". Nunc lege ""Vineyard cum portu Hamburgensis - vina exclusiva"".",2026-07-23 16:41:23+00:00
392d6953fd7fd39936656b5ab4b63270,2026-07-06T12:52:20Z,'Ernte',www.zeit.de,de,0.9,Heidelbeeranbau: «Erfolgsgeschichte» Heidelbeere - Erntesaison gestartet,Hier finden Sie Informationen zu dem Thema „Heidelbeeranbau“. Lesen Sie jetzt „«Erfolgsgeschichte» Heidelbeere - Erntesaison gestartet“.,https://www.zeit.de/news/2026-07/06/erfolgsgeschichte-heidelbeere-erntesaison-gestartet,https://img.zeit.de/news/2026-07/06/erfolgsgeschichte-heidelbeere-erntesaison-gestartet-image-group/wide__1300x731,http://web.archive.org/web/20260706132358/https://www.zeit.de/news/2026-07/06/erfolgsgeschichte-heidelbeere-erntesaison-gestartet,"Sie werden gern als Superfood bezeichnet - Heidelbeeren, die in Brandenburg jetzt bis September geerntet werden. Das Agrarministerium bezeichnete den Anbau der blauen, vitaminreichen Strauchfrucht al… [+1553 chars]",,Heidelbeeranbau: «Erfolgsgeschichte» Heidelbeere - Erntesaison gestartet. Hier finden Sie Informationen zu dem Thema „Heidelbeeranbau“. Lesen Sie jetzt „«Erfolgsgeschichte» Heidelbeere - Erntesaison gestartet“.,Blueberry cultivation: “Success story” Blueberry harvest season started. Here you will find information on the topic of “blueberry cultivation”. Read “Blueberry success story – harvest season started” now.,"Vaccinium cultura: ""Successus fabula"" Vaccinium messis tempore incepit. Hic informationes invenies in argumento ""Blueberry culturae"". Legere ""Blueberry successu fabula - messis tempore coepi"" nunc.",2026-07-23 21:13:34+00:00
f9fa15e9d2947067548a33eecb1cc39f,2026-07-09T13:51:22Z,'Ernte',www.zeit.de,de,0.9,Landwirtschaft: Saisonkräfte aus dem Ausland bleiben für Ernte unentbehrlich,Hier finden Sie Informationen zu dem Thema „Landwirtschaft“. Lesen Sie jetzt „Saisonkräfte aus dem Ausland bleiben für Ernte unentbehrlich“.,https://www.zeit.de/news/2026-07/09/saisonkraefte-aus-dem-ausland-bleiben-fuer-ernte-unentbehrlich,https://img.zeit.de/news/2026-07/09/saisonkraefte-aus-dem-ausland-bleiben-fuer-ernte-unentbehrlich-image-group/wide__1300x731,http://web.archive.org/web/20260709184450/https://www.zeit.de/news/2026-07/09/saisonkraefte-aus-dem-ausland-bleiben-fuer-ernte-unentbehrlich,In Thüringens Landwirtschaft arbeiten immer weniger Arbeitskräfte. In den Agrarbetrieben im Freistaat waren im September 2025 noch 11.338 sozialversicherungspflichtig Beschäftigte tätig und damit kna… [+2010 chars],,Landwirtschaft: Saisonkräfte aus dem Ausland bleiben für Ernte unentbehrlich. Hier finden Sie Informationen zu dem Thema „Landwirtschaft“. Lesen Sie jetzt „Saisonkräfte aus dem Ausland bleiben für Ernte unentbehrlich“.,Agriculture: Seasonal workers from abroad remain essential for the harvest. Here you will find information on the topic of “Agriculture”. Now read “Seasonal workers from abroad remain indispensable for the harvest”.,"Agri culturae: Temporis operarii peregre manent necessariae ad messem. Hic informationes invenies in argumento ""Agricolae"". Nunc lege ""Tempores foris operarii necessarii ad messem manent"".",2026-07-23 21:13:34+00:00
0453164749d9e209cc9cb77c3ab0eb56,2026-07-16T03:30:07Z,'Ernte',www.zeit.de,de,0.9,Erntezeit: Frühe Ernte - Hitze verändert Weizenertrag,Hier finden Sie Informationen zu dem Thema „Erntezeit“. Lesen Sie jetzt „Frühe Ernte - Hitze verändert Weizenertrag“.,https://www.zeit.de/news/2026-07/16/fruehe-ernte-hitze-veraendert-weizenertrag,https://img.zeit.de/news/2026-07/16/fruehe-ernte-hitze-veraendert-weizenertrag-image-group/wide__1300x731,http://web.archive.org/web/20260716092253/https://www.zeit.de/news/2026-07/16/fruehe-ernte-hitze-veraendert-weizenertrag,Die Landwirte in Niedersachsen können das Getreide in diesem Jahr 10 bis 14 Tage früher als sonst einholen. Die Hitzewoche im Juni war für die Qualität der Gerste nicht nur vorteilhaft. Derzeit werde… [+2572 chars],,Erntezeit: Frühe Ernte - Hitze verändert Weizenertrag. Hier finden Sie Informationen zu dem Thema „Erntezeit“. Lesen Sie jetzt „Frühe Ernte - Hitze verändert Weizenertrag“.,Harvest time: Early harvest - heat changes wheat yield. Here you will find information on the topic of “harvest time”. Read “Early Harvest – Heat Changes Wheat Yield” now.,"Messis tempus: Mane messis - calor mutat triticum frugibus. Hic informationes invenies in argumento ""tempi messis"". Legere ""Maria Harvest - Caloris Mutationes Frumentum Cede"" nunc.",2026-07-23 21:13:34+00:00
1936096e698b787efcd238e030bbb797,2026-07-16T10:22:51Z,'Ernte',www.zeit.de,de,0.9,Ernte: Mähdrescher brennt bei Erntearbeiten,Hier finden Sie Informationen zu dem Thema „Ernte“. Lesen Sie jetzt „Mähdrescher brennt bei Erntearbeiten“.,https://www.zeit.de/news/2026-07/16/maehdrescher-brennt-bei-erntearbeiten,https://img.zeit.de/news/2026-07/16/maehdrescher-brennt-bei-erntearbeiten-image-group/wide__1300x731,http://web.archive.org/web/20260716132817/https://www.zeit.de/news/2026-07/16/maehdrescher-brennt-bei-erntearbeiten,"Ein Mähdrescher hat bei Erntearbeiten in Ober-Ramstadt Feuer gefangen. Verletzt worden sei niemand, teilte das Polizeipräsidium in Darmstadt mit. Nach ersten Ermittlungen sei das Feuer am Mittwochnac… [+196 chars]",,Ernte: Mähdrescher brennt bei Erntearbeiten. Hier finden Sie Informationen zu dem Thema „Ernte“. Lesen Sie jetzt „Mähdrescher brennt bei Erntearbeiten“.,Harvest: Combine harvester catches fire during harvesting work. Here you will find information on the topic of “harvest”. Now read “Combine harvester catches fire during harvesting work”.,"Messis: Miscere messe ignem accendit in opere messe. Hic informationes invenies in argumento ""messis"". Nunc legitur ""Comme messor accendit in messe opus"".",2026-07-23 21:13:34+00:00
a76c1c9006be9f8856ccc39701552a0d,2026-07-20T12:07:08Z,'Ernte',www.zeit.de,de,0.9,Weniger Anbaufläche: Geringe Erntemengen für Erdbeeren und Spargel,Hier finden Sie Informationen zu dem Thema „Weniger Anbaufläche“. Lesen Sie jetzt „Geringe Erntemengen für Erdbeeren und Spargel“.,https://www.zeit.de/news/2026-07/20/geringe-erntemengen-fuer-erdbeeren-und-spargel,https://img.zeit.de/news/2026-07/20/geringe-erntemengen-fuer-erdbeeren-und-spargel-image-group/wide__1300x731,http://web.archive.org/web/20260721075950/https://www.zeit.de/news/2026-07/20/geringe-erntemengen-fuer-erdbeeren-und-spargel,Die Landwirte in Deutschland haben im laufenden Jahr so wenige Erdbeeren geerntet wie seit über 30 Jahren nicht mehr. Nach Zahlen des Statistischen Bundesamtes ging auch beim Spargel die Erntemenge n… [+1456 chars],,Weniger Anbaufläche: Geringe Erntemengen für Erdbeeren und Spargel. Hier finden Sie Informationen zu dem Thema „Weniger Anbaufläche“. Lesen Sie jetzt „Geringe Erntemengen für Erdbeeren und Spargel“.,Less cultivated area: low harvest quantities for strawberries and asparagus. Here you will find information on the topic of “Less acreage”. Now read “Low harvest quantities for strawberries and asparagus”.,"Minus culta area: humilis messis quantitates pro fraga et asparagus. Hic informationes invenies in argumento ""Minus acreage"". Nunc lege ""Messis humilis quantitates pro fraga et asparagus"".",2026-07-23 21:13:34+00:00
8409f6fa5b562badf07d945f62bce01b,2026-07-22T17:25:38Z,'Ernte',www.zeit.de,de,0.9,"Bilanz Landwirtschaft 2026: Ernte mit zwei Gesichtern - «Gute Erträge, niedrige Preise»","Hier finden Sie Informationen zu dem Thema „Bilanz Landwirtschaft 2026“. Lesen Sie jetzt „Ernte mit zwei Gesichtern - «Gute Erträge, niedrige Preise»“.",https://www.zeit.de/news/2026-07/22/ernte-mit-zwei-gesichtern-gute-ertraege-niedrige-preise,https://img.zeit.de/news/2026-07/22/ernte-mit-zwei-gesichtern-gute-ertraege-niedrige-preise-image-group/wide__1300x731,http://web.archive.org/web/20260723020259/https://www.zeit.de/news/2026-07/22/ernte-mit-zwei-gesichtern-gute-ertraege-niedrige-preise,"Trotz eines ungewöhnlich heißen und trockenen Jahres fällt die aktuelle Ernte in Rheinland-Pfalz besser aus als zunächst befürchtet. Vor allem Wintergerste, Winterweizen und Raps erzielten gute bis s… [+2584 chars]",,"Bilanz Landwirtschaft 2026: Ernte mit zwei Gesichtern - «Gute Erträge, niedrige Preise». Hier finden Sie Informationen zu dem Thema „Bilanz Landwirtschaft 2026“. Lesen Sie jetzt „Ernte mit zwei Gesichtern - «Gute Erträge, niedrige Preise»“.","Balance of Agriculture 2026: Harvest with two faces - “Good yields, low prices”. Here you will find information on the topic “Agricultural Balance Sheet 2026”. Now read “Harvest with two faces - “Good yields, low prices””.","Libra agriculturae 2026: Harvest duas facies - ""Bona cedit, pretium humile"". Hic informationes invenies in themate ""Libra agriculturae Sheet 2026"". Nunc legite ""Messem cum duabus faciebus - ""Bene cedit, vilia pretia"".",2026-07-23 21:13:34+00:00
04d404187c559a15fdd0756cdc241699,2026-07-02T10:04:27Z,'Herbst',www.faz.net,de,0.9,Frank Lortz tritt ab: Hessens dienstältester Landtagsabgeordneter hört auf,Mehr als vier Jahrzehnte gehört der CDU-Politiker Frank Lortz dem Hessischen Landtag an. Im Herbst wird der 73 Jahre alte Seligenstädter sein Mandat abgeben.,https://www.faz.net/aktuell/rhein-main/region-und-hessen/hessen-frank-lortz-cdu-legt-nach-44-jahren-landtagsmandat-nieder-accg-200990711.html,https://media0.faz.net/image/w1200h627/3ac485bfd8b4/w7326h3827x0y147o/202311/43600.0.2179106567/langzeitabgeordneter-der-cdu.webp,http://web.archive.org/web/20260702135818/https://www.faz.net/aktuell/rhein-main/region-und-hessen/hessen-frank-lortz-cdu-legt-nach-44-jahren-landtagsmandat-nieder-accg-200990711.html,Nach 44 Jahren ist Schluss: Zum 1. November legt Landtagsvizepräsident Frank Lortz sein Mandat im Hessischen Landtag nieder. Das hat der 73 Jahre alte CDU-Politiker aus Seligenstadt den Gremien seine… [+1218 chars],,Frank Lortz tritt ab: Hessens dienstältester Landtagsabgeordneter hört auf. Mehr als vier Jahrzehnte gehört der CDU-Politiker Frank Lortz dem Hessischen Landtag an. Im Herbst wird der 73 Jahre alte Seligenstädter sein Mandat abgeben.,Frank Lortz resigns: Hesse's longest-serving member of the state parliament is retiring. The CDU politician Frank Lortz has been a member of the Hessian state parliament for more than four decades. The 73-year-old from Seligenstadt will give up his mandate in the fall.,Frank Lortz resignet: Hesse membrum longissimum serviens reipublicae parlamentum cedit. CDU politicus Frank Lortz membrum civitatis Hessiae plus quattuor decenniis membrum fuit. LXXIII annorum ex Seligenstadt mandatum suum in ruinam reddet.,2026-07-25 07:23:13+00:00
208e1b248e4db17b2cddb5c8d765dbae,2026-07-04T15:54:50Z,'Herbst',www.tagesschau.de,de,0.9,Parlamentswahl in Israel: Geben arabische Frauen den Ausschlag?,Im Herbst wird in Israel ein neues Parlament gewählt. Entscheidend könnte dabei die arabische Minderheit sein. Die Wahlbeteiligung arabischer Frauen aber war zuletzt gering. Das könnte sich nun ändern. Von Bettina Meier.,https://www.tagesschau.de/ausland/asien/israel-wahl-araber-frauen-100.html,https://images.tagesschau.de/image/c612fd30-1256-4207-88d0-d3c0bf8aeb85/AAABny20E_k/AAABnSSvrFg/16x9-big/haifa-114.jpg?width=1280,http://web.archive.org/web/20260705012603/https://www.tagesschau.de/ausland/asien/israel-wahl-araber-frauen-100.html,"Stand: 04.07.2026 17:54 Uhr
Im Herbst wird in Israel ein neues Parlament gewählt. Entscheidend könnte dabei die arabische Minderheit sein. Die Wahlbeteiligung arabischer Frauen aber war zuletzt geri… [+4427 chars]",,Parlamentswahl in Israel: Geben arabische Frauen den Ausschlag?. Im Herbst wird in Israel ein neues Parlament gewählt. Entscheidend könnte dabei die arabische Minderheit sein. Die Wahlbeteiligung arabischer Frauen aber war zuletzt gering. Das könnte sich nun ändern. Von Bettina Meier.,"Parliamentary election in Israel: Will Arab women make the difference? A new parliament will be elected in Israel in the fall. The Arab minority could be decisive. However, the turnout of Arab women has recently been low. That could now change. By Bettina Meier.",Comitia parlamentaria in Israel: Num feminae Arabes differentiam faciunt? Novum parlamentum in Israele in ruinam eligetur. Minoritas Arabum decretorium esse potuit. Quamquam feminae Arabicae nuper humilis factae sunt. Id nunc mutare poterat. Excudebat Bettina Meier.,2026-07-25 07:23:13+00:00
6b4477216b4d6c3232ba7cdfcd2873db,2026-07-05T04:17:42Z,'Herbst',www.zeit.de,de,0.9,Briefwechsel zwischen Schriftstellern: Du bist wie Angela Merkel,Sie fragen: Singst du gern? Gibt es einen Herbst in Herat? – Annika Reich und Mirjam Wittig versammeln berührende Briefwechsel von Autorinnen.,https://www.zeit.de/2026/29/briefwechsel-schriftsteller-annika-reich-mirjam-wittig,https://img.zeit.de/2026/29/briefwechsel-schriftsteller-annika-reich-mirjam-wittig-bild/wide__1300x731,,"Was schreibt man jemandem, in dessen Land manche die Poesie für ein Verbrechen halten? Wie spricht man mit jemandem, der aus seinem Fenster sieht, wie Panzer vorbeirollen und Taliban die Stadt einneh… [+1057 chars]",,Briefwechsel zwischen Schriftstellern: Du bist wie Angela Merkel. Sie fragen: Singst du gern? Gibt es einen Herbst in Herat? – Annika Reich und Mirjam Wittig versammeln berührende Briefwechsel von Autorinnen.,Correspondence between writers: You are like Angela Merkel. They ask: Do you like singing? Is there autumn in Herat? – Annika Reich and Mirjam Wittig collect touching correspondence from authors.,Correspondentia inter scriptores: Tu es sicut Angela Merkel. Rogant: Placet tibi cantus? Estne autumnus apud Horat? – Annika Reich et Mirjam Wittig de correspondentia ex auctoribus collect.,2026-07-25 07:23:13+00:00
ce888bd05e74ef8e67ed39f384a70df7,2026-07-08T12:10:50Z,'Herbst',www.faz.net,de,0.9,Baden-Württemberg: Nimmermann für Bundesbank vorgeschlagen,Die Landesregierung von Baden-Württemberg schlägt Robert Habecks  früheren Staatssekretär Philipp Nimmermann als Bundesbankvorstand vor. Er soll im Herbst Burkhard Balz ersetzen.,https://www.faz.net/aktuell/finanzen/finanzmarkt/philipp-nimmermann-fuer-die-bundesbank-vorgeschlagen-accg-201010285.html,https://media0.faz.net/image/w1200h627/f49fa81edaae/w3000h1567x0y261o/202305/43600.0.1821477420/philipp-nimmermann-soll.webp,http://web.archive.org/web/20260708200802/https://www.faz.net/aktuell/finanzen/finanzmarkt/philipp-nimmermann-fuer-die-bundesbank-vorgeschlagen-accg-201010285.html,Die Landesregierung von Baden-Württemberg schlägt den 60 Jahren alten Politiker und Ökonomen Philipp Nimmermann (Grüne) für den Bundesbankvorstand vor. Das teilte ein Sprecher in Stuttgart mit. Nimme… [+989 chars],,Baden-Württemberg: Nimmermann für Bundesbank vorgeschlagen. Die Landesregierung von Baden-Württemberg schlägt Robert Habecks  früheren Staatssekretär Philipp Nimmermann als Bundesbankvorstand vor. Er soll im Herbst Burkhard Balz ersetzen.,Baden-Württemberg: Nimmermann proposed for Bundesbank. The state government of Baden-Württemberg is proposing Robert Habeck's former state secretary Philipp Nimmermann as Bundesbank board member. He is scheduled to replace Burkhard Balz in the fall.,Baden-Württemberg: Nimmermann proposita pro Bundesbank. Imperium civitatis Baden-Württemberg proponit Robert Habeck secretarium statum pristinum Philipp Nimmermann ut membrum tabulae Bundesbank. Burkhard Balz in ruinam reponere venturus est.,2026-07-25 07:23:13+00:00
692dafab6de3e786ef0e639cd746cfbe,2026-07-10T06:20:00Z,'Herbst',www.welt.de,de,0.9,Im Herbst könnte der Bau der A26 Ost beginnen,Hamburgs Wirtschaftssenatorin erwartet die Wiedervorlage des Planfeststellungsbeschlusses beim Bundesverwaltungsgericht in Leipzig noch für dieses Jahr. Für den Hamburger Hafen hat die geplante Neubaustrecke eine herausragende Bedeutung.,https://www.welt.de/regionales/hamburg/article6a4f9386bb0cf80de56a38e9/verkehrswege-im-herbst-koennte-der-bau-der-a26-ost-beginnen.html,https://images.welt.de/6a4f9386bb0cf80de56a38e9/fe65865500341b2ea0c26c7c55a9a777-master/ci16x9-w1200/527877524-jpg,,Hamburgs Wirtschaftssenatorin erwartet die Wiedervorlage des Planfeststellungsbeschlusses beim Bundesverwaltungsgericht in Leipzig noch für dieses Jahr. Für den Hamburger Hafen hat die geplante Neuba… [+3782 chars],,Im Herbst könnte der Bau der A26 Ost beginnen. Hamburgs Wirtschaftssenatorin erwartet die Wiedervorlage des Planfeststellungsbeschlusses beim Bundesverwaltungsgericht in Leipzig noch für dieses Jahr. Für den Hamburger Hafen hat die geplante Neubaustrecke eine herausragende Bedeutung.,Construction of the A26 East could begin in autumn. Hamburg's Senator for Economic Affairs expects the plan approval decision to be resubmitted to the Federal Administrative Court in Leipzig this year. The planned new line is of outstanding importance for the Port of Hamburg.,"Constructio A26 Orientis autumno incipere potuit. Senator Hamburgensis pro Negotiis oeconomicis exspectat consilium approbationis decisionis ad Curiam administrativam Foederalem in Leipzig hoc anno denuo proponendam. Ad Portum Hamburgensem, novus versus ordinatus est magni momenti.",2026-07-25 07:23:13+00:00
5e3551460638d88bcc7e178a2784688b,2026-07-13T09:03:34Z,'Herbst',www.zeit.de,de,0.9,Wahl-Herbst: Woidke hofft auf «demokratische Mitte» bei Landtagswahlen,Hier finden Sie Informationen zu dem Thema „Wahl-Herbst“. Lesen Sie jetzt „Woidke hofft auf «demokratische Mitte» bei Landtagswahlen“.,https://www.zeit.de/news/2026-07/13/woidke-hofft-auf-demokratische-mitte-bei-landtagswahlen,https://img.zeit.de/news/2026-07/13/woidke-hofft-auf-demokratische-mitte-bei-landtagswahlen-image-group/wide__1300x731,http://web.archive.org/web/20260714085852/https://www.zeit.de/news/2026-07/13/woidke-hofft-auf-demokratische-mitte-bei-landtagswahlen,"Brandenburgs Ministerpräsident Dietmar Woidke zeigt sich zuversichtlich, dass die AfD auch nach den Landtagswahlen im Herbst keine Regierung stellen wird. «Das ist wie in einem Mehrfamilienhaus: Was … [+1791 chars]",,Wahl-Herbst: Woidke hofft auf «demokratische Mitte» bei Landtagswahlen. Hier finden Sie Informationen zu dem Thema „Wahl-Herbst“. Lesen Sie jetzt „Woidke hofft auf «demokratische Mitte» bei Landtagswahlen“.,Election fall: Woidke hopes for a “democratic center” in state elections. Here you will find information on the topic of “Election Fall”. Now read “Woidke hopes for a “democratic center” in state elections”.,"Electio cadunt: Woidke sperat ""mediam democraticam"" in comitiis publicis. Hic informationes invenies in argumento ""Electionis Fall"". Nunc legitur ""Woidke"" sperat ""mediam democraticam"" in comitiis publicis.",2026-07-25 07:23:13+00:00
4513ad407ee1f36bdf9dda8f45450cf7,2026-07-13T11:13:48Z,'Herbst',www.tagesschau.de,de,0.9,EU-Experten empfehlen Social-Media-Verbot für Kinder unter 13 Jahren,EU-Experten haben ein Social-Media-Verbot für Kinder unter 13 Jahren vorgeschlagen. Bis Herbst will die EU-Kommission nun einen entsprechenden Gesetzesvorschlag machen - mit absehbaren Folgen für die deutsche Debatte über Altersgrenzen.,https://www.tagesschau.de/ausland/europa/eu-social-media-vorgaben-kinder-100.html,https://images.tagesschau.de/image/8cce83f7-0f31-4810-a880-2c4675f009db/AAABn1su6So/AAABnSSvrFg/16x9-big/social-media-jugendliche-102.jpg?width=1280,http://web.archive.org/web/20260714024547/https://www.tagesschau.de/ausland/europa/eu-social-media-vorgaben-kinder-100.html,"Stand: 13.07.2026 13:13 Uhr
EU-Experten haben ein Social-Media-Verbot für Kinder unter 13 Jahren vorgeschlagen. Bis Herbst will die EU-Kommission nun einen entsprechenden Gesetzesvorschlag machen - … [+3340 chars]",,EU-Experten empfehlen Social-Media-Verbot für Kinder unter 13 Jahren. EU-Experten haben ein Social-Media-Verbot für Kinder unter 13 Jahren vorgeschlagen. Bis Herbst will die EU-Kommission nun einen entsprechenden Gesetzesvorschlag machen - mit absehbaren Folgen für die deutsche Debatte über Altersgrenzen.,EU experts recommend social media ban for children under 13. EU experts have proposed a social media ban for children under 13. The EU Commission now wants to make a corresponding legislative proposal by autumn - with foreseeable consequences for the German debate about age limits.,UE peritis socialibus instrumentis bannum pueris commendant sub 13. EU peritis proposuerunt bannum instrumentorum socialium pro pueris sub 13. Commissio UE nunc vult congruentem rogationem legislativam facere per autumnum - cum praevisis consectariis ad disputandum de aetate Germanorum.,2026-07-25 07:23:13+00:00
7bd37aa4852a68bd0792b9c5f38fe454,2026-07-14T05:15:56Z,'Herbst',stadt-bremerhaven.de,de,0.9,Carrie: Serienadaption soll im Herbst starten,"Stephen-King-Fans und Serienjunkies aufgepasst, da kommt im Herbst wohl etwas auf uns zu: Prime Video bringt mit Carrie die Serienadaption von Kings legendärem Debütroman an den Start. Und die Vorzeichen stehen eigentlich gut, denn Amazon hat sich dafür keine…",https://stadt-bremerhaven.de/carrie-serienadaption-soll-im-herbst-starten/,https://stadt-bremerhaven.de/wp-content/uploads/2024/04/prime-video.jpg,http://web.archive.org/web/20260714054703/https://stadt-bremerhaven.de/carrie-serienadaption-soll-im-herbst-starten/,"Stephen-King-Fans und Serienjunkies aufgepasst, da kommt im Herbst wohl etwas auf uns zu: Prime Video bringt mit Carrie die Serienadaption von Kings legendärem Debütroman an den Start. Und die Vorzei… [+2168 chars]",,"Carrie: Serienadaption soll im Herbst starten. Stephen-King-Fans und Serienjunkies aufgepasst, da kommt im Herbst wohl etwas auf uns zu: Prime Video bringt mit Carrie die Serienadaption von Kings legendärem Debütroman an den Start. Und die Vorzeichen stehen eigentlich gut, denn Amazon hat sich dafür keine…","Carrie: Series adaptation is scheduled to start in the fall. Attention Stephen King fans and series junkies, there's something coming our way this fall: Prime Video is launching Carrie, the series adaptation of King's legendary debut novel. And the omens are actually good, because Amazon has not...","Portare: Series adaptatio accedat incipere in ruinam. Intentio Stephani regis alit ac series junkiorum, aliquid est quod in hunc casum obveniat: Primus Video inducit Carrie, series adaptatio debuti novae regis fabuloso. Omina vero bona sunt, quia Amazon non habet.",2026-07-25 07:23:13+00:00
27488e6f862845b52647b54c34546bb5,2026-07-14T08:42:18Z,'Herbst',www.faz.net,de,0.9,"Wissenschaftspolitik: Was tun, wenn die AfD dabei ist?",Die Wissenschaftsminister der Länder bereiten sich auf die Zeit nach den Landtagswahlen im Herbst vor. Ihre Konferenz soll nicht durch ein Veto einzelner Länder blockiert werden.,https://www.faz.net/aktuell/politik/inland/afd-veto-koennte-in-zukunft-wissenschaftspolitik-blockieren-was-tun-accg-201017063.html,https://media0.faz.net/image/w1200h627/faff38b40f21/w6500h3396x0y438o/202606/43601.0.2280186719/nach-einer.webp,http://web.archive.org/web/20260715034742/https://www.faz.net/aktuell/politik/inland/afd-veto-koennte-in-zukunft-wissenschaftspolitik-blockieren-was-tun-accg-201017063.html,"Wie kann das Wissenschaftssystem in Deutschland gegen mögliche Eingriffe der AfD gesichert werden? Angesichts von Umfragen, laut denen die AfD bei den Landtagswahlen in Mecklenburg-Vorpommern und Sac… [+5435 chars]",,"Wissenschaftspolitik: Was tun, wenn die AfD dabei ist?. Die Wissenschaftsminister der Länder bereiten sich auf die Zeit nach den Landtagswahlen im Herbst vor. Ihre Konferenz soll nicht durch ein Veto einzelner Länder blockiert werden.",Science policy: What to do if the AfD is there? The state science ministers are preparing for the period after the state elections in the fall. Your conference should not be blocked by a veto from individual countries.,Scientiae consilium: Quid facere si AFD est? Ministri scientiae publicae tempus parant post comitia publica in ruinam. Colloquium tuum ne intercessio singularum nationum impediatur.,2026-07-25 07:23:13+00:00
3b17c70a02b0eba71133d90e8e95fc84,2026-07-14T08:45:44Z,'Herbst',www.zeit.de,de,0.9,Koalition der Willigen: Polen kündigt erste Manöver der Ukraineverbündeten für Herbst an,Die von Emmanuel Macron angekündigten gemeinsamen Manöver der Ukraine-Unterstützer werden konkreter: Im Herbst sollen laut Donald Tusk erste Übungen in Polen stattfinden.,https://www.zeit.de/politik/ausland/2026-07/koalition-der-willigen-militaermanoever-polen-ukraine-donald-tusk,https://img.zeit.de/politik/ausland/2026-07/koalition-der-willigen-militaermanoever-polen-ukraine-donald-tusk-foto-1/wide__1300x731,,Der polnische Ministerpräsident Donald Tusk hat Details zu Militärmanövern der sogenannten Koalition der Willigen bekanntgegeben. Erste Übungen der Ukraineverbündeten finden ihm zufolge in diesem Her… [+2125 chars],,Koalition der Willigen: Polen kündigt erste Manöver der Ukraineverbündeten für Herbst an. Die von Emmanuel Macron angekündigten gemeinsamen Manöver der Ukraine-Unterstützer werden konkreter: Im Herbst sollen laut Donald Tusk erste Übungen in Polen stattfinden.,"Coalition of the willing: Poland announces the first maneuvers by its Ukraine allies for autumn. The joint maneuvers by Ukraine supporters announced by Emmanuel Macron are becoming more concrete: According to Donald Tusk, the first exercises will take place in Poland in the fall.","Coalitio volentium: Polonia primos decursiones suos Ucrainae socios autumni nuntiat. Coniuncti decursiones ab Ucraina fautoribus ab Emmanuele Macron nuntiatae magis concretae fiunt: Secundum Donald Tusk, in Polonia prima exercitia fient in ruina.",2026-07-25 07:23:13+00:00
8d0722fe947ba384c7518160f5810e20,2026-07-14T12:42:49Z,'Herbst',www.tagesschau.de,de,0.9,"""Koalition der Willigen"": Tusk kündigt gemeinsames Manöver in Polen an",Die Unterstützerländer der Ukraine gehen den nächsten Schritt: Sie wollen gemeinsam militärisch üben - im Herbst in Polen. Das kündigte Ministerpräsident Tusk an. Neben Polen sollen Frankreich und Großbritannien an den Manövern teilnehmen.,https://www.tagesschau.de/ausland/europa/ukraine-koalition-der-willigen-manoever-100.html,https://images.tagesschau.de/image/fdad6bec-e6d4-4289-af18-1ce725b28cc6/AAABn2CmwOo/AAABnSSvrFg/16x9-big/ukraine-unterstuetzer-100.jpg?width=1280,http://web.archive.org/web/20260714213242/https://www.tagesschau.de/ausland/europa/ukraine-koalition-der-willigen-manoever-100.html,"Stand: 14.07.2026 14:42 Uhr
Die Unterstützerländer der Ukraine gehen den nächsten Schritt: Sie wollen gemeinsam militärisch üben - im Herbst in Polen. Das kündigte Ministerpräsident Tusk an. Neben P… [+3009 chars]",,"""Koalition der Willigen"": Tusk kündigt gemeinsames Manöver in Polen an. Die Unterstützerländer der Ukraine gehen den nächsten Schritt: Sie wollen gemeinsam militärisch üben - im Herbst in Polen. Das kündigte Ministerpräsident Tusk an. Neben Polen sollen Frankreich und Großbritannien an den Manövern teilnehmen.","“Coalition of the willing”: Tusk announces joint maneuvers in Poland. Ukraine's supporting countries are taking the next step: They want to conduct military exercises together - in Poland in the fall. Prime Minister Tusk announced this. In addition to Poland, France and Great Britain are expected to take part in the maneuvers.","""Coanatio volentis"": Tusk denuntiat iuncturas decursiones in Polonia. Ucrainae nationes suffragantibus proximum gradum capiunt: exercitia militaria simul gerere volunt - in Polonia cadunt. Primus minister Tusk hoc nuntiavit. Praeter Poloniam, Galliam et Magnam Britanniam decursionibus interesse expectatur.",2026-07-25 07:23:13+00:00
558d414d911ad51c411bd660db4f732f,2026-07-15T12:03:01Z,'Herbst',www.golem.de,de,0.9,Apple Silicon: Warum Apple den M6 Pro und M6 Max überspringt,"Der M6-Chip wird ab Herbst 2026 wohl der einzige Vertreter der neuen Chip-Generation sein. M7 und M8 sollen viele hundert GByte RAM unterstützen. (Apple Silicon, Apple)",https://www.golem.de/sonstiges/zustimmung/auswahl.html?from=https://www.golem.de/news/apple-silicon-warum-apple-den-m6-pro-und-m6-max-ueberspringt-2607-210901.html&referer=https://t.co/a913911cf2,,,"Besuchen Sie Golem.de wie gewohnt mit Werbung und Tracking,
 indem Sie der Nutzung aller Cookies zustimmen.
 Details zum Tracking finden Sie im Privacy Center.
Skript wurde nicht geladen. Informat… [+607 chars]",,"Apple Silicon: Warum Apple den M6 Pro und M6 Max überspringt. Der M6-Chip wird ab Herbst 2026 wohl der einzige Vertreter der neuen Chip-Generation sein. M7 und M8 sollen viele hundert GByte RAM unterstützen. (Apple Silicon, Apple)","Apple Silicon: Why Apple is skipping the M6 ​​Pro and M6 Max. The M6 ​​chip will probably be the only representative of the new chip generation from autumn 2026. M7 and M8 should support hundreds of GB of RAM. (Apple Silicon, Apple)","Lacus Pii: quare Apple M6 Pro et M6 Max salit. M6 chip verisimiliter erit solum repraesentativum novae generationis chipae ab autumno 2026. M7 et M8 centena GB ipsius RAM sustentare debent. (Apple Pii, Apple)",2026-07-25 07:23:13+00:00
387727ff4750539900c7ce9741f3ec0f,2026-07-16T16:16:33Z,'Herbst',www.faz.net,de,0.9,"Schoa-Überlebende Umlauf: Als Kind dachte sie, jeder hat eine Nummer am Unterarm","Mit gut zwei Jahren kam Eva Umlauf im Herbst 1944 ins KZ Auschwitz. Sie überlebte nur durch eine glückliche Fügung. Den Aufstieg der AfD hat Umlauf zum Anlass für ein Buch genommen, aus dem sie nun in Gießen las.",https://www.faz.net/aktuell/rhein-main/region-und-hessen/der-aufstieg-der-afd-besorgt-die-holocaust-ueberlebende-eva-umlauf-201036348.html,https://media0.faz.net/image/w1200h627/438910a0bc70/w5392h2817x0y108o/202607/43601.0.2335343291/wegweiserin-eva-umlauf-eine.webp,http://web.archive.org/web/20260716220144/https://www.faz.net/aktuell/rhein-main/region-und-hessen/der-aufstieg-der-afd-besorgt-die-holocaust-ueberlebende-eva-umlauf-201036348.html,Vorsichtigen Schrittes geht Eva Umlauf die wenigen Stufen hoch auf die Bühne und setzt sich an den Tisch neben dem Rednerpult. Gleich wird die 83 Jahre alte zierliche Frau im Gießener Rathaus einige … [+4282 chars],,"Schoa-Überlebende Umlauf: Als Kind dachte sie, jeder hat eine Nummer am Unterarm. Mit gut zwei Jahren kam Eva Umlauf im Herbst 1944 ins KZ Auschwitz. Sie überlebte nur durch eine glückliche Fügung. Den Aufstieg der AfD hat Umlauf zum Anlass für ein Buch genommen, aus dem sie nun in Gießen las.","Shoah survivor Runde: As a child, she thought everyone had a number on their forearm. When she was just over two years old, Eva Runde was sent to the Auschwitz concentration camp in the fall of 1944. She only survived by a stroke of luck. Runde used the rise of the AfD as an opportunity to write a book, which she now read in Giessen.","Shoah superstes Runde: Sicut puer, putavit quisque numerum in brachio suo habuisse. Cum iam biennium esset, Eva Runde ad castra concentrationis Auschwitz in ruinam anni 1944 missus est. Solo ictu fortuna superfuit. Runde ortum est AfD occasione scribendi librum, quem nunc Giessen legit.",2026-07-25 07:23:13+00:00
76bbbaee84c78aff17faa6cfd98a5f71,2026-07-19T15:36:16Z,'Sommer',www.tagesschau.de,de,0.9,"Grünen-Chefin Brantner: ""Merz hat jetzt die Chance, sich zu befreien""","""Überfällig"", aber auch eine ""Chance"": Grünen-Vorsitzende Franziska Brantner hofft im <em>ARD</em>-Sommerinterview nach Spahns Rücktritt auf eine Kabinettsumbildung. Und blickt mit Sorge auf die Landtagswahlen im Herbst.",https://www.tagesschau.de/inland/innenpolitik/sommerinterview-brantner-100.html,https://images.tagesschau.de/image/a554ce49-0bdb-4b99-8613-e80b77ed903e/AAABn3q8Tr0/AAABnSSvrFg/16x9-big/brantner-114.jpg?width=1280,http://web.archive.org/web/20260720034853/https://www.tagesschau.de/inland/innenpolitik/sommerinterview-brantner-100.html,"Stand: 19.07.2026 17:36 Uhr
""Überfällig"", aber auch eine ""Chance"": Grünen-Vorsitzende Franziska Brantner hofft im ARD-Sommerinterview nach Spahns Rücktritt auf eine Kabinettsumbildung. Und blickt mi… [+3208 chars]",,"Grünen-Chefin Brantner: ""Merz hat jetzt die Chance, sich zu befreien"". ""Überfällig"", aber auch eine ""Chance"": Grünen-Vorsitzende Franziska Brantner hofft im <em>ARD</em>-Sommerinterview nach Spahns Rücktritt auf eine Kabinettsumbildung. Und blickt mit Sorge auf die Landtagswahlen im Herbst.","Green Party leader Brantner: “Merz now has the chance to free herself.” ""Overdue"", but also an ""opportunity"": Green Party leader Franziska Brantner hopes for a cabinet reshuffle in the <em>ARD</em> summer interview after Spahn's resignation. And looks forward to the state elections in the fall with concern.","Dux Factionis Viridis Brantner: ""Merz nunc occasionem liberandi se habet."" ""Overdue"", sed etiam ""opportunum"": Dux Factionis Viridis Franziska Brantner sperat scrinium reshufflationem in <em>ARD</em> aestatis colloquio post Spahn renuntiationem. Spectat ad comitia publica in casu sollicitudinis.",2026-07-25 07:23:13+00:00
400f361d01cbcc0ae34dcd2133d08e45,2026-07-21T05:00:40Z,'Herbst',www.faz.net,de,0.9,Ab Herbst: Deutsche Bahn will Alkohol an allen Bahnhöfen verbieten,"Bahnchefin Palla will künftig härter durchgreifen: Bis zum Herbst soll es auf allen Bahnhöfen verboten sein, Alkohol zu trinken. Die Bahn hofft auf mehr Ordnung und Sicherheit.",https://www.faz.net/aktuell/wirtschaft/unternehmen/deutsche-bahn-alkoholverbot-an-allen-bahnhoefen-geplant-accg-201049435.html,https://media0.faz.net/image/w1200h627/c3e9daa97035/w3830h2001x0y253o/202607/43601.0.2356287764/hauptbahnhof-in-hamburg.webp,http://web.archive.org/web/20260721154741/https://www.faz.net/aktuell/wirtschaft/unternehmen/deutsche-bahn-alkoholverbot-an-allen-bahnhoefen-geplant-accg-201049435.html,Die Deutsche Bahn plant nach Bild-Informationen ein Alkoholverbot an allen rund 5400 Bahnhöfen in Deutschland. Die flächendeckende Umsetzung der neuen Maßnahme solle bis zum 15. Oktober abgeschlossen… [+1380 chars],,"Ab Herbst: Deutsche Bahn will Alkohol an allen Bahnhöfen verbieten. Bahnchefin Palla will künftig härter durchgreifen: Bis zum Herbst soll es auf allen Bahnhöfen verboten sein, Alkohol zu trinken. Die Bahn hofft auf mehr Ordnung und Sicherheit.",From autumn: Deutsche Bahn wants to ban alcohol at all train stations. Railway boss Palla wants to take tougher measures in the future: drinking alcohol should be banned at all train stations by autumn. The railway hopes for more order and safety.,Ab autumno: Deutsche Bahn ad stationes tramenatas omnes alcoholum mittere vult. Railway bulla Pallam vult accipere mensuras duriores in futurum: alcohole bibens interdictum esse omnino stationes tramine autumni. Balneae maiorem ordinem et salutem sperat.,2026-07-25 07:23:13+00:00
4b4821c4f1abf920c53890c195aeef0c,2026-07-21T09:00:07Z,'Herbst',www.zeit.de,de,0.9,Treffen im Herbst: Initiative fordert weitere Reformen nach erstem Paket,Hier finden Sie Informationen zu dem Thema „Treffen im Herbst“. Lesen Sie jetzt „Initiative fordert weitere Reformen nach erstem Paket“.,https://www.zeit.de/news/2026-07/21/initiative-fordert-weitere-reformen-nach-erstem-paket,https://img.zeit.de/news/2026-07/21/initiative-fordert-weitere-reformen-nach-erstem-paket-image-group/wide__1300x731,http://web.archive.org/web/20260722093757/https://www.zeit.de/news/2026-07/21/initiative-fordert-weitere-reformen-nach-erstem-paket,"Die Wirtschaftsinitiative «Made for Germany» will Ende September mit der Bundesregierung über weitere Reformen beraten. Das jüngst beschlossene Paket gehe viele wichtige Probleme an, aber längst nich… [+1176 chars]",,Treffen im Herbst: Initiative fordert weitere Reformen nach erstem Paket. Hier finden Sie Informationen zu dem Thema „Treffen im Herbst“. Lesen Sie jetzt „Initiative fordert weitere Reformen nach erstem Paket“.,Meeting in autumn: Initiative calls for further reforms after the first package. Here you will find information on the topic of “Meetings in Autumn”. Now read “Initiative calls for further reforms after first package”.,"In autumno occurrentes: Inceptum vocat ad ulteriores emendationes post primam sarcinam. Hic informationes invenies in argumento ""Conventus in Autumno"". Nunc legitur ""Initiativum postulat ulteriores emendationes post primam sarcinam"".",2026-07-25 07:23:13+00:00
30f0f0c2a1654e01ec2d302bc525e963,2026-07-22T03:30:04Z,'Herbst',www.zeit.de,de,0.9,Politiker: Sprechstunden mit Voigt starten im Herbst,Hier finden Sie Informationen zu dem Thema „Politiker“. Lesen Sie jetzt „Sprechstunden mit Voigt starten im Herbst“.,https://www.zeit.de/news/2026-07/22/sprechstunden-mit-voigt-starten-im-herbst,https://img.zeit.de/news/2026-07/22/sprechstunden-mit-voigt-starten-im-herbst-image-group/wide__1300x731,http://web.archive.org/web/20260722064916/https://www.zeit.de/news/2026-07/22/sprechstunden-mit-voigt-starten-im-herbst,"Künftig soll es leichter sein, einen persönlichen Termin mit Thüringens Ministerpräsidenten Mario Voigt zu bekommen. Er werde im September eigene Bürgersprechstunden an wechselnden Orten im Freistaat… [+1216 chars]",,Politiker: Sprechstunden mit Voigt starten im Herbst. Hier finden Sie Informationen zu dem Thema „Politiker“. Lesen Sie jetzt „Sprechstunden mit Voigt starten im Herbst“.,Politicians: Consultation hours with Voigt start in autumn. Here you will find information on the topic of “Politicians”. Read “Consultation hours with Voigt start in autumn” now.,"Politici: Consultatio horarum cum Voigt incipiet autumno. Hic informationes invenies in argumento ""Politicorum"". Lege ""Consultatio horae cum Voigt incipiet autumno"" nunc.",2026-07-25 07:23:13+00:00
0cbfcfb430ca8a53d8a4b418db8739c7,2026-07-23T14:22:52Z,'Herbst',www.faz.net,de,0.9,EZB-Zinsentscheid: Alle Blicke gehen nun in Richtung Herbst,"Die EZB hat die Zinsen unverändert gelassen. Dies galt als so ausgemacht, dass die Entscheidung fast schon ein Nicht-Ereignis war – obwohl die Lage nicht unsicherer sein könnte.",https://www.faz.net/aktuell/finanzen/ezb-hat-die-zinserhoehung-zu-recht-vertagt-201058727.html,https://media0.faz.net/image/w1200h627/00150c67c203/w5322h2780x0y629o/202604/43601.0.2021576955/ruhe-an-der-ezb-zentrale-in.webp,http://web.archive.org/web/20260724092945/https://www.faz.net/aktuell/finanzen/ezb-hat-die-zinserhoehung-zu-recht-vertagt-201058727.html,"Selten hat so wenig Unsicherheit über eine Zinsentscheidung geherrscht wie in diesem Juli. Einhellig war erwartet worden, dass die EZB die Leitzinsen unverändert belassen würde, und genau das hat sie… [+1305 chars]",,"EZB-Zinsentscheid: Alle Blicke gehen nun in Richtung Herbst. Die EZB hat die Zinsen unverändert gelassen. Dies galt als so ausgemacht, dass die Entscheidung fast schon ein Nicht-Ereignis war – obwohl die Lage nicht unsicherer sein könnte.",ECB interest rate decision: All eyes are now heading towards autumn. The ECB has left interest rates unchanged. This was considered so foregone conclusion that the decision was almost a non-event - although the situation could not be more uncertain.,"ECB interest rate decision: Oculi omnes nunc versus autumnum tendunt. ECB interest rates immutata reliquit. Quae res tam amissae conclusionis fuit, ut prope nulla res esset, quamvis res incertior esse non posset.",2026-07-25 07:23:13+00:00
19f78da928cb0e41683004c54a0c2596,2026-07-23T08:11:00Z,'Schnee',www.focus.de,de,0.9,"Es schneit immer weiter: Inzwischen über 4,5 Meter Schnee, Skigebiet geschlossen","Während hierzulande die Sonne brennt, versinkt das chilenische Skigebiet Portillo im Schnee. Inzwischen hat er die Marke von 4,5 Metern erreicht.",https://www.focus.de/reisen/es-schneit-immer-weiter-inzwischen-ueber-4-5-meter-schnee-skigebiet-geschlossen_964c9dad-1990-4df6-856d-2fa79e900535.html,"https://quadro.burda-forward.de/ctf/dea9261c-3ede-49d0-b663-6a929d479d27.0886392e-f7d7-4e9d-a330-5a0de8c7728f.jpg?im=RegionOfInterestCrop=(1200,630),regionOfInterest=(1017,672)&hash=d1bf48af392867785b6d9be39ccac68e1cce5b8b31b7a78a4b691b1235bca148",http://web.archive.org/web/20260724120930/https://www.focus.de/reisen/es-schneit-immer-weiter-inzwischen-ueber-4-5-meter-schnee-skigebiet-geschlossen_964c9dad-1990-4df6-856d-2fa79e900535.html,"Update vom 23. Juli:
In dem chilenischen Skigebiet Portillo in der Región de Valparaíso hat sich die Schneelage weiter verschärft. Inzwischen liegt dort nach Angaben der Betreiber mehr als 4,5 Meter… [+3356 chars]",,"Es schneit immer weiter: Inzwischen über 4,5 Meter Schnee, Skigebiet geschlossen. Während hierzulande die Sonne brennt, versinkt das chilenische Skigebiet Portillo im Schnee. Inzwischen hat er die Marke von 4,5 Metern erreicht.","It keeps snowing: now over 4.5 meters of snow, ski area closed. While the sun is burning here, the Chilean ski resort of Portillo is drowning in snow. It has now reached the 4.5 meter mark.","ninguit: nunc super 4.5 metra nix, area ski clausa est. Dum sol hic ardet, ski Portillo in nive mergitur. Iam 4.5 metri nota pervenit.",2026-07-26 16:08:55+00:00
567bbb67f433af39aa09544e5f8585d9,2026-07-23T09:34:00Z,'Winter',www.dwdl.de,de,0.9,"ProSieben stellt ""Promi Tischtennis-WM"" auf seriöses Fundament","Die ""Promi Tischtennis-WM"", die ProSieben kürzlich für den Winter angekündigt hat, soll keine Witzveranstaltung werden: Der Sender arbeitet mit dem Deutschen Tischtennis-Bund zusammen, der auf mehr Aufmerksamkeit für den Sport hofft",https://www.dwdl.de/nachrichten/107265/prosieben_stellt_promi_tischtenniswm_auf_serioeses_fundament/,https://www.dwdl.de/images/1784799196_tischtennis.jpg,http://web.archive.org/web/20260723143705/https://www.dwdl.de/nachrichten/107265/prosieben_stellt_promi_tischtenniswm_auf_serioeses_fundament/,"Bei den jüngsten Programmscreenings hat ProSieben nach der ""Promi Darts-WM"" und der ""Pomi Padel-WM"" schon den nächsten sportlichen Wettbewerb mit Promis in Aussicht gestellt: Die ""Promi Tischtennis-W… [+2182 chars]",,"ProSieben stellt ""Promi Tischtennis-WM"" auf seriöses Fundament. Die ""Promi Tischtennis-WM"", die ProSieben kürzlich für den Winter angekündigt hat, soll keine Witzveranstaltung werden: Der Sender arbeitet mit dem Deutschen Tischtennis-Bund zusammen, der auf mehr Aufmerksamkeit für den Sport hofft","ProSieben puts the “Celebrity Table Tennis World Cup” on a serious foundation. The ""Celebrity Table Tennis World Cup"", which ProSieben recently announced for the winter, is not intended to be a joke event: the broadcaster is working with the German Table Tennis Association, which is hoping for more attention for the sport","ProSieben in gravi fundamento ponit ""Tabulam Celebritatis Tennis Mundi"". ""Celebrity Table Tennis World Cup"", quam ProSieben nuper hiemalem nuntiaverat, eventum iocum esse non vult: latius laborat cum Tabula Consociationis Germanicae Tennis, quae magis operam ludibrio sperat.",2026-07-26 16:08:55+00:00
b97967664331089dad8d42d219b67961,2026-07-23T10:30:00Z,'Sommer',www.urlaubspiraten.de,de,0.9, WINTER IN DER KARIBIK & CO. ,"Ahoi Kreuzfahrt-Piraten!Auf AIDA ist Verlass! Wem der Sommerurlaub zu teuer war oder die Lage zu unsicher, der oder die kann sich jetzt freuen.  Es gibt gerade einen ⚡️Flash-Sale ⚡️ bei dem ihr Fernreisen inkl. Flügen, Transfers, Vollpension und den Trinkge…",https://www.urlaubspiraten.de/kreuzfahrten/aida-wintertraeumchen,https://image.urlaubspiraten.de/720/image/upload/v1784623228/Impressions%20and%20Other%20Assets/AIDA_2630WPK_Urlaubspiraten_All-AIDAperla_TeaserAd_1600x900_f8pbzg.jpg,,"Zusätzliche Informationen
Das Kleingedruckte:
--&gt; folgt. Kein Information bisher
AIDA gehört zu den bekanntesten Reedereien im deutschsprachigen Raum und steht für ihre modernen Schiffe, eine e… [+1053 chars]",," WINTER IN DER KARIBIK & CO. . Ahoi Kreuzfahrt-Piraten!Auf AIDA ist Verlass! Wem der Sommerurlaub zu teuer war oder die Lage zu unsicher, der oder die kann sich jetzt freuen.  Es gibt gerade einen ⚡️Flash-Sale ⚡️ bei dem ihr Fernreisen inkl. Flügen, Transfers, Vollpension und den Trinkge…","WINTER IN THE CARIBBEAN & CO. . Ahoy cruise pirates! You can rely on AIDA! Anyone who found their summer vacation too expensive or the situation too uncertain can now be happy.  There is currently a ⚡️Flash Sale ⚡️ where you can enjoy long-distance travel including flights, transfers, full board and drinks…","HIEMS IN Caribbean & CO. Ahoy lecythus piratae! Fidere potes in AIDA! Quisquis ferias aestivas nimium pretiosas invenit vel res nimis incertas esse iam potest beatus est.  Est currently in Flash Sale ubi possis longo intervallo peregrinationem comprehendere volatus, translationes, tabula plena et potus…",2026-07-26 16:08:55+00:00
b9e7aec995f4dbe988c490c076d0c78e,2026-07-23T12:51:00Z,'Winter',www.focus.de,de,0.9,Winterheide im Sommer – Tipps zur richtigen Pflege,Die Winterheide präsentiert sich im Sommer etwas schlichter als zur Blütezeit im Winter. Trotzdem muss sie auch in der warmen Jahreszeit gut gepflegt werden.,https://www.focus.de/immobilien/wohnen/winterheide-im-sommer-tipps-zur-richtigen-pflege_90d92789-e8cd-4a3b-a21a-c9c43c04f0e0.html,"https://quadro.burda-forward.de/ctf/0ff7230b-b820-4bee-85f9-ba0689548379.245463f4-2f6f-40e2-a5e2-e792a31d5506.jpg?im=RegionOfInterestCrop=(1200,630),regionOfInterest=(1023,510)&hash=47e4b2531c7642892434347365f4d22d2b23363f17943f9f5c319a74db0b10a1",,"Alle Inhalte, insbesondere die Texte und Bilder von Agenturen, sind
 urheberrechtlich geschützt und dürfen nur im Rahmen der gewöhnlichen
 Nutzung des Angebots vervielfältigt, verbreitet oder sonst… [+43 chars]",,Winterheide im Sommer – Tipps zur richtigen Pflege. Die Winterheide präsentiert sich im Sommer etwas schlichter als zur Blütezeit im Winter. Trotzdem muss sie auch in der warmen Jahreszeit gut gepflegt werden.,"Winter heather in summer – tips for proper care. The winter heather appears somewhat simpler in summer than when it blooms in winter. Nevertheless, it still needs good care even in the warm season.",Hiems erica in aestate - tips ad propriam curam. Hiems erica aliquantum simplicior aestate apparet quam cum floret hieme. Etiam eget ipsum sed ipsum tempus fermentum sollicitudin vel ex.,2026-07-26 16:08:55+00:00
cb964c920d691fa4f4d2efb11164a323,2026-07-09T14:29:24Z,'Niedrigwasser',www.zeit.de,de,0.9,Weltkriegsfolgen: Gefahr durch Munition bei Niedrigwasser – Experten warnen,Hier finden Sie Informationen zu dem Thema „Weltkriegsfolgen“. Lesen Sie jetzt „Gefahr durch Munition bei Niedrigwasser – Experten warnen“.,https://www.zeit.de/news/2026-07/09/gefahr-durch-munition-bei-niedrigwasser-experten-warnen,https://img.zeit.de/news/2026-07/09/gefahr-durch-munition-bei-niedrigwasser-experten-warnen-image-group/wide__1300x731,http://web.archive.org/web/20260709180508/https://www.zeit.de/news/2026-07/09/gefahr-durch-munition-bei-niedrigwasser-experten-warnen,"Wer bei den derzeit niedrigen Wasserständen Munition in den Flüssen und Seen findet, sollte vorsichtig sein es könnte sich um gefährliche Hinterlassenschaften aus dem Zweiten Weltkrieg handeln. «Durc… [+500 chars]",,Weltkriegsfolgen: Gefahr durch Munition bei Niedrigwasser – Experten warnen. Hier finden Sie Informationen zu dem Thema „Weltkriegsfolgen“. Lesen Sie jetzt „Gefahr durch Munition bei Niedrigwasser – Experten warnen“.,Consequences of the World War: Danger from ammunition at low water – experts warn. Here you will find information on the topic of “Consequences of the World War”. Now read “Danger from ammunition at low water – experts warn”.,"Consequatur Bellum Orbis Terrarum: Periculum ab munitione in aqua humilis - periti monent. Hic informationes invenies in argumento ""Consecutionum Belli Orbis"". Nunc lego ""Periculum ab munitione in aqua humilis - periti monent"".",2026-07-27 08:38:31+00:00
4ae7496c71e03f3595b76332dda329af,2026-07-16T09:38:50Z,'Niedrigwasser',www.zeit.de,de,0.9,Trockenheit: Elbe in Magdeburg vor historischem Niedrigwasser?,Hier finden Sie Informationen zu dem Thema „Trockenheit“. Lesen Sie jetzt „Elbe in Magdeburg vor historischem Niedrigwasser?“.,https://www.zeit.de/news/2026-07/16/elbe-in-magdeburg-vor-historischem-niedrigwasser,https://img.zeit.de/news/2026-07/16/elbe-in-magdeburg-vor-historischem-niedrigwasser-image-group/wide__1300x731,,"In Magdeburg könnte die Elbe in den nächsten Tagen historisches Niedrigwasser erreichen. Aktuell liege der Wasserstand am Pegel Strombrücke bei 46 Zentimetern, sagte Martin Gellner vom Wasserstraßen-… [+1343 chars]",,Trockenheit: Elbe in Magdeburg vor historischem Niedrigwasser?. Hier finden Sie Informationen zu dem Thema „Trockenheit“. Lesen Sie jetzt „Elbe in Magdeburg vor historischem Niedrigwasser?“.,Drought: Elbe in Magdeburg facing historic low water? Here you will find information on the topic of “drought”. Now read “Elbe in Magdeburg facing historic low water?”,"Siccitas: Albis in Magdeburgo versae historicae humilis aqua? Hic informationes invenies in argumento « siccitatis ». Nunc legitur ""Elbe in Magdeburgo contra historicam aquam humilem?""",2026-07-27 08:38:31+00:00
19dca622a3302154424c63f5a1103544,2026-07-16T10:48:55Z,'Niedrigwasser',www.zeit.de,de,0.9,"Niedrigwasser im Rhein: Hotelschiff fährt sich auf Rhein fest, Fähre fällt aus","Hier finden Sie Informationen zu dem Thema „Niedrigwasser im Rhein“. Lesen Sie jetzt „Hotelschiff fährt sich auf Rhein fest, Fähre fällt aus“.",https://www.zeit.de/news/2026-07/16/hotelschiff-faehrt-sich-auf-rhein-fest-faehre-faellt-aus,https://img.zeit.de/news/2026-07/16/hotelschiff-faehrt-sich-auf-rhein-fest-faehre-faellt-aus-image-group/wide__1300x731,http://web.archive.org/web/20260717045452/https://www.zeit.de/news/2026-07/16/hotelschiff-faehrt-sich-auf-rhein-fest-faehre-faellt-aus,"Das Niedrigwasser im Rhein hat weitere Folgen: In Bonn hat sich ein Hotelschiff festgefahren. Es liegt seit etwa 7.00 Uhr am Morgen etwa auf Höhe der Bonner Oper quer auf dem Rhein, wie die Feuerwehr… [+1318 chars]",,"Niedrigwasser im Rhein: Hotelschiff fährt sich auf Rhein fest, Fähre fällt aus. Hier finden Sie Informationen zu dem Thema „Niedrigwasser im Rhein“. Lesen Sie jetzt „Hotelschiff fährt sich auf Rhein fest, Fähre fällt aus“.","Low water in the Rhine: Hotel ship gets stuck on the Rhine, ferry breaks down. Here you will find information on the topic of “Low water in the Rhine”. Now read “Hotel ship gets stuck on the Rhine, ferry fails”.","Low water in the Rhine: Hotel, navis in Rheno adhaesit, vada frangit. Hic informationes invenies in argumento ""Aquae Humilis in Rheno"". Nunc legitur ""Hotel navis Rheno adhaesit, vada deficit"".",2026-07-27 08:38:31+00:00
cc6c03b3c6798a2838fb6616fc5cd8c6,2026-07-17T08:46:51Z,'Niedrigwasser',www.zeit.de,de,0.9,Niedrigwasser: «Rhein ist kein Wanderweg» - Warnung vor Gang zum Mäuseturm,Hier finden Sie Informationen zu dem Thema „Niedrigwasser“. Lesen Sie jetzt „«Rhein ist kein Wanderweg» - Warnung vor Gang zum Mäuseturm“.,https://www.zeit.de/news/2026-07/17/rhein-ist-kein-wanderweg-warnung-vor-gang-zum-maeuseturm,https://img.zeit.de/news/2026-07/17/rhein-ist-kein-wanderweg-warnung-vor-gang-zum-maeuseturm-image-group/wide__1300x731,http://web.archive.org/web/20260717233948/https://www.zeit.de/news/2026-07/17/rhein-ist-kein-wanderweg-warnung-vor-gang-zum-maeuseturm,Angesichts niedriger Wasserstände im Rhein hat die Stadt Bingen vor Spaziergängen durch das Flussbett zur berühmten Mäuseturminsel gewarnt. «Trotz des niedrigen Wasserstandes ist der Rhein kein Wande… [+1633 chars],,Niedrigwasser: «Rhein ist kein Wanderweg» - Warnung vor Gang zum Mäuseturm. Hier finden Sie Informationen zu dem Thema „Niedrigwasser“. Lesen Sie jetzt „«Rhein ist kein Wanderweg» - Warnung vor Gang zum Mäuseturm“.,Low water: “Rhine is not a hiking trail” - Warning against going to the Mouse Tower. Here you will find information on the topic of “low water”. Now read “«Rhine is not a hiking trail» - warning against going to the Mouse Tower”.,"Humilis aqua: “Rhenus non est trahentium hiking” - Monitum contra ad Muris turrim. Hic informationes invenies in argumento ""aquae humilis"". Nunc legitur ""«Rhenum trahentium hiking non est» - monitum contra ire ad Murem Turrim"".",2026-07-27 08:38:31+00:00
dbb61d798625763e194b9716d679b85d,2026-07-17T09:32:17Z,'Niedrigwasser',www.zeit.de,de,0.9,Trockenheit: Niedrigwasser bremst Güterschifffahrt aus,Hier finden Sie Informationen zu dem Thema „Trockenheit“. Lesen Sie jetzt „Niedrigwasser bremst Güterschifffahrt aus“.,https://www.zeit.de/news/2026-07/17/niedrigwasser-bremst-gueterschifffahrt-aus,https://img.zeit.de/news/2026-07/17/niedrigwasser-bremst-gueterschifffahrt-aus-image-group/wide__1300x731,http://web.archive.org/web/20260718014416/https://www.zeit.de/news/2026-07/17/niedrigwasser-bremst-gueterschifffahrt-aus,"Güterschiffe sind auf der Donau zurzeit mit deutlich weniger Ladung unterwegs. Wegen des Niedrigwassers müssen die Schiffe leichter sein, um nicht auf Grund zu laufen. Manche Güterschiffe mit einem r… [+2026 chars]",,Trockenheit: Niedrigwasser bremst Güterschifffahrt aus. Hier finden Sie Informationen zu dem Thema „Trockenheit“. Lesen Sie jetzt „Niedrigwasser bremst Güterschifffahrt aus“.,Drought: low water slows down freight shipping. Here you will find information on the topic of “drought”. Now read “Low water slows down freight shipping”.,"Siccitas: humilis aqua naves onerarias cohibetur. Hic informationes invenies in argumento « siccitatis ». Nunc lege ""Omissaria aqua humilis tardat"".",2026-07-27 08:38:31+00:00
4f13f28821a4632dd0f3a094a0f88663,2026-07-18T08:42:11Z,'Niedrigwasser',www.zeit.de,de,0.9,Niedrigwasser: Güterschiffe auf der Oberelbe stehen bis September still,Hier finden Sie Informationen zu dem Thema „Niedrigwasser“. Lesen Sie jetzt „Güterschiffe auf der Oberelbe stehen bis September still“.,https://www.zeit.de/news/2026-07/18/gueterschiffe-auf-der-oberelbe-stehen-bis-september-still,https://img.zeit.de/news/2026-07/18/gueterschiffe-auf-der-oberelbe-stehen-bis-september-still-image-group/wide__1300x731,http://web.archive.org/web/20260719024002/https://www.zeit.de/news/2026-07/18/gueterschiffe-auf-der-oberelbe-stehen-bis-september-still,Wegen des niedrigen Wasserstandes fahren auf der Elbe von Tschechien bis nach Magdeburg bis voraussichtlich September keine Güterschiffe. Aktuell sei eine wirtschaftliche Güterschifffahrt auf der Obe… [+1520 chars],,Niedrigwasser: Güterschiffe auf der Oberelbe stehen bis September still. Hier finden Sie Informationen zu dem Thema „Niedrigwasser“. Lesen Sie jetzt „Güterschiffe auf der Oberelbe stehen bis September still“.,Low water: freight ships on the Upper Elbe are idle until September. Here you will find information on the topic of “low water”. Read now “Freight ships on the Upper Elbe stand still until September”.,"Aqua humilis: naves onerariae in superiori Albis usque ad Septembrem cessant. Hic informationes invenies in argumento ""aquae humilis"". Lege nunc ""naves onerarias in superiori Albis stare usque ad Septembrem"".",2026-07-27 08:38:31+00:00
6593967d1c1471cad2bdc87a9028608c,2026-07-19T02:00:31Z,'Niedrigwasser',www.zeit.de,de,0.9,Pegelstände: Risiken bei Niedrigwasser halten Wasserschutzpolizei in Atem,Hier finden Sie Informationen zu dem Thema „Pegelstände“. Lesen Sie jetzt „Risiken bei Niedrigwasser halten Wasserschutzpolizei in Atem“.,https://www.zeit.de/news/2026-07/19/risiken-bei-niedrigwasser-halten-wasserschutzpolizei-in-atem,https://img.zeit.de/news/2026-07/19/risiken-bei-niedrigwasser-halten-wasserschutzpolizei-in-atem-image-group/wide__1300x731,http://web.archive.org/web/20260720091607/https://www.zeit.de/news/2026-07/19/risiken-bei-niedrigwasser-halten-wasserschutzpolizei-in-atem,"Das gegenwärtige Niedrigwasser des Rhein stellt auch Hessens Wasserschutzpolizei vor besondere Herausforderungen. Ihr oberster Dienstherr, Innenminister Roman Poseck, teilte der Deutschen Presse-Agen… [+2332 chars]",,Pegelstände: Risiken bei Niedrigwasser halten Wasserschutzpolizei in Atem. Hier finden Sie Informationen zu dem Thema „Pegelstände“. Lesen Sie jetzt „Risiken bei Niedrigwasser halten Wasserschutzpolizei in Atem“.,Water levels: Risks during low water levels keep water police on their toes. Here you will find information on the topic of “water levels”. Now read “Low water risks keep water police on tenterhooks”.,"Aquae gradus: Pericula in aqua humilitatis gradus custodiunt aquam vigilum in digitos suos. Hic informationes invenies in argumento ""graduum aquarum"". Nunc lege ""Pericula aquae humilis custodiunt vigilum in tenterhooks aquam"".",2026-07-27 08:38:31+00:00
cf4b365c03d4d316707fc3572eaf4962,2026-07-20T12:50:54Z,'Niedrigwasser',www.zeit.de,de,0.9,Trockenheit und Niedrigwasser: Lausitzer Wasserspeicher stützen Pegel in der Spree,Hier finden Sie Informationen zu dem Thema „Trockenheit und Niedrigwasser“. Lesen Sie jetzt „Lausitzer Wasserspeicher stützen Pegel in der Spree“.,https://www.zeit.de/news/2026-07/20/lausitzer-wasserspeicher-stuetzen-pegel-in-der-spree,https://img.zeit.de/news/2026-07/20/lausitzer-wasserspeicher-stuetzen-pegel-in-der-spree-image-group/wide__1300x731,,Aufgrund anhaltender Trockenheit und niedriger Flusspegel nutzt die Lausitzer- und Mitteldeutsche Bergbauverwaltungsgesellschaft (LMBV) ihre Wasserspeicher zur Unterstützung der Fließgewässer. Zur St… [+917 chars],,Trockenheit und Niedrigwasser: Lausitzer Wasserspeicher stützen Pegel in der Spree. Hier finden Sie Informationen zu dem Thema „Trockenheit und Niedrigwasser“. Lesen Sie jetzt „Lausitzer Wasserspeicher stützen Pegel in der Spree“.,Drought and low water: Lusatian water reservoirs support levels in the Spree. Here you will find information on the topic of “drought and low water”. Now read “Lusatian water storage tanks support levels in the Spree”.,"Aquae siccitatis et humilis: piscinae Lusatianae aquae subsidii gradus in Spree. Hic informationes invenies in argumento ""sititudinis et aquae inferioris"". Nunc lege ""Lusatianum aquae repositae obterere sustentationem gradus in Spree"".",2026-07-27 08:38:31+00:00
9205f3ac9292f007546dfe9be867ce13,2026-07-22T02:00:22Z,'Niedrigwasser',www.zeit.de,de,0.9,Trockenheit: Niedrigwasser bremst Schifffahrt auf dem Rhein aus,Hier finden Sie Informationen zu dem Thema „Trockenheit“. Lesen Sie jetzt „Niedrigwasser bremst Schifffahrt auf dem Rhein aus“.,https://www.zeit.de/news/2026-07/22/niedrigwasser-bremst-schifffahrt-auf-dem-rhein-aus,https://img.zeit.de/news/2026-07/22/niedrigwasser-bremst-schifffahrt-auf-dem-rhein-aus-image-group/wide__1300x731,http://web.archive.org/web/20260722083108/https://www.zeit.de/news/2026-07/22/niedrigwasser-bremst-schifffahrt-auf-dem-rhein-aus,Das anhaltende Niedrigwasser auf dem Rhein schränkt die Binnenschifffahrt auch in Baden-Württemberg zunehmend ein. Der für die Rheinschifffahrt maßgebliche Pegel im rheinland-pfälzischen Kaub lag zul… [+1749 chars],,Trockenheit: Niedrigwasser bremst Schifffahrt auf dem Rhein aus. Hier finden Sie Informationen zu dem Thema „Trockenheit“. Lesen Sie jetzt „Niedrigwasser bremst Schifffahrt auf dem Rhein aus“.,Drought: low water slows down shipping on the Rhine. Here you will find information on the topic of “drought”. Now read “Low water slows down shipping on the Rhine”.,"Siccitas: humilis aqua naves Rheno cohibetur. Hic informationes invenies in argumento « siccitatis ». Nunc lege ""Aqua humilis retardat naviculas Rheno"".",2026-07-27 08:38:31+00:00
edfe99f11c89c14e721b732232efc02e,2026-07-26T07:43:34Z,'Niedrigwasser',www.zeit.de,de,0.9,Niedriger Füllstand: «Blanker Wahnsinn»: Niedrigwasser trifft Edersee-Tourismus,Hier finden Sie Informationen zu dem Thema „Niedriger Füllstand“. Lesen Sie jetzt „«Blanker Wahnsinn»: Niedrigwasser trifft Edersee-Tourismus“.,https://www.zeit.de/news/2026-07/26/blanker-wahnsinn-niedrigwasser-trifft-edersee-tourismus,https://img.zeit.de/news/2026-07/26/blanker-wahnsinn-niedrigwasser-trifft-edersee-tourismus-image-group/wide__1300x731,http://web.archive.org/web/20260726023937/https://www.zeit.de/news/2026-07/26/blanker-wahnsinn-niedrigwasser-trifft-edersee-tourismus,"Wer derzeit im Edersee baden möchte, muss zunächst einen längeren Weg über Sand und Gestein zurücklegen. Denn mitten in der Sommerferien-Saison ist der größte Stausee Hessens und Touristenmagnet im L… [+5433 chars]",,Niedriger Füllstand: «Blanker Wahnsinn»: Niedrigwasser trifft Edersee-Tourismus. Hier finden Sie Informationen zu dem Thema „Niedriger Füllstand“. Lesen Sie jetzt „«Blanker Wahnsinn»: Niedrigwasser trifft Edersee-Tourismus“.,Low level: “Blank madness”: low water hits Edersee tourism. Here you will find information on the topic of “low fill level”. Read now ““Blank madness”: low water hits Edersee tourism”.,"Humilis gradus: ""Blank insania"": humilis aqua voluptuaria similesve Edersee pervenit. Hic informationes invenies in argumento ""humilis saturitatis"". Lege nunc """" Blank insaniam"": humilis aqua voluptuaria similesve Edersee pervenit.",2026-07-27 08:38:31+00:00
04e271ca265668fc758052dc2b9f71dd,2026-07-11T18:26:33Z,'Niedrigwasser',www.bild.de,de,0.9,Touristen-Dampfer vor dem Aus - Hier fährt bald kein Schiff mehr!,Niedrigwasser in Dresden: Die Elbe führt so wenig Wasser wie seit Langem nicht mehr.,https://www.bild.de/news/elbe-in-dresden-fast-trocken-hier-faehrt-bald-kein-schiff-mehr-6a5285e430e19a1eb4fafc7e,"https://images.bild.de/6a5285e430e19a1eb4fafc7e/0c3ea5685c3d770f4e7d41389dd592d5,a132bdbb?w=1280",http://web.archive.org/web/20260711213018/https://www.bild.de/news/elbe-in-dresden-fast-trocken-hier-faehrt-bald-kein-schiff-mehr-6a5285e430e19a1eb4fafc7e,"Mehr zum Video anzeigen 
Die Elbe in Dresden führt so wenig Wasser wie seit Langem nicht mehr. Ausgerechnet zum 190-jährigen Jubiläum der berühmten Dampfschifffahrt. Die Trockenheit wird in den kome… [+101 chars]",,Touristen-Dampfer vor dem Aus - Hier fährt bald kein Schiff mehr!. Niedrigwasser in Dresden: Die Elbe führt so wenig Wasser wie seit Langem nicht mehr.,Tourist steamer on the verge of closure - soon there will be no more ships sailing here! Low water in Dresden: The Elbe has less water than it has for a long time.,VIATOR steamer paene clausurae - mox naves hic navigantes non erunt! Low water in Dresden: Albis minus aquam habet quam diu habet.,2026-07-27 13:15:49+00:00
59a37c3f59fc5a02826c24b87d52df8a,2026-07-13T12:51:16Z,'Sommer',www.n-tv.de,de,0.9,"""In 45 Jahren noch nicht erlebt"": Rhein-Pegel schon früh im Jahr sehr niedrig","Der Sommer ist noch verhältnismäßig jung, doch die Binnenschifffahrt kämpft im Rhein bereits mit dem Wasserstand. Güterschiffe können immer weniger Fracht transportieren. Das ist nicht deren einziger Kostentreiber.",https://www.n-tv.de/wirtschaft/Rhein-Pegel-schon-frueh-im-Jahr-sehr-niedrig-id31080103.html,https://www.n-tv.de/img/31080246/1783950902/Img_16_9/1200/Der-Rhein-bei-Bingen-am-Rhein-mit-dem-Maeuseturm-und-der-Burgruine-Ehrenfels-Da-die-Wasserstaende-recht-niedrig-sind-ist-die-Schifffahrt-teilweise-eingeschraenkt-und-Frachtschiffe-fahren-mit-geringerer-Zuladung.jpg,http://web.archive.org/web/20260714010956/https://www.n-tv.de/wirtschaft/Rhein-Pegel-schon-frueh-im-Jahr-sehr-niedrig-id31080103.html,"""In 45 Jahren noch nicht erlebt""Rhein-Pegel schon früh im Jahr sehr niedrig 
So sah es bei Bingen am Rhein am Freitag aus. (Foto: picture alliance/dpa)
Der Sommer ist noch verhältnismäßig jung, doc… [+3225 chars]",,"""In 45 Jahren noch nicht erlebt"": Rhein-Pegel schon früh im Jahr sehr niedrig. Der Sommer ist noch verhältnismäßig jung, doch die Binnenschifffahrt kämpft im Rhein bereits mit dem Wasserstand. Güterschiffe können immer weniger Fracht transportieren. Das ist nicht deren einziger Kostentreiber.","“Not experienced in 45 years”: Rhine water levels very low early in the year. Summer is still relatively young, but inland shipping is already struggling with the water level in the Rhine. Freight ships can transport less and less cargo. That is not their only cost driver.","""Non periti in 45 annis"": aqua Rheni mane in anno valde humilis. Aestas iuvenes adhuc secundum quid, sed naviculae mediterraneae iam laborantes cum plano aquarum in Rheno sunt. Naves onerariae minus et minus onerariae possunt transportari. Quod non solum suum pretium ultrices.",2026-07-27 13:15:49+00:00
3909a5c7ecd15a7b618b85f5b3327219,2026-07-14T13:55:08Z,'Niedrigwasser',www.n-tv.de,de,0.9,Hochofenproduktion gedrosselt: Rhein-Niedrigwasser setzt Thyssenkrupp unter Druck,"Weniger Ladung, höhere Kosten, längere Transportwege: Das Niedrigwasser im Rhein hat spürbare Folgen für die Wirtschaft. Thyssenkrupp Steel zieht erste Konsequenzen und reduziert vorsorglich seine Produktion.",https://www.n-tv.de/wirtschaft/Rhein-Niedrigwasser-setzt-Thyssenkrupp-unter-Druck-id31084794.html,https://www.n-tv.de/img/31084851/1784041755/Img_16_9/1200/Das-Thyssenkrupp-Steel-Stahlwerk-in-Duisburg-Marxloh-am-Rhein-Hochofen-2-Frachtschiffe-NRW-Deutschland.jpg,http://web.archive.org/web/20260715030854/https://www.n-tv.de/wirtschaft/Rhein-Niedrigwasser-setzt-Thyssenkrupp-unter-Druck-id31084794.html,"Verschärft wird das Problem nach Ansicht der Analysten der Deutschen Bank durch eine monatelange Sperrung einer wichtigen Ausweichroute auf der Schiene. (Foto: picture alliance / Jochen Tack)
Wenige… [+5121 chars]",,"Hochofenproduktion gedrosselt: Rhein-Niedrigwasser setzt Thyssenkrupp unter Druck. Weniger Ladung, höhere Kosten, längere Transportwege: Das Niedrigwasser im Rhein hat spürbare Folgen für die Wirtschaft. Thyssenkrupp Steel zieht erste Konsequenzen und reduziert vorsorglich seine Produktion.","Blast furnace production throttled: Rhine low water puts Thyssenkrupp under pressure. Less cargo, higher costs, longer transport routes: the low water in the Rhine has noticeable consequences for the economy. Thyssenkrupp Steel is taking the first steps and reducing its production as a precautionary measure.","Fornax inspiratione suffocavit productionem: Rhenus humilis aqua sub pressura Thyssenkrupp ponit. Minus onerariae, altiores impensae, itinera longiora oneraria: humilis aqua in Rheno consectaria oeconomiae notabiles habet. Thyssenkrupp Ferro primos gradus accipit et eius productionem in modum cautelae reducit.",2026-07-27 13:15:49+00:00
153ae6bd4ba8248b34f158bebbe6444e,2026-07-15T09:02:38Z,'Niedrigwasser',www.zeit.de,de,0.9,Niedrigwasserinformationssystem: Bund startet Informationssystem für Niedrigwasser,Die Bundesregierung hat ein Informationssystem für Niedrigwasser vorgestellt. So soll ein Überblick über Wasserstände möglich und die Vorsorge verbessert werden.,https://www.zeit.de/politik/deutschland/2026-07/niedrigwasserinformationssystem-niwis-bundesregierung-trockenheit,https://img.zeit.de/politik/deutschland/2026-07/niedrigwasserinformationssystem-niwis-bundesregierung-trockenheit-foto-1/wide__1300x731,,"Vor dem Hintergrund zunehmender Trockenheit in Deutschland hat die Bundesregierung ein 
bundesweit einheitliches Informationssystem für Niedrigwasser gestartet. Die neue Plattform hat den Namen NIWI… [+894 chars]",,Niedrigwasserinformationssystem: Bund startet Informationssystem für Niedrigwasser. Die Bundesregierung hat ein Informationssystem für Niedrigwasser vorgestellt. So soll ein Überblick über Wasserstände möglich und die Vorsorge verbessert werden.,Low water information system: Federal government launches information system for low water. The federal government has presented an information system for low water levels. This should provide an overview of water levels and improve precautions.,Systema aquarum notitiarum inferiorum: regimen foederatum systema informationes aquarum demissas movet. Imperium foederati ratio informationes aquarum humilium graduum praebebat. Hoc prospectum praebere debet aquae gradus et cautiones meliores.,2026-07-27 13:15:49+00:00
9446ea5e05f21377c6af0be9d2dc0104,2026-07-15T15:14:55Z,'Niedrigwasser',www.tagesschau.de,de,0.9,Plattform für Niedrigwasser: Wo Deutschland das Wasser ausgeht,"Zu viel Hitze, zu wenig Niederschlag: Seit Jahren nimmt die Trockenheit in Deutschland zu. Erstmals lassen sich nun Pegelstände auf einer einheitlichen Website einsehen. Die Lage ist dramatisch. Von Maximilian Ulrich.",https://www.tagesschau.de/inland/trockenheit-niedrigwasser-plattform-bundesumweltministerium-100.html,https://images.tagesschau.de/image/f29e9b1f-4586-4efe-9027-662d274a18ea/AAABn2WhgbQ/AAABnSSvrFg/16x9-big/fluss-trockenheit-104.jpg?width=1280,http://web.archive.org/web/20260715174325/https://www.tagesschau.de/inland/trockenheit-niedrigwasser-plattform-bundesumweltministerium-100.html,"Stand: 15.07.2026 17:14 Uhr
Zu viel Hitze, zu wenig Niederschlag: Seit Jahren nimmt die Trockenheit in Deutschland zu. Erstmals lassen sich nun Pegelstände auf einer einheitlichen Website einsehen. … [+3242 chars]",,"Plattform für Niedrigwasser: Wo Deutschland das Wasser ausgeht. Zu viel Hitze, zu wenig Niederschlag: Seit Jahren nimmt die Trockenheit in Deutschland zu. Erstmals lassen sich nun Pegelstände auf einer einheitlichen Website einsehen. Die Lage ist dramatisch. Von Maximilian Ulrich.","Platform for low water: Where Germany is running out of water. Too much heat, too little precipitation: drought in Germany has been increasing for years. For the first time, water levels can now be viewed on a uniform website. The situation is dramatic. By Maximilian Ulrich.","Rostra est aqua humilis: Ubi Germania aqua currit. Nimis calor, parum praecipitatio: siccitas in Germania annis crescebat. Primum, aquae gradus nunc in aequabili website spectari possunt. Res dramatica est. Udalricus Maximilianus a.",2026-07-27 13:15:49+00:00
f7925091c53e09a51bc58c875280aed2,2026-07-16T05:10:00Z,'Niedrigwasser',taz.de,de,0.9,Die Wahrheit: Rheins Liebesfrust,Donnerstag ist Gedichtetag auf der Wahrheit: Heute darf sich die geneigte Leserschaft an einem Poem über Niedrigwasser am großen Fluss erfreuen.,https://taz.de/Die-Wahrheit/!6195886/,https://taz.de/picture/8609448/1200/3zu2WahrRheindpa16072026.jpeg,http://web.archive.org/web/20260717054603/https://taz.de/Die-Wahrheit/!6195886/,Donnerstag ist Gedichtetag auf der Wahrheit: Heute darf sich die geneigte Leserschaft an einem Poem über Niedrigwasser am großen Fluss erfreuen. mehr...,,Die Wahrheit: Rheins Liebesfrust. Donnerstag ist Gedichtetag auf der Wahrheit: Heute darf sich die geneigte Leserschaft an einem Poem über Niedrigwasser am großen Fluss erfreuen.,The truth: Rhine's love frustration. Thursday is poetry day at the Truth: Today the interested readership can enjoy a poem about low water on the big river.,Veritas: Rheni amor vanitas. Dies Iovis poesis est apud Veritatem: Hodie in magno flumine de aqua humili carmen delectabile lector frui potest.,2026-07-27 13:15:49+00:00
18418b52aa07960f5c0d57c0198ff822,2026-07-16T06:07:51Z,'Niedrigwasser',www.morgenpost.de,de,0.9,"Niedrigwasser in Rhein, Elbe und Donau: Binnenschifffahrt kämpft mit Folgen",Das Niedrigwasser in Flüssen stellt die Schifffahrt vor Herausforderungen – und Experten erwarten keine schnelle Entspannung der Lage.,https://www.morgenpost.de/panorama/article412591751/niedrigwasser-in-rhein-elbe-und-donau-binnenschifffahrt-kaempft-mit-folgen.html,https://img.sparknews.funkemedien.de/412591729/412591729_1784182070_v16_9_1600.jpeg,,"Viele deutsche Flüsse führen derzeit deutlich weniger Wasser als üblich. Betroffen sind unter anderem Rhein, Elbe und Donau. Die niedrigen Pegelstände erschweren auch die Binnenschifffahrt: Binnensch… [+2254 chars]",,"Niedrigwasser in Rhein, Elbe und Donau: Binnenschifffahrt kämpft mit Folgen. Das Niedrigwasser in Flüssen stellt die Schifffahrt vor Herausforderungen – und Experten erwarten keine schnelle Entspannung der Lage.","Low water levels in the Rhine, Elbe and Danube: inland shipping is struggling with the consequences. The low water levels in rivers pose challenges for shipping - and experts do not expect the situation to ease quickly.","Gradus aquae inferioris in Rheno, Albis ac Danubio: navigia mediterranea luctari cum consequentibus est. Gradus aquae humilis in fluminibus provocationes ad naves ponunt - et periti condicionem cito relevare non sperant.",2026-07-27 13:15:49+00:00
73911df994680a9a919d6fac54f67f35,2026-07-16T06:48:50Z,'Niedrigwasser',www.tagesspiegel.de,de,0.9,Extrem niedrige Pegelstände an Deutschlands Flüssen: Schifffahrt kämpft mit steigenden Kosten und geringeren Transportmengen,"Rhein, Elbe und Donau führen derzeit Niedrigwasser. Das hat auch wirtschaftliche Auswirkungen auf die Schifffahrt.",https://www.tagesspiegel.de/wirtschaft/extrem-niedrige-pegelstande-an-deutschlands-flussen-schifffahrt-kampft-mit-steigenden-kosten-und-geringeren-transportmengen-15845105.html,https://www.tagesspiegel.de/images/15845182/alternates/BASE_16_9_W1400/1784184093000/niedriger-pegelstand-an-der-elbe.jpeg,http://web.archive.org/web/20260718040115/https://www.tagesspiegel.de/wirtschaft/extrem-niedrige-pegelstande-an-deutschlands-flussen-schifffahrt-kampft-mit-steigenden-kosten-und-geringeren-transportmengen-15845105.html,"Viele deutsche Flüsse wie der Rhein, die Elbe oder die Donau sind derzeit von starkem Niedrigwasser betroffen  das hat auch Auswirkungen auf die Schifffahrt. Binnenschiffe können derzeit weniger Ladu… [+2637 chars]",,"Extrem niedrige Pegelstände an Deutschlands Flüssen: Schifffahrt kämpft mit steigenden Kosten und geringeren Transportmengen. Rhein, Elbe und Donau führen derzeit Niedrigwasser. Das hat auch wirtschaftliche Auswirkungen auf die Schifffahrt.","Extremely low water levels on Germany's rivers: Shipping is struggling with rising costs and lower transport volumes. The Rhine, Elbe and Danube are currently experiencing low water levels. This also has an economic impact on shipping.","Gradus aquae maxime humilis in fluminibus Germaniae: Shipping laborat ortu sumptibus et voluminibus onerariis inferioribus. Rhenus, Albis et Danuvius nunc in campis aquarum ima experiuntur. Hoc quoque impulsum oeconomicum in naviculas habet.",2026-07-27 13:15:49+00:00
8dfd57774a7a7e43806ab41b96ef2d32,2026-07-16T08:51:08Z,'Niedrigwasser',www.diepresse.com,de,0.9,Niedrigwasser auf der Donau: Kreuzfahrtschiffe sitzen in Ungarn fest,"Niedrige Pegelstände auf Rhein, Elbe und Donau belasten Güterverkehr und Flusskreuzfahrten. Binnenschiffe können weniger Ladung aufnehmen, Kreuzfahrtschiffe in Ungarn können nicht fahren. Eine nachhaltige Entspannung ist vorerst nicht in Sicht.",https://www.diepresse.com/37677379/niedrigwasser-auf-der-donau-kreuzfahrtschiffe-sitzen-in-ungarn-fest,https://img.diepresse.com/public/incoming/jvbmb4-tourismus/alternates/WEBP_WIDE_1200/Tourismus,http://web.archive.org/web/20260716163124/https://www.diepresse.com/37677379/niedrigwasser-auf-der-donau-kreuzfahrtschiffe-sitzen-in-ungarn-fest,"Die Presse auf Google als bevorzugte Nachrichtenquelle hinzufügen.
 Der Wasserstand der Donau ist in Budapest bis auf wenige Zentimeter an das historische Tief gefallen. Kreuzfahrtschiffe sitzen nör… [+4491 chars]",,"Niedrigwasser auf der Donau: Kreuzfahrtschiffe sitzen in Ungarn fest. Niedrige Pegelstände auf Rhein, Elbe und Donau belasten Güterverkehr und Flusskreuzfahrten. Binnenschiffe können weniger Ladung aufnehmen, Kreuzfahrtschiffe in Ungarn können nicht fahren. Eine nachhaltige Entspannung ist vorerst nicht in Sicht.","Low water on the Danube: Cruise ships are stuck in Hungary. Low water levels on the Rhine, Elbe and Danube are affecting freight traffic and river cruises. Inland waterway vessels can carry less cargo, cruise ships in Hungary cannot sail. There is currently no lasting relaxation in sight.","Humilis aqua in Danubio: Cruise naves in Hungaria adhaeserunt. Gradus aquae infimae ad Rhenum, Albim et Danuvium sunt commercia onerarias et flumen cruises afficientes. Vasa aquatica mediterranea minus oneraria portare possunt, naves in Hungaria navigare non possunt. Nulla sit amet diuturna relaxatio in aspectu.",2026-07-27 13:15:49+00:00
9c45df618b35e7fb23552a1851b20be3,2026-07-16T09:11:24Z,'Niedrigwasser',www.n-tv.de,de,0.9,Pegel auf Rekordtief: Niedrigwasser verteuert Gütertransporte per Schiff,Die niedrigen Pegelstände in Deutschlands Flüssen belasten die Wirtschaft. Für die gleiche Warenmenge braucht es mehr Schiffe - entsprechend schießen die Transportkosten in die Höhe. Das Problem dürfte der Schifffahrtsbranche künftig häufiger begegnen.,https://www.n-tv.de/wirtschaft/Niedrigwasser-verteuert-Guetertransporte-per-Schiff-id31092007.html,https://www.n-tv.de/img/31089315/1784197159/Img_16_9/1200/Der-Rheinpegel-ist-auch-in-Koeln-niedrig.jpg,http://web.archive.org/web/20260716132400/https://www.n-tv.de/wirtschaft/Niedrigwasser-verteuert-Guetertransporte-per-Schiff-id31092007.html,"Der Rheinpegel ist auch in Köln niedrig. 
Die niedrigen Pegelstände in Deutschlands Flüssen belasten die Wirtschaft. Für die gleiche Warenmenge braucht es mehr Schiffe - entsprechend schießen die Tr… [+4047 chars]",,Pegel auf Rekordtief: Niedrigwasser verteuert Gütertransporte per Schiff. Die niedrigen Pegelstände in Deutschlands Flüssen belasten die Wirtschaft. Für die gleiche Warenmenge braucht es mehr Schiffe - entsprechend schießen die Transportkosten in die Höhe. Das Problem dürfte der Schifffahrtsbranche künftig häufiger begegnen.,"Water levels at record low: low water makes freight transport by ship more expensive. The low water levels in Germany's rivers are putting a strain on the economy. More ships are needed for the same amount of goods - correspondingly, transport costs skyrocket. The shipping industry is likely to encounter this problem more frequently in the future.","Aquae planae ad recordum low: aqua humilis oneraria nave carior facit. Gradus aquae humiles in fluminibus Germaniae in oeconomia contendunt. Plures naves ad eandem bonorum quantitatem requiruntur - correspondenter, onerariis sumptibus scopulorum. De industria navium frequentius in futuro problema istud occurrere verisimile est.",2026-07-27 13:15:49+00:00
af075377945452add59420580fed2717,2026-07-16T09:58:34Z,'Niedrigwasser',www.welt.de,de,0.9,„Die Ufer wandern nach innen und werden breiter“ – Flusspegel sinken seit Tagen,"Deutschland erlebt nach einem trockenen Frühjahr in fast allen Regionen Niedrigwasser. Besonders betroffen sind Flüsse wie Elbe und Rhein, aber auch die Lage bei der Trinkwasserversorgung etwa in München ist angespannt. WELT-Wetterexperte Alexander Hildebrand…",https://www.welt.de/vermischtes/video6a58a6608e06d6769140eb2a/donau-elbe-rhein-die-ufer-wandern-nach-innen-und-werden-breiter-flusspegel-sinken-seit-tagen.html,https://images.welt.de/6a58a6608e06d6769140eb2a/8a7ce20a9574e31b2ed85008026c7611/ci16x9-w1200/dpa-com-260715-935-1481176-jpg,,"Deutschland erlebt nach einem trockenen Frühjahr in fast allen Regionen Niedrigwasser. Besonders betroffen sind Flüsse wie Elbe und Rhein, aber auch die Lage bei der Trinkwasserversorgung etwa in Mün… [+145 chars]",,"„Die Ufer wandern nach innen und werden breiter“ – Flusspegel sinken seit Tagen. Deutschland erlebt nach einem trockenen Frühjahr in fast allen Regionen Niedrigwasser. Besonders betroffen sind Flüsse wie Elbe und Rhein, aber auch die Lage bei der Trinkwasserversorgung etwa in München ist angespannt. WELT-Wetterexperte Alexander Hildebrand…","“The banks are moving inwards and becoming wider” – river levels have been falling for days. After a dry spring, Germany is experiencing low water levels in almost all regions. Rivers such as the Elbe and Rhine are particularly affected, but the situation with drinking water supplies in Munich, for example, is also tense. WELT weather expert Alexander Hildebrand…","""Intra ripas moventur et latius fiunt"" - gradus fluminis dies ceciderunt. Post siccum fontem, Germania in omnibus fere regionibus aequat aquam humilem experitur. Flumina ut Albis et Rhenus praecipue afficiuntur, sed situm aquae bibendae in Munich, exempli gratia, etiam tempus est. WELT tempestas peritus Alexander Hildebrand...",2026-07-27 13:15:49+00:00
ed62476ccd5f13ad47a8ffc6b788a582,2026-07-13T14:17:01Z,'Sommer',www.golem.de,de,0.9,Cipsoft: Tibia bekommt unendlich schwere Bosse,"Das Sommer-Update für Tibia bringt Bosskämpfe mit theoretisch unbegrenzt steigendem Schwierigkeitsgrad und die stärksten Waffen des Spiels. (Cipsoft, MMORPG)",https://www.golem.de/sonstiges/zustimmung/auswahl.html?from=https://www.golem.de/news/cipsoft-tibia-bekommt-unendlich-schwere-bosse-2607-210811.html&referer=https://t.co/f6cc67b973,,,"Besuchen Sie Golem.de wie gewohnt mit Werbung und Tracking,
 indem Sie der Nutzung aller Cookies zustimmen.
 Details zum Tracking finden Sie im Privacy Center.
Skript wurde nicht geladen. Informat… [+607 chars]",,"Cipsoft: Tibia bekommt unendlich schwere Bosse. Das Sommer-Update für Tibia bringt Bosskämpfe mit theoretisch unbegrenzt steigendem Schwierigkeitsgrad und die stärksten Waffen des Spiels. (Cipsoft, MMORPG)","Cipsoft: Tibia gets infinitely difficult bosses. The summer update for Tibia brings boss fights with theoretically unlimited increasing difficulty and the most powerful weapons in the game. (Cipsoft, MMORPG)","Cipsoft: Tibia infinite difficilis bullas accipit. Aestas renovatio pro Tibia bulla pugnat cum theoretice illimitata difficultate augendo et armis validissimis in ludo. (Cipsoft, MMORPG)",2026-07-27 17:04:32+00:00
ac230e395f0bb1aaeb0c9044d290d3c5,2026-07-21T09:29:58Z,'Sommer',www.zeit.de,de,0.9,Pferdeherde: «Zähe» Liebenthaler Wildpferde kommen gut durch den Sommer,Hier finden Sie Informationen zu dem Thema „Pferdeherde“. Lesen Sie jetzt „«Zähe» Liebenthaler Wildpferde kommen gut durch den Sommer“.,https://www.zeit.de/news/2026-07/21/zaehe-liebenthaler-wildpferde-kommen-gut-durch-den-sommer,https://img.zeit.de/news/2026-07/21/zaehe-liebenthaler-wildpferde-kommen-gut-durch-den-sommer-image-group/wide__1300x731,http://web.archive.org/web/20260722064106/https://www.zeit.de/news/2026-07/21/zaehe-liebenthaler-wildpferde-kommen-gut-durch-den-sommer,Drückende Hitze und heftige Niederschläge: Die Wildpferde in Liebenthal (Landkreis Oberhavel) kommen trotz Wetterextremen gut durch den Sommer. «Die Liebenthaler sind sehr robuste und widerstandsfähi… [+1179 chars],,Pferdeherde: «Zähe» Liebenthaler Wildpferde kommen gut durch den Sommer. Hier finden Sie Informationen zu dem Thema „Pferdeherde“. Lesen Sie jetzt „«Zähe» Liebenthaler Wildpferde kommen gut durch den Sommer“.,Horse herd: “Tough” Liebenthal wild horses get through the summer well. Here you will find information on the topic of “horse herds”. Now read “Tough” Liebenthal wild horses get through the summer well”.,"Equus armentum: ""lentus"" Liebenthal equi feri per aestatem bene. Hic informationes invenies in argumento ""armentorum equorum"". Nunc lege ""lentus"" Liebenthal equi feri per aestatem bene obtinent.",2026-07-27 17:04:32+00:00
ff904de3a9a5287f9b2afdd1866e46fd,2026-07-22T14:48:11Z,'Sommer',www.zeit.de,de,0.9,"Death Cab for Cutie: Damals im Sommer, alles war Musik",Die Indieband Death Cab for Cutie gehörte zum Soundtrack der Nullerjahre. Jetzt hat sie ein neues Album. Nur die Erinnerung an früher ist so viel schöner.,https://www.zeit.de/2026/32/death-cab-for-cutie-transatlanticism-indie-rock-sommer,https://img.zeit.de/2026/32/damals-im-sommer-alles-war-musik-bild-1/wide__1300x731,http://web.archive.org/web/20260723021337/https://www.zeit.de/2026/32/death-cab-for-cutie-transatlanticism-indie-rock-sommer,"Schließen
Artikelzusammenfassung
Ein neues Death-Cab-for-Cutie-Album katapultiert den Autor zurück in den Sommer 2006. In einer rasanten Rückblende mixt der Text Indie-Soundtrack, iPod-Euphorie, My… [+1307 chars]",,"Death Cab for Cutie: Damals im Sommer, alles war Musik. Die Indieband Death Cab for Cutie gehörte zum Soundtrack der Nullerjahre. Jetzt hat sie ein neues Album. Nur die Erinnerung an früher ist so viel schöner.","Death Cab for Cutie: Back in the summer, everything was music. The indie band Death Cab for Cutie was part of the soundtrack of the noughties. Now she has a new album. Just the memory of the past is so much nicer.",Mors Cab pro Cutie: Back aestate omnia musica erant. Indie band Death Cab for Cutie was part of soundtrack of the noughtes. Nunc novum album habet. Quemadmodum praeteritorum memoria tanto mitior est.,2026-07-27 17:04:32+00:00
51913e441045a33ce89320b0c56798ce,2026-07-23T04:32:41Z,'Sommer',www.zeit.de,de,0.9,Wetter: Norddeutschland: Sommer bleibt launisch mit Sonne und Regen,Hier finden Sie Informationen zu dem Thema „Wetter“. Lesen Sie jetzt „Norddeutschland: Sommer bleibt launisch mit Sonne und Regen“.,https://www.zeit.de/news/2026-07/23/norddeutschland-sommer-bleibt-launisch-mit-sonne-und-regen,https://img.zeit.de/news/2026-07/23/norddeutschland-sommer-bleibt-launisch-mit-sonne-und-regen-image-group/wide__1300x731,http://web.archive.org/web/20260723231835/https://www.zeit.de/news/2026-07/23/norddeutschland-sommer-bleibt-launisch-mit-sonne-und-regen,Die nächsten Tage zeigen sich im Norden wechselhaft. In Hamburg und Schleswig-Holstein bleibt es am Donnerstag meist sonnig und trocken. Es kann sich jedoch zeitweise bewölken und einzelne Schauer si… [+1350 chars],,Wetter: Norddeutschland: Sommer bleibt launisch mit Sonne und Regen. Hier finden Sie Informationen zu dem Thema „Wetter“. Lesen Sie jetzt „Norddeutschland: Sommer bleibt launisch mit Sonne und Regen“.,Weather: Northern Germany: Summer remains moody with sun and rain. Here you will find information on the topic of “weather”. Read “Northern Germany: Summer remains moody with sun and rain” now.,"Tempestas: Germania septentrionalis: Aestas tristis cum sole et pluvia manet. Hic informationes invenies in argumento ""tempestatis"". Lege ""Septentrionalem Germaniam: Aestas tristis manet cum sole et pluvia"" nunc.",2026-07-27 17:04:32+00:00
dc0a39e547b7d9a1b254e111fcdc9977,2026-07-03T05:30:00Z,'Sommer',www.faz.net,de,0.9,"Klimaanpassung in Frankfurt: Rathenauplatz erhält Hochbeete, aber kein Dach",Heiße Sommer machen es notwendig: Die Stadt Frankfurt gestaltet einen steinernen Platz in der Innenstadt mit einer artenreichen Bepflanzung um.,https://www.faz.net/aktuell/rhein-main/frankfurt/klimawandel-in-frankfurt-ein-steinerner-platz-wird-begruent-accg-200990412.html,https://media0.faz.net/image/w1200h627/bce31220bac6/w5794h3027x0y418o/202606/43601.0.2276651547/fuer-wochen-eine-baustelle-der.webp,http://web.archive.org/web/20260703062405/https://www.faz.net/aktuell/rhein-main/frankfurt/klimawandel-in-frankfurt-ein-steinerner-platz-wird-begruent-accg-200990412.html,"Auf dem Goetheplatz wurde in den vergangenen Monaten einiges verbessert: Die Fläche ist jetzt heller, die Bäume werden mit modernster Technik bewässert, und vor dem Goethe-Denkmal sorgen großzügig an… [+4706 chars]",,"Klimaanpassung in Frankfurt: Rathenauplatz erhält Hochbeete, aber kein Dach. Heiße Sommer machen es notwendig: Die Stadt Frankfurt gestaltet einen steinernen Platz in der Innenstadt mit einer artenreichen Bepflanzung um.","Climate adaptation in Frankfurt: Rathenauplatz receives raised beds, but no roof. Hot summers make it necessary: ​​The city of Frankfurt is redesigning a stone square in the city center with species-rich plants.","Clima adaptatio in Frankfurt: Rathenauplatz suscipit lectos erectos, sed nullum tectum. Aestates calidae necessariam faciunt: Urbs Francofurtensis in centrum lapideum quadrangulum civitatis cum plantarum speciebus locupletibus redsignat.",2026-07-29 07:48:17+00:00
8171cb35f963f21d8dc0e84153c3ff10,2026-07-06T11:56:02Z,'Sommer',www.zeit.de,de,0.9,"Fußball-Nationalmannschaft: Klopp, Red Bull, Nagelsmann: Ein teurer Sommer für den DFB","Hier finden Sie Informationen zu dem Thema „Fußball-Nationalmannschaft“. Lesen Sie jetzt „Klopp, Red Bull, Nagelsmann: Ein teurer Sommer für den DFB“.",https://www.zeit.de/news/2026-07/06/klopp-red-bull-nagelsmann-ein-teurer-sommer-fuer-den-dfb,https://img.zeit.de/news/2026-07/06/klopp-red-bull-nagelsmann-ein-teurer-sommer-fuer-den-dfb-image-group/wide__1300x731,http://web.archive.org/web/20260706185209/https://www.zeit.de/news/2026-07/06/klopp-red-bull-nagelsmann-ein-teurer-sommer-fuer-den-dfb,"Jürgen Klopp will. Der DFB will. Aber wie hoch wird die Zeche des Verbandes für die Partnerschaft mit dem Bundestrainer in spe, der mit seiner Strahlkraft, seinen Motivationskünsten und seiner Fixier… [+5808 chars]",,"Fußball-Nationalmannschaft: Klopp, Red Bull, Nagelsmann: Ein teurer Sommer für den DFB. Hier finden Sie Informationen zu dem Thema „Fußball-Nationalmannschaft“. Lesen Sie jetzt „Klopp, Red Bull, Nagelsmann: Ein teurer Sommer für den DFB“.","National football team: Klopp, Red Bull, Nagelsmann: An expensive summer for the DFB. Here you will find information on the topic of “National Football Team”. Now read “Klopp, Red Bull, Nagelsmann: An expensive summer for the DFB”.","Turma pediludii nationalis: Klopp, Bulla rubra, Nagelsmann: Aestas pretiosa pro DFB. Hic informationes invenies in themate ""National Football Team"". Nunc legitur ""Klopp, Bulla rubra, Nagelsmann: Aestas pretiosa pro DFB"".",2026-07-29 07:48:17+00:00
cd9b6579ee0cd9db2a7e4a5ba55ffd72,2026-07-12T01:45:05Z,'Sommer',www.zeit.de,de,0.9,Musik vor historischer Kulisse: Rattle dirigiert Mega-Konzert beim 40. «Kissinger Sommer»,Hier finden Sie Informationen zu dem Thema „Musik vor historischer Kulisse“. Lesen Sie jetzt „Rattle dirigiert Mega-Konzert beim 40. «Kissinger Sommer»“.,https://www.zeit.de/news/2026-07/12/rattle-dirigiert-mega-konzert-beim-40-kissinger-sommer,https://img.zeit.de/news/2026-07/12/rattle-dirigiert-mega-konzert-beim-40-kissinger-sommer-image-group/wide__1300x731,http://web.archive.org/web/20260712044937/https://www.zeit.de/news/2026-07/12/rattle-dirigiert-mega-konzert-beim-40-kissinger-sommer,Stardirigent Sir Simon Rattle wird mit dem Symphonieorchester des Bayerischen Rundfunks am heutigen Sonntag den 40. Geburtstag des renommierten Musikfestivals «Kissinger Sommer» feiern. Die Besucher … [+1537 chars],,Musik vor historischer Kulisse: Rattle dirigiert Mega-Konzert beim 40. «Kissinger Sommer». Hier finden Sie Informationen zu dem Thema „Musik vor historischer Kulisse“. Lesen Sie jetzt „Rattle dirigiert Mega-Konzert beim 40. «Kissinger Sommer»“.,Music against a historical backdrop: Rattle conducts a mega concert at the 40th “Kissinger Sommer”. Here you will find information on the topic of “Music against a historical backdrop”. Now read “Rattle conducts mega concert at the 40th “Kissinger Sommer””.,"Musica contra historicam exo- ram: crepitatio mega concentus agit in XL ""Kissinger Sommer"". Hic invenies informationes de argumento ""Musicae contra historicum"". Nunc legitur ""Rattle concentus mega agit ad XL ""Kissinger Sommer"".",2026-07-29 07:48:17+00:00
9833ae67b2a6b48739d5904696e7cdd0,2026-07-12T08:13:17Z,'Sommer',www.faz.net,de,0.9,Hessen: Mehr Badetote im Hitzemonat Juni,"Sommer, Sonne, Hitzewelle – und so viele Ertrunkene wie selten. Warum gerade junge Männer besonders oft im Wasser ums Leben kommen und wie man sich schützen kann.",https://www.faz.net/aktuell/rhein-main/region-und-hessen/99-tote-in-hessen-mehr-toedliche-badeunfaelle-im-hitzemonat-juni-accg-201021692.html,https://media0.faz.net/image/w1200h627/8112c172e79e/w5430h2837x0y625o/202607/43601.0.2325369960/99-menschen-kamen-in-hessen.webp,http://web.archive.org/web/20260713054522/https://www.faz.net/aktuell/rhein-main/region-und-hessen/99-tote-in-hessen-mehr-toedliche-badeunfaelle-im-hitzemonat-juni-accg-201021692.html,Im vergangenen Monat mit seiner rekordverdächtigen Hitzewelle sind in Hessen sechs Menschen ertrunken im Juni 2025 waren es nur vier. Das geht aus der Bilanz der Deutschen Lebens-Rettungs-Gesellschaf… [+2157 chars],,"Hessen: Mehr Badetote im Hitzemonat Juni. Sommer, Sonne, Hitzewelle – und so viele Ertrunkene wie selten. Warum gerade junge Männer besonders oft im Wasser ums Leben kommen und wie man sich schützen kann.","Hesse: More bathing deaths in the hot month of June. Summer, sun, heat wave – and more drownings than ever before. Why young men in particular often die in the water and how you can protect yourself.","Hassiae: Plures perfundunt funesti calidos mense Iunio. Aestas, sol, aestus fluctus — submersiones magis quam umquam antea. Quare potissimum iuvenes in aqua saepe moriuntur et quomodo te tueri possis.",2026-07-29 07:48:17+00:00
f35042d32e738fe1286cbb25c4546a66,2026-07-12T12:01:53Z,'Sommer',www.zeit.de,de,0.9,"Schutz vor Hitze: Drinnen ist besser, selbst im Sommer. Kapiert ihr jetzt auch, oder?","Vielen dämmert langsam, was unser Autor schon immer wusste: Die Deutschen haben die Sonne lang überschätzt. Hört ihn an, liebe Draußen-Junkies. Er weiß, wovon er spricht.",https://www.zeit.de/2026/30/schutz-hitze-drinnen-sommer-hitzewelle-gesundheit,https://img.zeit.de/2026/30/in-ist-wer-drin-ist-bild-1/wide__1300x731,http://web.archive.org/web/20260713035610/https://www.zeit.de/2026/30/schutz-hitze-drinnen-sommer-hitzewelle-gesundheit,"Dieser Artikel ist Teil von ZEIT am Wochenende, Ausgabe 28/2026. 
Zu den größten Freuden des Lebens gehört es, recht zu haben. Es bringt nur nichts, wenn niemand davon erfährt. Deshalb gibt es diese… [+456 chars]",,"Schutz vor Hitze: Drinnen ist besser, selbst im Sommer. Kapiert ihr jetzt auch, oder?. Vielen dämmert langsam, was unser Autor schon immer wusste: Die Deutschen haben die Sonne lang überschätzt. Hört ihn an, liebe Draußen-Junkies. Er weiß, wovon er spricht.","Protection from heat: Indoors is better, even in summer. You get it now, right? Many people are slowly realizing what our author always knew: the Germans have long overestimated the sun. Listen to him, dear outdoor junkies. He knows what he's talking about.","Tutela ab aestu: Melius domesticas, etiam aestate. Nunc id possides, iure? Multi homines tarde cognoscunt quod auctor noster semper novit: solem Germani diu plus aequo extulerunt. Ipsum auscultate, mi velit junkies. Novit quid loquitur.",2026-07-29 07:48:17+00:00
f87287e744e2f4c9063ced30d4f9d7b2,2026-07-13T08:46:13Z,'Sommer',www.faz.net,de,0.9,Immobilien im Wandel: Hitzewellen fordern Europas Städte heraus,"Schatten, Pflanzen und Klimaanlagen: Städte bemühen sich um Abkühlung im Sommer. Wie reagieren andere Länder auf die Hitze?",https://www.faz.net/aktuell/wirtschaft/immobilien-wohnen/energie-heizung/schatten-baeume-klimaanlagen-staedte-wappnen-sich-gegen-die-hitze-accg-200987435.html,https://media0.faz.net/image/w1200h627/178a2fc69fb7/w5635h2944x0y363o/202607/43601.0.2289889037/wasserspiele-im-madrid-rio.webp,,"Im Sommer kommt es zu immer neuen Hitzerekorden. Vor allem in den belebten Städten steigen die Temperaturen an. Viel Beton, wenig Grünflächen: Der urbane Raum heizt sich tendenziell auf. Das stellt d… [+14081 chars]",,"Immobilien im Wandel: Hitzewellen fordern Europas Städte heraus. Schatten, Pflanzen und Klimaanlagen: Städte bemühen sich um Abkühlung im Sommer. Wie reagieren andere Länder auf die Hitze?","Real estate in transition: heat waves challenge Europe's cities. Shade, plants and air conditioning: cities strive to cool down in summer. How are other countries reacting to the heat?","Realis praedium in transitu: fluctus aestus civitates Europae provocant. Umbra, plantae et caeli condiciones: urbes aestate refrigerari contendunt. Quomodo in aliis regionibus calori gravissimo?",2026-07-29 07:48:17+00:00
8f8debe259bb9b6d82b5c439ca85c30c,2026-07-14T10:46:45Z,'Sommer',www.zeit.de,de,0.9,2023 Intermezzo beim FC Bayern: Torwart Yann Sommer wechselt von Mailand nach Brügge,Hier finden Sie Informationen zu dem Thema „2023 Intermezzo beim FC Bayern“. Lesen Sie jetzt „Torwart Yann Sommer wechselt von Mailand nach Brügge“.,https://www.zeit.de/news/2026-07/14/torwart-yann-sommer-wechselt-von-mailand-nach-bruegge,https://img.zeit.de/news/2026-07/14/torwart-yann-sommer-wechselt-von-mailand-nach-bruegge-image-group/wide__1300x731,http://web.archive.org/web/20260726213857/https://www.zeit.de/news/2026-07/14/torwart-yann-sommer-wechselt-von-mailand-nach-bruegge,"Der frühere Bundesliga-Torhüter Yann Sommer setzt seine Karriere beim belgischen Fußball-Meister FC Brügge fort. Der 37-Jährige unterschrieb einen Vertrag bis zum 30. Juni 2029, wie der Champions-Lea… [+904 chars]",,2023 Intermezzo beim FC Bayern: Torwart Yann Sommer wechselt von Mailand nach Brügge. Hier finden Sie Informationen zu dem Thema „2023 Intermezzo beim FC Bayern“. Lesen Sie jetzt „Torwart Yann Sommer wechselt von Mailand nach Brügge“.,2023 Intermezzo at FC Bayern: Goalkeeper Yann Sommer moves from Milan to Bruges. Here you will find information on the topic “2023 Intermezzo at FC Bayern”. Now read “Goalkeeper Yann Sommer moves from Milan to Bruges”.,"2023 Intermezzo in FC Bayern: Calpe Yann Sommer a Mediolano ad Brugas movet. Hic informationes invenies in themate ""2023 Intermezzo apud FC Bayern"". Nunc legitur ""Calpis Yann Sommer e Mediolano ad Brugas movet"".",2026-07-29 07:48:17+00:00
4811d04afd8096a6d9811af8a2bc7542,2026-07-14T14:23:04Z,'Sommer',www.zeit.de,de,0.9,Wasserverbrauch in München: München verbietet Rasenbewässerung und Befüllen von Pools,Ein trockenes Frühjahr und der heiße Sommer bringen Münchens Wasserversorgung an ihre Grenzen. Die Stadt steuert mit Verboten gegen – bei Verstößen drohen hohe Bußgelder.,https://www.zeit.de/wissenschaft/umwelt/2026-07/wasserverbrauch-muenchen-trockenheit-verbote-allgemeinverfuegung,https://img.zeit.de/wissenschaft/umwelt/2026-07/wasserverbrauch-muenchen-trockenheit-verbote-allgemeinverfuegung-foto-1/wide__1300x731,http://web.archive.org/web/20260715031320/https://www.zeit.de/wissenschaft/umwelt/2026-07/wasserverbrauch-muenchen-trockenheit-verbote-allgemeinverfuegung,"Wegen der angespannten Wasserversorgung in den heißen Sommerwochen hat die Stadt München Verbote erlassen. Private Pools dürfen ab sofort nicht mehr befüllt und Rasen nicht länger bewässert werden, w… [+3133 chars]",,Wasserverbrauch in München: München verbietet Rasenbewässerung und Befüllen von Pools. Ein trockenes Frühjahr und der heiße Sommer bringen Münchens Wasserversorgung an ihre Grenzen. Die Stadt steuert mit Verboten gegen – bei Verstößen drohen hohe Bußgelder.,Water consumption in Munich: Munich prohibits watering lawns and filling pools. A dry spring and hot summer are pushing Munich's water supply to its limits. The city is counteracting this with bans - violations can result in high fines.,Consumptio aquae in Munich: Munich saltus rigare vetat et stagna replere. Vere sicca et calida aestas Monacensis aquae copiam ad suos fines impellunt. Civitas huic cum bannis contrariatur - violationes in magnas multas res consequuntur.,2026-07-29 07:48:17+00:00
f2f42fb2a1eaf13c1764c933c7edc789,2026-07-15T03:00:25Z,'Sommer',www.zeit.de,de,0.9,Auftritt in Berlin: Wie schlägt sich Merz bei seiner Sommer-Pressekonferenz?,Hier finden Sie Informationen zu dem Thema „Auftritt in Berlin“. Lesen Sie jetzt „Wie schlägt sich Merz bei seiner Sommer-Pressekonferenz?“.,https://www.zeit.de/news/2026-07/15/wie-schlaegt-sich-merz-bei-seiner-sommer-pressekonferenz,https://img.zeit.de/news/2026-07/15/wie-schlaegt-sich-merz-bei-seiner-sommer-pressekonferenz-image-group/wide__1300x731,http://web.archive.org/web/20260716021517/https://www.zeit.de/news/2026-07/15/wie-schlaegt-sich-merz-bei-seiner-sommer-pressekonferenz,"Die gerade auf den Weg gebrachten Reformen, die bevorstehenden Landtagswahlen und die Kriege in der Ukraine und zwischen den USA und dem Iran: Bei Friedrich Merz' zweiter Sommer-Pressekonferenz als B… [+4722 chars]",,Auftritt in Berlin: Wie schlägt sich Merz bei seiner Sommer-Pressekonferenz?. Hier finden Sie Informationen zu dem Thema „Auftritt in Berlin“. Lesen Sie jetzt „Wie schlägt sich Merz bei seiner Sommer-Pressekonferenz?“.,Appearance in Berlin: How is Merz doing at his summer press conference? Here you will find information on the topic of “Appearance in Berlin”. Now read “How is Merz doing at his summer press conference?”,"Aspectus in Berlin: Quomodo Merz in colloquio torculari suo agit? Hic informationes invenies de argumento ""Aspectoris Berolini"". Nunc legitur ""Quomodo Merz in colloquio torculari sui facit?""",2026-07-29 07:48:17+00:00
752b30bb82a5c9ab177b2471b97d7fb6,2026-07-15T07:29:18Z,'Sommer',www.zeit.de,de,0.9,Volkswagen-Krise: Der nette Olli kann auch anders,"VW-Chef Oliver Blume hat einen radikalen Plan vorgelegt, um das Unternehmen zu retten. Doch die Arbeitnehmer wehren sich. Wird Blume den Sommer überstehen?",https://www.zeit.de/2026/31/vw-oliver-blume-rettungsplan-kostensenkung-aufsichtsrat,https://img.zeit.de/2026/31/der-nette-olli-kann-auch-anders-bild-2/wide__1300x731,,"Um zu verstehen, in welcher Bredouille der Volkswagen-Konzernchef gerade steckt, hilft die Lektüre einer Sonderausgabe der Betriebsratszeitung. Am vergangenen Samstag ist das Blatt erschienen, es trä… [+344 chars]",,"Volkswagen-Krise: Der nette Olli kann auch anders. VW-Chef Oliver Blume hat einen radikalen Plan vorgelegt, um das Unternehmen zu retten. Doch die Arbeitnehmer wehren sich. Wird Blume den Sommer überstehen?",Volkswagen crisis: Nice Olli can do something different. VW boss Oliver Blume has presented a radical plan to save the company. But the workers are fighting back. Will flowers survive the summer?,Discrimen Volkswagen: Nice Olli aliud facere potest. VW bulla Oliver Blume consilium fundamentale servandi societatis obtulit. operarii autem pugnant. Floresne superant aestatis?,2026-07-29 07:48:17+00:00
6708879a8cc920359b652580c084680a,2026-07-15T14:17:04Z,'Sommer',www.faz.net,de,0.9,England im WM-Halbfinale: Der rätselhafte Thomas-Tuchel-Sommer,Thomas Tuchel bleibt trotz des Einzugs der Engländer ins WM-Halbfinale ein widersprüchliches Phänomen. Der extrovertierte Stratege sorgt mit seiner Kommunikation immer wieder für Kontroversen.,https://www.faz.net/aktuell/sport/fussball-wm/fussball-wm-2026-england-trainer-thomas-tuchel-zwischen-genie-und-wahnsinn-201028459.html,https://media0.faz.net/image/w1200h627/84488eef8078/w2099h1096x0y141o/202607/43601.0.2332885861/zwischen-genie-und-wahnsinn.webp,,"Das Unheimliche ist auch jetzt, vier Tage vor dem Ende dieses ewig langen Thomas-Tuchel-Sommers, noch nicht verflogen. Seit fast acht Wochen steht der Trainer im Mittelpunkt des englischen WM-Projekt… [+6455 chars]",,England im WM-Halbfinale: Der rätselhafte Thomas-Tuchel-Sommer. Thomas Tuchel bleibt trotz des Einzugs der Engländer ins WM-Halbfinale ein widersprüchliches Phänomen. Der extrovertierte Stratege sorgt mit seiner Kommunikation immer wieder für Kontroversen.,"England in the World Cup semi-finals: The enigmatic Thomas Tuchel summer. Despite England reaching the World Cup semi-finals, Thomas Tuchel remains a contradictory phenomenon. The extroverted strategist always causes controversy with his communication.","Anglia in Trophaeo Mundi in semi- finalibus: Summa aenigmata Thomae Tuchel. Quamvis Anglia ad Mundum Calicem semi-finalem attingat, Thomas Tuchel phaenomenon contradictorium manet. Strategista extraneus semper controversiam cum communicatione sua causat.",2026-07-29 07:48:17+00:00
3c14afa2347490e1fb8fc1eb076f3687,2026-07-15T16:32:24Z,'Sommer',www.zeit.de,de,0.9,Friedrich Merz: Gesucht wird ein Gefühl,"Zuversichtlich, unbeirrt, einverstanden mit sich selbst. So geht der Kanzler in den Sommer. Doch beim letzten Auftritt in Berlin gibt es auch Spuren von Selbstkritik.",https://www.zeit.de/politik/deutschland/2026-07/friedrich-merz-pressekonferenz-sommer-kommunikation-bundeskanzler,https://img.zeit.de/politik/deutschland/2026-07/friedrich-merz-pressekonferenz-sommer-kommunikation-bundeskanzler-bild/wide__1300x731,http://web.archive.org/web/20260715174127/https://www.zeit.de/politik/deutschland/2026-07/friedrich-merz-pressekonferenz-sommer-kommunikation-bundeskanzler,"Macht ihm das hier Spaß? Schwer zu sagen. Wenn, dann verbirgt der Kanzler es ganz gut. 
Mit viel hochgezogenen Stirnfalten und entschlossen bis ernstem Gesichtsausduck fräst Friedrich Merz sich durc… [+613 chars]",,"Friedrich Merz: Gesucht wird ein Gefühl. Zuversichtlich, unbeirrt, einverstanden mit sich selbst. So geht der Kanzler in den Sommer. Doch beim letzten Auftritt in Berlin gibt es auch Spuren von Selbstkritik.","Friedrich Merz: What we are looking for is a feeling. Confident, undeterred, happy with himself. This is how the Chancellor goes into the summer. But at the last appearance in Berlin there were also traces of self-criticism.","FRIDERICUS Merz: Quod quaerimus, affectus est. Confidens, deterritus, laetus. Ita cancellarius aestatem intrat. Sed in ultimo aspectu Berolinensi etiam vestigia propriae criticae fuerunt.",2026-07-29 07:48:17+00:00
377a72703eea95a47b7af8fe0d162c43,2026-07-19T09:13:26Z,'Sommer',www.zeit.de,de,0.9,Joghurt-Semifreddo mit Amaretto-Kirschen: Im Sommer darf es schneller gehen,Ein »echtes« Semifreddo braucht mehrere Stunden. Die wollen wir an 30-Grad-Tagen nicht in der Küche sein! Also kürzt diese Variante ab. Erfrischt aber wie das Original!,https://www.zeit.de/zeit-magazin/wochenmarkt/2026-07/joghurt-semifreddo-amaretto-kirschen-rezept-wochenmarkt,https://img.zeit.de/zeit-magazin/wochenmarkt/2026-07/joghurt-semifreddo-amaretto-kirschen-rezept-wochenmarkt-bild/wide__1300x731,http://web.archive.org/web/20260720032857/https://www.zeit.de/zeit-magazin/wochenmarkt/2026-07/joghurt-semifreddo-amaretto-kirschen-rezept-wochenmarkt,"Wer schwitzend zu Hause sitzt und keine Kraft mehr hat, zur nächsten Eisdiele zu laufen, kann sich mit diesem Joghurt-Semifreddo in der eigenen Küche erfrischen. Streng genommen ist es zwar kein klas… [+491 chars]",,Joghurt-Semifreddo mit Amaretto-Kirschen: Im Sommer darf es schneller gehen. Ein »echtes« Semifreddo braucht mehrere Stunden. Die wollen wir an 30-Grad-Tagen nicht in der Küche sein! Also kürzt diese Variante ab. Erfrischt aber wie das Original!,Yoghurt semifreddo with amaretto cherries: things can be done faster in summer. A “real” semifreddo takes several hours. We don't want them in the kitchen on 30 degree days! So this variant is shortened. Refreshing but like the original!,"Yoghurt semifreddo cum amaretto cerasa: res aestate citius fieri possunt. ""Verus"" semifreddo aliquot horas accipit. Nolumus in culina diebus XXX gradus! Haec itaque variantia abbreviata est. Refrigerium sed sicut original!",2026-07-29 07:48:17+00:00
8da582571b7147b40fd61b0fe19a7ef2,2026-07-19T10:38:03Z,'Sommer',www.zeit.de,de,0.9,Fußball-Nationalmannschaft: Klopp und Kakerlaken: Final-Showdown für deutschen WM-Sommer,Hier finden Sie Informationen zu dem Thema „Fußball-Nationalmannschaft“. Lesen Sie jetzt „Klopp und Kakerlaken: Final-Showdown für deutschen WM-Sommer“.,https://www.zeit.de/news/2026-07/19/klopp-und-kakerlaken-final-showdown-fuer-deutschen-wm-sommer,https://img.zeit.de/news/2026-07/19/klopp-und-kakerlaken-final-showdown-fuer-deutschen-wm-sommer-image-group/wide__1300x731,http://web.archive.org/web/20260720034250/https://www.zeit.de/news/2026-07/19/klopp-und-kakerlaken-final-showdown-fuer-deutschen-wm-sommer,In ein paar Tagen hat Deutschland wieder einen Bundestrainer. Da sind sich alle sicher. Bei der großen Final-Show zwischen Lionel Messis Argentinien und Lamine Yamals Spanien blieb den deutschen Fußb… [+5456 chars],,Fußball-Nationalmannschaft: Klopp und Kakerlaken: Final-Showdown für deutschen WM-Sommer. Hier finden Sie Informationen zu dem Thema „Fußball-Nationalmannschaft“. Lesen Sie jetzt „Klopp und Kakerlaken: Final-Showdown für deutschen WM-Sommer“.,National football team: Klopp and cockroaches: final showdown for the German World Cup summer. Here you will find information on the topic of “National Football Team”. Read “Klopp and Cockroaches: Final showdown for Germany’s World Cup summer” now.,"Turma pediludii nationalis: Klopp et cockroaches: finalis showdown pro aestate Mundi Germanici Calicem. Hic informationes invenies in themate ""National Football Team"". Lege ""Klopp et Cockroaches: final showdown for Germania's World Cup aestate"" nunc.",2026-07-29 07:48:17+00:00
523ac6107dcd7c480b761cc0e1fc51a8,2026-07-20T13:21:28Z,'Sommer',www.zeit.de,de,0.9,Punk-Sommer 2026: Demos und Dosenbier: Punk-Camp auf Sylt gestartet,Hier finden Sie Informationen zu dem Thema „Punk-Sommer 2026“. Lesen Sie jetzt „Demos und Dosenbier: Punk-Camp auf Sylt gestartet“.,https://www.zeit.de/news/2026-07/20/demos-und-dosenbier-punk-camp-auf-sylt-gestartet,https://img.zeit.de/news/2026-07/20/demos-und-dosenbier-punk-camp-auf-sylt-gestartet-image-group/wide__1300x731,http://web.archive.org/web/20260720150450/https://www.zeit.de/news/2026-07/20/demos-und-dosenbier-punk-camp-auf-sylt-gestartet,"Mit Flaggen, Bannern, Zelten und auch einigen Bierdosen ist auf Sylt das Punk-Protestcamp gestartet - nach einem juristischen Tauziehen um die Verhinderung des Treffens. Rund 40 Zelte standen zum Sta… [+3420 chars]",,Punk-Sommer 2026: Demos und Dosenbier: Punk-Camp auf Sylt gestartet. Hier finden Sie Informationen zu dem Thema „Punk-Sommer 2026“. Lesen Sie jetzt „Demos und Dosenbier: Punk-Camp auf Sylt gestartet“.,Punk summer 2026: Demos and canned beer: Punk camp started on Sylt. Here you will find information on the topic “Punk Summer 2026”. Read “Demos and canned beer: Punk camp started on Sylt” now.,"Punk aestas 2026: Demos et cerevisia canned: Punk castra in Sylt inceperunt. Hic informationes invenies in themate ""Punk Summer 2026"". Lege ""Demos et canned cervisiam: Punk castra in Sylt incepit"" nunc.",2026-07-29 07:48:17+00:00
82570661d2d73af985fbce7bfcb44445,2026-07-22T04:45:04Z,'Sommer',www.zeit.de,de,0.9,US-Zölle: Trump droht mit Zöllen auf Arznei-Generika ab Sommer 2028,Bereits im Frühjahr hatte der US-Präsident hohe Zölle auf Markenmedikamente angekündigt. Ab 2028 sollen nun auch günstige Nachahmerpräparate betroffen sein.,https://www.zeit.de/politik/ausland/2026-07/donald-trump-zoelle-arzneimittel-generika-usa,https://img.zeit.de/politik/ausland/2026-07/donald-trump-zoelle-arzneimittel-generika-usa-foto-1/wide__1300x731,http://web.archive.org/web/20260722045245/https://www.zeit.de/politik/ausland/2026-07/donald-trump-zoelle-arzneimittel-generika-usa,US-Präsident Donald Trump hat für Sommer 2028 hohe Zölle auf importierte Generika angekündigt und damit den Druck auf Arzneimittelhersteller verschärft. Ab dem 1. August 2026 blieben Generika für zwe… [+789 chars],,US-Zölle: Trump droht mit Zöllen auf Arznei-Generika ab Sommer 2028. Bereits im Frühjahr hatte der US-Präsident hohe Zölle auf Markenmedikamente angekündigt. Ab 2028 sollen nun auch günstige Nachahmerpräparate betroffen sein.,"US tariffs: Trump is threatening tariffs on generic drugs from the summer of 2028. The US President had already announced high tariffs on branded drugs in the spring. From 2028, cheap copycat products will also be affected.","Portoriis US: Trump minitatur portoria genericis medicamentis ab aestate anni 2028. Praeses US praesidia iam portoria de notatis medicamentis in vere denuntiavit. Ex 2028, vilis copycat producta etiam afficietur.",2026-07-29 07:48:17+00:00
64f7b601559319dc9e13fc332d891622,2026-07-22T16:42:33Z,'Sommer',www.zeit.de,de,0.9,Erdnusseis: Der kühlste Trick dieses Sommers,"Kagna ist ein Erdnussdessert in Würfelform und der beliebteste Snack in Westafrika. Traditionell wird er mit Joghurt gegessen, doch Eis passt im Sommer noch besser.",https://www.zeit.de/zeit-magazin/wochenmarkt/2026-07/erdnusseis-kagna-crumble-rezept-wochenmarkt,https://img.zeit.de/zeit-magazin/wochenmarkt/2026-07/erdnusseis-bild-bild/wide__1300x731,http://web.archive.org/web/20260722235737/https://www.zeit.de/zeit-magazin/wochenmarkt/2026-07/erdnusseis-kagna-crumble-rezept-wochenmarkt,"Der Clou dieser simpel anmutenden Köstlichkeit liegt in der raffinierten Zubereitung zweier Zutaten, die vielen in dieser Kombination neu sein dürfte. Es sei denn, man stammt aus Westafrika, dann leu… [+788 chars]",,"Erdnusseis: Der kühlste Trick dieses Sommers. Kagna ist ein Erdnussdessert in Würfelform und der beliebteste Snack in Westafrika. Traditionell wird er mit Joghurt gegessen, doch Eis passt im Sommer noch besser.","Peanut Ice Cream: This Summer's Coolest Trick. Kagna is a cube-shaped peanut dessert and is the most popular snack in West Africa. Traditionally it is eaten with yogurt, but ice cream goes even better in summer.","Ice Cream eros: hoc est aestatis frigidissima Furta. Kagna est mensa eros cubica informibus et est popularis quaerunt in Africa occidentali. Traditionaliter estur cum yogurt, sed glacies cremor melius aestate accedit.",2026-07-29 07:48:17+00:00
f450f2426b2745ac3613d47e2629c319,2026-07-22T16:53:27Z,'Sommer',stadt-bremerhaven.de,de,0.9,Tesla Sommer Update 2026: Das steckt drin,"Tesla hat die neuen Funktionen und Änderungen bekanntgegeben, welche Bestandteil des größeren, traditionellen Sommer-Updates sind. Jenes ist nach dem Holiday Update im...Zum Beitrag: Tesla Sommer Update 2026: Das steckt drin

Wo du uns folgen kannst:
Facebook…",https://stadt-bremerhaven.de/tesla-sommer-update-2026-das-steckt-drin/,https://stadt-bremerhaven.de/wp-content/uploads/2026/07/HNqWCl7bAAELLqI.jpg,,"Tesla hat die neuen Funktionen und Änderungen bekanntgegeben, welche Bestandteil des größeren, traditionellen Sommer-Updates sind. Jenes ist nach dem Holiday Update im Winter eines der umfangreichere… [+3658 chars]",,"Tesla Sommer Update 2026: Das steckt drin. Tesla hat die neuen Funktionen und Änderungen bekanntgegeben, welche Bestandteil des größeren, traditionellen Sommer-Updates sind. Jenes ist nach dem Holiday Update im...Zum Beitrag: Tesla Sommer Update 2026: Das steckt drin

Wo du uns folgen kannst:
Facebook…","Tesla Summer Update 2026: That's what's in it. Tesla has announced the new features and changes that are part of the larger, traditional summer update. This is after the Holiday Update in...To the article: Tesla Summer Update 2026: That's what's in it

Where you can follow us:
Facebook…","Tesla Aestiva Renovatio 2026: Hoc est quod in ea est. Tesla novas notas et mutationes pronuntiavit quae pars maior, traditionalis aestatis renovatio est. Hoc est post ferias Update in... Ad articulum: Tesla aestas MMXXVI: Hoc est quid in ea

Ubi nos sequi potes;
Facebook…",2026-07-29 07:48:17+00:00
e464dfe1b060bf2ccf13568f38990904,2026-07-23T07:22:42Z,'Sommer',www.zeit.de,de,0.9,"Antipastisalat mit Artischockenpesto: Gigantes gut, alles gut",Warum soll der Antipastiteller nicht gleich zum sättigenden Salat werden? Hier sorgt ein Pesto mit Oliven und Artischocken für den Zusammenhalt. Schmeckt nach Sommer.,https://www.zeit.de/zeit-magazin/wochenmarkt/2026-07/antipasti-salat-artischocken-pesto-rezept,https://img.zeit.de/zeit-magazin/wochenmarkt/2026-07/gigantes-gut-alles-gut-bils-1/wide__1300x731,http://web.archive.org/web/20260723231830/https://www.zeit.de/zeit-magazin/wochenmarkt/2026-07/antipasti-salat-artischocken-pesto-rezept,"Es gibt diese heißen Sommertage, wie wir sie in diesem Jahr schon mehrfach hatten, an denen ich nicht kochen will. Für solche Tage liebe ich Rezepte, die einem Salat ähnlich sind und zugleich gut sät… [+468 chars]",,"Antipastisalat mit Artischockenpesto: Gigantes gut, alles gut. Warum soll der Antipastiteller nicht gleich zum sättigenden Salat werden? Hier sorgt ein Pesto mit Oliven und Artischocken für den Zusammenhalt. Schmeckt nach Sommer.","Antipasti salad with artichoke pesto: gigantes good, everything good. Why shouldn't the antipasti plate become a filling salad? Here, a pesto with olives and artichokes keeps things together. Tastes like summer.","Antipasti ACETARIA cinare pesto: gigantes boni, omnia bona. Cur non debet lamina antipasti sem impleri? Hic pesto cum oleis et articholis res conservat. Tamquam aestate gustavit.",2026-07-29 07:48:17+00:00
42bdec2ce8e876279628896e6e781def,2026-07-24T03:43:23Z,'Blüte',www.zeit.de,de,0.9,Dill: Gurke und Dill? Traumpaar!,"Die Blütendolden sehen aus wie kleine Sonnenschirme und blühen jetzt: Dill gehört zum einfach Sommer dazu. Um geschmacklich zu imponieren, braucht er nicht viel.",https://www.zeit.de/zeit-magazin/wochenmarkt/2026-07/dill-sommer-gewuerz-rezept,https://img.zeit.de/zeit-magazin/wochenmarkt/2026-07/dill-sommer-gewuerz-fisch-rezept-teaser/wide__1300x731,http://web.archive.org/web/20260725054614/https://www.zeit.de/zeit-magazin/wochenmarkt/2026-07/dill-sommer-gewuerz-rezept,"Dill gehört für mich untrennbar zum Sommer dazu. Wenn die Pflanze ihre langen, beinahe holzige Stiele mit riesigen, sonnengelben Blütendolden austreibt, deutet alles darauf hin, dass der Hochsommer s… [+821 chars]",,"Dill: Gurke und Dill? Traumpaar!. Die Blütendolden sehen aus wie kleine Sonnenschirme und blühen jetzt: Dill gehört zum einfach Sommer dazu. Um geschmacklich zu imponieren, braucht er nicht viel.",Dill: Cucumber and dill? Dream couple! The flower umbels look like little parasols and are now blooming: dill is simply part of summer. It doesn't need much to impress in terms of taste.,Anethum: Cucumis et anetum? Somnium copulae! Umbellae floris instar parasolae parvae apparent et nunc florent; anethum solum pars aestatis est. Non multum opus est verbis gustus imprimere.,2026-07-29 07:48:17+00:00
ccb2ddbb04b4620d45e02181f28ae2bb,2026-07-25T04:00:06Z,'Sommer',www.zeit.de,de,0.9,Romane für den Sommer: Heinz Strunk und die Ehekrise,Wieso geht ein Paar jeden Abend in ein Restaurantschiff auf dem Neckar? Heinz Strunk weiß es. Außerdem: Ein Roman über das Aufwachsen im Coburg der Nachkriegszeit,https://www.zeit.de/feuilleton/2026-07/roman-sommer-heinz-strunk-ehekrise-kindheit-buecherpodcast,https://img.zeit.de/feuilleton/literatur/2026-07/memories-of-heidelberg-heinz-strunk-roman/wide__1300x731,http://web.archive.org/web/20260725161740/https://www.zeit.de/feuilleton/2026-07/roman-sommer-heinz-strunk-ehekrise-kindheit-buecherpodcast,"Eine Beziehung am Ende ihrer Laufzeit und eine gemeinsame Reise nach Heidelberg. Auf den ersten Blick: keine gute Kombination. Der Schriftsteller, Musiker, Moderator und Songwriter Heinz Strunk portr… [+1749 chars]",,Romane für den Sommer: Heinz Strunk und die Ehekrise. Wieso geht ein Paar jeden Abend in ein Restaurantschiff auf dem Neckar? Heinz Strunk weiß es. Außerdem: Ein Roman über das Aufwachsen im Coburg der Nachkriegszeit,Novels for the summer: Heinz Strunk and the marital crisis. Why does a couple go to a restaurant ship on the Neckar every evening? Heinz Strunk knows it. Also: A novel about growing up in post-war Coburg,Novella pro aestate: Heinz Strunk et discrimen matrimoniale. Cur duo ad popinam navem in Nicrum singulis vesperis eunt? Heina Strunk novit. Item: Nova de succrescens in post-bello Coburg,2026-07-29 07:48:17+00:00
a4303cd3830564a66ee83c248ece844c,2026-07-28T05:57:06Z,'Sommer',www.zeit.de,de,0.9,"Pawlowa mit Himbeeren, Litschis und Holunderblütencreme : Luftigleckerleicht","Den Sommer feiern: Fruchtige und blumige Aromen ergeben zusammen mit einer an Marshmallows erinnernden Meringue ein sensationelles Dessert, das auf der Zunge zergeht.",https://www.zeit.de/zeit-magazin/wochenmarkt/2025-11/pawlowa-himbeere-litschi-holunderbluetencreme-rezept-wochenmarkt,https://img.zeit.de/zeit-magazin/wochenmarkt/2025-11/1602-bild/wide__1300x731,http://web.archive.org/web/20260728095300/https://www.zeit.de/zeit-magazin/wochenmarkt/2025-11/pawlowa-himbeere-litschi-holunderbluetencreme-rezept-wochenmarkt,"Inspiriert
von Pierre Hermés kultigen Ispahan-Macarons, bei denen Rose, Litschi und
Himbeere eine exquisite Geschmackskombination bilden, interpretiert dieses
Dessert das Trio in einer knusprigen… [+591 chars]",,"Pawlowa mit Himbeeren, Litschis und Holunderblütencreme : Luftigleckerleicht. Den Sommer feiern: Fruchtige und blumige Aromen ergeben zusammen mit einer an Marshmallows erinnernden Meringue ein sensationelles Dessert, das auf der Zunge zergeht.","Pavlova with raspberries, lychees and elderflower cream: light and airy. Celebrate summer: Fruity and floral aromas combined with a meringue reminiscent of marshmallows create a sensational dessert that melts in your mouth.","Pavlova cum raspberries, lychees et cremor sambucus: levis et aerea. Celebrant aestatem: fructus et odores florales cum meridio reminiscentis palustrorum conglobati faciunt mensa sensationalis quae in ore tuo liquescit.",2026-07-29 07:48:17+00:00
5e6bd64e497ae8b4bc40debb66fb655d,2026-07-10T14:30:34Z,'Ernte',www.faz.net,de,0.9,Am Gestank liegt es nicht: Warum Malaysia jetzt von Durian überschwemmt wird,"Fotoreportage: Durian-Schwemme in Malaysia, Bauern bleiben auf Ernte sitzen",https://www.faz.net/aktuell/fotografie/warum-malaysia-jetzt-von-durian-ueberschwemmt-wird-200991988.html,https://media0.faz.net/image/w1200h627/acc316bc28b0/w4500h2351x0y90o/202606/43601.0.2279696736/diese-frucht-spaltet-die.webp,,"Stachelige Schale, weicher Kern: Das Fruchtfleisch von Durian ist cremig wie Sahnepudding und schmeckt süßlich, mit einer leicht nussigen Note. Bekannter als der Geschmack des tropischen Gewächses is… [+2510 chars]",,"Am Gestank liegt es nicht: Warum Malaysia jetzt von Durian überschwemmt wird. Fotoreportage: Durian-Schwemme in Malaysia, Bauern bleiben auf Ernte sitzen","It's not the smell: why Malaysia is now flooded with durians. Photo report: Durian glut in Malaysia, farmers are stuck with the harvest","Odor non est: quare nunc durians inundatur elit. Renuntiatio photographica: Durian glut in Malaysia, agricolae cum messe adhaeserunt",2026-07-29 21:05:04+00:00
0dcf08f54835f0168393437cde1bc27d,2026-07-24T10:13:08Z,'Ernte',www.zeit.de,de,0.9,Ernte-Zwischenbilanz: Ernte im Norden läuft mit großen regionalen Unterschieden,Hier finden Sie Informationen zu dem Thema „Ernte-Zwischenbilanz“. Lesen Sie jetzt „Ernte im Norden läuft mit großen regionalen Unterschieden“.,https://www.zeit.de/news/2026-07/24/ernte-im-norden-laeuft-mit-grossen-regionalen-unterschieden,https://img.zeit.de/news/2026-07/24/ernte-im-norden-laeuft-mit-grossen-regionalen-unterschieden-image-group/wide__1300x731,,"Rendsburg (da/lno) - Die Landwirte nutzen derzeit jeden trockenen Tag in Schleswig-Holstein, um die Ernte unter Dach und Fach zu bringen. Die Wintergerste sei inzwischen weitgehend eingefahren, die E… [+1355 chars]",,Ernte-Zwischenbilanz: Ernte im Norden läuft mit großen regionalen Unterschieden. Hier finden Sie Informationen zu dem Thema „Ernte-Zwischenbilanz“. Lesen Sie jetzt „Ernte im Norden läuft mit großen regionalen Unterschieden“.,Interim harvest balance: Harvest in the north is going well with major regional differences. Here you will find information on the topic of “interim harvest balance”. Now read “Harvest in the North with big regional differences”.,"Interim messis libra: messis in septentrione bene procedit cum differentiis regionalibus maioribus. Hic informationes invenies in themate ""messis interim staterae"". Nunc legitur ""Harvest in Septentrionali cum magnis differentiis regionalibus"".",2026-07-29 21:05:04+00:00
7c3426175b11b8f512937ff8ee992af7,2026-07-28T12:38:11Z,'Ernte',www.zeit.de,de,0.9,Gerste und Raps: Landwirtschaftsministerin sieht «durchwachsenes» Erntejahr,Hier finden Sie Informationen zu dem Thema „Gerste und Raps“. Lesen Sie jetzt „Landwirtschaftsministerin sieht «durchwachsenes» Erntejahr“.,https://www.zeit.de/news/2026-07/28/landwirtschaftsministerin-sieht-durchwachsenes-erntejahr,https://img.zeit.de/news/2026-07/28/landwirtschaftsministerin-sieht-durchwachsenes-erntejahr-image-group/wide__1300x731,,Brandenburgs Landwirtschaftsministerin Hanka Mittelstädt (SPD) spricht mit Blick auf das bisherige Erntejahr von einem «durchwachsenen» Ergebnis. «Zumindest in der Gerste sind wir durch und da haben … [+1370 chars],,Gerste und Raps: Landwirtschaftsministerin sieht «durchwachsenes» Erntejahr. Hier finden Sie Informationen zu dem Thema „Gerste und Raps“. Lesen Sie jetzt „Landwirtschaftsministerin sieht «durchwachsenes» Erntejahr“.,Barley and rapeseed: Agriculture Minister sees “mixed” crop year. Here you will find information on the topic of “Barley and rapeseed”. Now read “Agriculture Minister sees “mixed” harvest year”.,"Hordeum et rapicium: Minister agriculturae videt annum segetem mixtam. Hic informationes invenies in argumento ""hordeae et rapacitatis"". Nunc legere ""Minster Agriculture"" annum messis ""mixtum"" videt.",2026-07-29 21:05:04+00:00
84307d16bcfc7492cc9e202def8abff8,2026-07-28T04:30:14Z,'Gewitter',www.zeit.de,de,0.9,Wettervorhersage: Bis zu 38 Grad: Hitze und Gewitter im Wochenverlauf,Hier finden Sie Informationen zu dem Thema „Wettervorhersage“. Lesen Sie jetzt „Bis zu 38 Grad: Hitze und Gewitter im Wochenverlauf“.,https://www.zeit.de/news/2026-07/28/bis-zu-38-grad-hitze-und-gewitter-im-wochenverlauf,https://img.zeit.de/news/2026-07/28/bis-zu-38-grad-hitze-und-gewitter-im-wochenverlauf-image-group/wide__1300x731,http://web.archive.org/web/20260728165154/https://www.zeit.de/news/2026-07/28/bis-zu-38-grad-hitze-und-gewitter-im-wochenverlauf,Der Sommer in Berlin und Brandenburg wird wieder heißer. Nach Angaben des Deutschen Wetterdienstes können die Temperaturen im Wochenverlauf auf bis zu 38 Grad steigen. Am Dienstag zeigt sich zunächst… [+892 chars],,Wettervorhersage: Bis zu 38 Grad: Hitze und Gewitter im Wochenverlauf. Hier finden Sie Informationen zu dem Thema „Wettervorhersage“. Lesen Sie jetzt „Bis zu 38 Grad: Hitze und Gewitter im Wochenverlauf“.,Weather forecast: Up to 38 degrees: heat and thunderstorms over the course of the week. Here you will find information on the subject of “weather forecast”. Read “Up to 38 degrees: Heat and thunderstorms over the course of the week” now.,"Tempestas praenuntietur: Usque ad 38 gradus: caloris et tonitrui decursu hebdomadis. Hic invenies informationes de re ""tempestatis praenuntientur"". Lege ""Usque ad XXXVIII gradus: caloris et tonitrui decursu hebdomadis"" nunc.",2026-07-30 02:55:34+00:00
0dde315aef8ef561417a901903f0c1ea,2026-07-28T04:31:09Z,'Gewitter',www.tagesspiegel.de,de,0.9,Bis zu 38 Grad erwartet: Hitze und Gewitter in Berlin und Brandenburg,Nach einem wechselhaften Wochenstart wird es sommerlich heiß. Am Donnerstag können Gewitter folgen – wie sich das Wetter im Wochenverlauf entwickelt.,https://www.tagesspiegel.de/berlin/bis-zu-38-grad-erwartet-hitze-und-gewitter-in-berlin-und-brandenburg-15887077.html,https://www.tagesspiegel.de/images/15887076/alternates/BASE_16_9_W1400/1785213069000/wetter-hitze-nach-wechselhaftem-start-symbolbild.jpeg,http://web.archive.org/web/20260728163438/https://www.tagesspiegel.de/berlin/bis-zu-38-grad-erwartet-hitze-und-gewitter-in-berlin-und-brandenburg-15887077.html,Der Sommer in Berlin und Brandenburg wird wieder heißer. Nach Angaben des Deutschen Wetterdienstes können die Temperaturen im Wochenverlauf auf bis zu 38 Grad steigen. Am Dienstag zeigt sich zunächst… [+1273 chars],,Bis zu 38 Grad erwartet: Hitze und Gewitter in Berlin und Brandenburg. Nach einem wechselhaften Wochenstart wird es sommerlich heiß. Am Donnerstag können Gewitter folgen – wie sich das Wetter im Wochenverlauf entwickelt.,"Up to 38 degrees expected: heat and thunderstorms in Berlin and Brandenburg. After a changeable start to the week, it's getting hot in summer. Thunderstorms may follow on Thursday - see how the weather develops over the course of the week.","Usque ad 38 gradus expectatur: calor et procellis Berolini et Brandenburgici. Post variabile initium hebdomadis, aestate calescit. Tonitruum in Iovis die sequi potest - vide quomodo tempestas in decursu septimanae crescat.",2026-07-30 02:55:34+00:00
e2d9765a0b9632b3a4ed7b40f85abb4f,2026-07-28T05:06:36Z,'Gewitter',www.morgenpost.de,de,0.9,Berlin und Brandenburg steuern auf neue Hitzewelle zu – Gewitter drohen,"Bis Donnerstag wird es in Berlin und Brandenburg immer heißer. Der Deutsche Wetterdienst erwartet bis zu 38 Grad, dann ziehen Gewitter auf.",https://www.morgenpost.de/berlin/article412694760/berlin-und-brandenburg-steuern-auf-neue-hitzewelle-zu-gewitter-drohen.html,https://img.sparknews.funkemedien.de/412694765/412694765_1785215195_v16_9_1600.jpeg,,Der Sommer in Berlin und Brandenburg nimmt wieder Fahrt auf. Nach Angaben des Deutschen Wetterdienstes können die Temperaturen im Wochenverlauf auf bis zu 38 Grad steigen. Am Dienstag zeigt sich zunä… [+911 chars],,"Berlin und Brandenburg steuern auf neue Hitzewelle zu – Gewitter drohen. Bis Donnerstag wird es in Berlin und Brandenburg immer heißer. Der Deutsche Wetterdienst erwartet bis zu 38 Grad, dann ziehen Gewitter auf.","Berlin and Brandenburg are heading for a new heat wave – there is a threat of thunderstorms. Until Thursday it will get hotter and hotter in Berlin and Brandenburg. The German Weather Service expects temperatures up to 38 degrees, then thunderstorms will appear.","Berolini et Brandenburgici ad novum aestum fluctum tendunt - tonitruum minatio est. Usque ad diem Iovis calidior et calidior erit in Berlin et Brandenburg. Ministerium Tempestatis Germanorum temperaturas usque ad 38 gradus expectat, tunc procellis apparebit.",2026-07-30 02:55:34+00:00
7338f42545e24186540c01ae6b055001,2026-07-28T07:11:15Z,'Gewitter',www.welt.de,de,0.9,Mit großer Macht kehrt der Hochsommer zurück,Der Norden schaltet von Frische auf Wärme. Nach einem letzten milden Zwischenspiel peitscht die Sonne die Werte im Raum Hamburg in die Höhe – auch Gewitter sind möglich.,https://www.welt.de/regionales/hamburg/article6a6853a31ff9bc89d8811467/hitzetage-im-norden-mit-grosser-macht-kehrt-der-hochsommer-zurueck.html,https://images.welt.de/6a6853a31ff9bc89d8811467/9f05dc6bfec21e372b7a663d97e42125-master/ci16x9-w1200/dpa-com-260728-935-1507465-jpg,,Der Norden schaltet von Frische auf Wärme. Nach einem letzten milden Zwischenspiel peitscht die Sonne die Werte im Raum Hamburg in die Höhe auch Gewitter sind möglich.Zur Wochenmitte erwarten Hamburg… [+1777 chars],,Mit großer Macht kehrt der Hochsommer zurück. Der Norden schaltet von Frische auf Wärme. Nach einem letzten milden Zwischenspiel peitscht die Sonne die Werte im Raum Hamburg in die Höhe – auch Gewitter sind möglich.,"Midsummer returns with great force. The north switches from freshness to warmth. After a final mild interlude, the sun whips up the values ​​in the Hamburg area - thunderstorms are also possible.","Redit solstitio cum magna vi. aquilo virgas ab viriditate ad calorem. Post finalem interludium lene, sol in Hamburgensi area valores verberat - tonitruum quoque possibiles sunt.",2026-07-30 02:55:34+00:00
3dfa63f1d256110b45f4914978835bcd,2026-07-28T08:25:08Z,'Sommer',www.diepresse.com,de,0.9,Neue Hitzewelle rollt über Italien: Temperaturen bis zu 40 Grad,Die akute Trockenheit verschärft die Probleme der Landwirtschaft. In Italien ist es die vierte Hitzewelle des Sommers.,https://www.diepresse.com/40008714/neue-hitzewelle-rollt-ueber-italien-temperaturen-bis-zu-40-grad,https://img.diepresse.com/public/incoming/q2ges6-afpc38t8nfjpg/alternates/WEBP_WIDE_1200/AFP_C38T8NF.jpg,http://web.archive.org/web/20260728121830/https://www.diepresse.com/40008714/neue-hitzewelle-rollt-ueber-italien-temperaturen-bis-zu-40-grad,"Die Presse auf Google als bevorzugte Nachrichtenquelle hinzufügen.
 Italien steht vor einer weiteren Hitzewelle. Ab Mittwoch werden in weiten Teilen des Landes Temperaturen zwischen 35 und 40 Grad e… [+3368 chars]",,Neue Hitzewelle rollt über Italien: Temperaturen bis zu 40 Grad. Die akute Trockenheit verschärft die Probleme der Landwirtschaft. In Italien ist es die vierte Hitzewelle des Sommers.,A new heat wave is rolling over Italy: temperatures up to 40 degrees. The acute drought is exacerbating agricultural problems. It is the fourth heat wave of the summer in Italy.,Novus fluctus aestus in Italiam volvitur: temperaturas usque ad 40 gradus. Siccitas acuta difficultates agriculturae comprobat. Quartus aestus aestatis in Italia est.,2026-07-30 02:55:34+00:00
ef811ce482241b341d3ee0f9aa9d73fb,2026-07-01T06:33:49Z,'Gewitter',www.zeit.de,de,0.9,Wetteraussichten: Gewitter klingen ab – Sonne lässt auf sich warten,Hier finden Sie Informationen zu dem Thema „Wetteraussichten“. Lesen Sie jetzt „Gewitter klingen ab – Sonne lässt auf sich warten“.,https://www.zeit.de/news/2026-07/01/gewitter-klingen-ab-sonne-laesst-auf-sich-warten,https://img.zeit.de/news/2026-07/01/gewitter-klingen-ab-sonne-laesst-auf-sich-warten-image-group/wide__1300x731,http://web.archive.org/web/20260702012725/https://www.zeit.de/news/2026-07/01/gewitter-klingen-ab-sonne-laesst-auf-sich-warten,"Heute wird das Wetter in Sachsen, Sachsen-Anhalt und Thüringen besonders ungemütlich. In den drei Bundesländern ist insbesondere am Vormittag mit teils schweren Gewittern und Starkregen zu rechnen, w… [+805 chars]",,Wetteraussichten: Gewitter klingen ab – Sonne lässt auf sich warten. Hier finden Sie Informationen zu dem Thema „Wetteraussichten“. Lesen Sie jetzt „Gewitter klingen ab – Sonne lässt auf sich warten“.,Weather outlook: Thunderstorms subside - sunshine is a long time coming. Here you will find information on the topic of “Weather Prospects”. Now read “Thunderstorms subside – sunshine is a long time coming”.,"Tempestas prospectans: Tonitruum subsidet - iubar longum tempus venit. Hic informationes invenies in argumento ""Prospectus Tempestatis"". Nunc lege ""Tonitruum subsidere - iubar longum tempus venit"".",2026-07-30 21:18:15+00:00
d0b4c0bc9b9a11efe59b239bbe7cc674,2026-07-15T13:27:03Z,'Gewitter',www.zeit.de,de,0.9,Gewitter und Hagel: Hagelsturm und Starkregen - Unwetter im Südwesten,Hier finden Sie Informationen zu dem Thema „Gewitter und Hagel“. Lesen Sie jetzt „Hagelsturm und Starkregen - Unwetter im Südwesten“.,https://www.zeit.de/news/2026-07/15/hagelsturm-und-starkregen-unwetter-im-suedwesten,https://img.zeit.de/news/2026-07/15/hagelsturm-und-starkregen-unwetter-im-suedwesten-image-group/wide__1300x731,http://web.archive.org/web/20260716011812/https://www.zeit.de/news/2026-07/15/hagelsturm-und-starkregen-unwetter-im-suedwesten,"Über Baden-Württemberg ziehen weitere schwere Unwetter, diesmal mit Orkanböen, Hagel und heftigem Starkregen. Der Deutsche Wetterdienst (DWD) gab eine Unwetterwarnung heraus, die für das ganze Land b… [+3668 chars]",,Gewitter und Hagel: Hagelsturm und Starkregen - Unwetter im Südwesten. Hier finden Sie Informationen zu dem Thema „Gewitter und Hagel“. Lesen Sie jetzt „Hagelsturm und Starkregen - Unwetter im Südwesten“.,Thunderstorms and hail: Hailstorms and heavy rain - storms in the southwest. Here you will find information on the topic of “thunderstorms and hail”. Read “Hailstorm and heavy rain - storms in the southwest” now.,"Tonitruum et grando: grandines et pluviae graves - procellis in africum. Hic informationes invenies in argumento ""tonitruum et grandinis"". Lege ""Salvetor et pluvia - procellae in Africo"" nunc.",2026-07-30 21:18:15+00:00
605c8eb8ff2c5234a6f02ae97ced7e5d,2026-07-15T18:59:47Z,'Gewitter',www.zeit.de,de,0.9,Gewitter und Starkregen: 17 Feuerwehreinsätze in Reutlingen wegen Unwetters,Hier finden Sie Informationen zu dem Thema „Gewitter und Starkregen“. Lesen Sie jetzt „17 Feuerwehreinsätze in Reutlingen wegen Unwetters“.,https://www.zeit.de/news/2026-07/15/17-feuerwehreinsaetze-in-reutlingen-wegen-unwetters,https://img.zeit.de/news/2026-07/15/17-feuerwehreinsaetze-in-reutlingen-wegen-unwetters-image-group/wide__1300x731,http://web.archive.org/web/20260715214418/https://www.zeit.de/news/2026-07/15/17-feuerwehreinsaetze-in-reutlingen-wegen-unwetters,Wegen eines Gewitters mit Starkregen musste die Feuerwehr in Reutlingen am späten Nachmittag und Abend 17 Mal ausrücken. Bei den Einsätzen handelte es sich hauptsächlich um voll gelaufene Keller sowi… [+651 chars],,Gewitter und Starkregen: 17 Feuerwehreinsätze in Reutlingen wegen Unwetters. Hier finden Sie Informationen zu dem Thema „Gewitter und Starkregen“. Lesen Sie jetzt „17 Feuerwehreinsätze in Reutlingen wegen Unwetters“.,Thunderstorms and heavy rain: 17 fire brigade operations in Reutlingen due to storms. Here you will find information on the topic of “thunderstorms and heavy rain”. Now read “17 fire brigade operations in Reutlingen due to storms”.,"Tonitruum et pluviarum gravis: 17 LEGIO ignis in Reutlingen ob procellas. Hic informationes invenies in argumento ""tonitruum et pluviae gravis"". Nunc legitur ""XVII ignis LEGIO operationes in Reutlingen propter procellas"".",2026-07-30 21:18:15+00:00
9643b1cbac69e856bb5f6e9cae012b1e,2026-07-17T03:58:50Z,'Gewitter',www.zeit.de,de,0.9,Wetter: Starke Gewitter und Regen bringen Abkühlung in die Region,Hier finden Sie Informationen zu dem Thema „Wetter“. Lesen Sie jetzt „Starke Gewitter und Regen bringen Abkühlung in die Region“.,https://www.zeit.de/news/2026-07/17/starke-gewitter-und-regen-bringen-abkuehlung-in-die-region,https://img.zeit.de/news/2026-07/17/starke-gewitter-und-regen-bringen-abkuehlung-in-die-region-image-group/wide__1300x731,http://web.archive.org/web/20260717102338/https://www.zeit.de/news/2026-07/17/starke-gewitter-und-regen-bringen-abkuehlung-in-die-region,Nach einem zunächst freundlichen Tagesbeginn wird das Wetter in Berlin und Brandenburg heute ungemütlich. Nach Angaben des Deutschen Wetterdienstes (DWD) ziehen ab dem Mittag von Südwesten zahlreiche… [+1067 chars],,Wetter: Starke Gewitter und Regen bringen Abkühlung in die Region. Hier finden Sie Informationen zu dem Thema „Wetter“. Lesen Sie jetzt „Starke Gewitter und Regen bringen Abkühlung in die Region“.,Weather: Strong thunderstorms and rain bring cooling to the region. Here you will find information on the subject of “weather”. Now read “Strong thunderstorms and rain bring cooling to the region”.,"Tempestas: Fortis tonitribus et pluviis ad regionem afferunt refrigerationem. Hic invenies informationes de ""tempestate"". Nunc lege: Tonitrua et pluvia fortia regioni refrigerant.",2026-07-30 21:18:15+00:00
840f0dbce89f9b2a40c19b86d8042080,2026-07-17T19:14:09Z,'Gewitter',www.zeit.de,de,0.9,Unwetter: Gewitter in Brandenburg: Bisher keine größeren Einsätze,Hier finden Sie Informationen zu dem Thema „Unwetter“. Lesen Sie jetzt „Gewitter in Brandenburg: Bisher keine größeren Einsätze“.,https://www.zeit.de/news/2026-07/17/gewitter-in-brandenburg-bisher-keine-groesseren-einsaetze,https://img.zeit.de/news/2026-07/17/gewitter-in-brandenburg-bisher-keine-groesseren-einsaetze-image-group/wide__1300x731,http://web.archive.org/web/20260717210712/https://www.zeit.de/news/2026-07/17/gewitter-in-brandenburg-bisher-keine-groesseren-einsaetze,Die Gewitter sind in Brandenburg trotz Unwetterwarnungen bisher eher glimpflich abgegangen. Die Feuerwehr berichtete nicht von größeren Einsätzen oder von Verletzten. Die Gewitter zogen vom Westen üb… [+1007 chars],,Unwetter: Gewitter in Brandenburg: Bisher keine größeren Einsätze. Hier finden Sie Informationen zu dem Thema „Unwetter“. Lesen Sie jetzt „Gewitter in Brandenburg: Bisher keine größeren Einsätze“.,Storms: Thunderstorms in Brandenburg: No major operations so far. Here you will find information on the topic of “storms”. Now read “Thunderstorm in Brandenburg: No major operations so far”.,"Procellae: Procellae in Brandenburg: Nulla major operationes tam longe. Hic informationes invenies in argumento ""procellae"". Nunc legitur ""Thunderstorm in Brandenburg: Nulla major operationes tam longe"".",2026-07-30 21:18:15+00:00
1b42438d1628cf2616135102193ab659,2026-07-18T09:52:53Z,'Gewitter',www.zeit.de,de,0.9,"Wetter-Vorhersage: Gewitter klingen ab, kühlere Temperaturen folgen","Hier finden Sie Informationen zu dem Thema „Wetter-Vorhersage“. Lesen Sie jetzt „Gewitter klingen ab, kühlere Temperaturen folgen“.",https://www.zeit.de/news/2026-07/18/gewitter-klingen-ab-kuehlere-temperaturen-folgen,https://img.zeit.de/news/2026-07/18/gewitter-klingen-ab-kuehlere-temperaturen-folgen-image-group/wide__1300x731,http://web.archive.org/web/20260719020722/https://www.zeit.de/news/2026-07/18/gewitter-klingen-ab-kuehlere-temperaturen-folgen,"Einzelne Schauer oder kurze Gewitter, aber sonst ruhiges Wetter sagt der Deutsche Wetterdienst (DWD) für das Wochenende in Hessen vorher. Blitz und Donner verabschieden sich demnach am Sonntag aus we… [+790 chars]",,"Wetter-Vorhersage: Gewitter klingen ab, kühlere Temperaturen folgen. Hier finden Sie Informationen zu dem Thema „Wetter-Vorhersage“. Lesen Sie jetzt „Gewitter klingen ab, kühlere Temperaturen folgen“.","Weather forecast: Thunderstorms subside, cooler temperatures follow. Here you will find information on the topic of “weather forecast”. Now read “Thunderstorms subside, cooler temperatures follow”.","Tempestas praenuntietur: Tonitruum subsidet, temperaturas frigidiores sequuntur. Hic informationes invenies in argumento ""tempestatis praesagio"". Nunc lege ""Tonitruum cessant, temperaturas frigidiores sequuntur"".",2026-07-30 21:18:15+00:00
3ec6366f2e3429cae0cac66ae6f132c1,2026-07-19T08:14:09Z,'Gewitter',www.zeit.de,de,0.9,Wettervorhersage: Zunächst Schauer und Gewitter - am Dienstag Sonnenschein,Hier finden Sie Informationen zu dem Thema „Wettervorhersage“. Lesen Sie jetzt „Zunächst Schauer und Gewitter - am Dienstag Sonnenschein“.,https://www.zeit.de/news/2026-07/19/zunaechst-schauer-und-gewitter-am-dienstag-sonnenschein,https://img.zeit.de/news/2026-07/19/zunaechst-schauer-und-gewitter-am-dienstag-sonnenschein-image-group/wide__1300x731,http://web.archive.org/web/20260720062849/https://www.zeit.de/news/2026-07/19/zunaechst-schauer-und-gewitter-am-dienstag-sonnenschein,Schauer und Gewitter sind bis Montag in Berlin und Brandenburg möglich - am Dienstag soll es freundlicher werden. Sonntag und Montag werden nach Angaben des Deutschen Wetterdienstes (DWD) wolkig bis … [+1624 chars],,Wettervorhersage: Zunächst Schauer und Gewitter - am Dienstag Sonnenschein. Hier finden Sie Informationen zu dem Thema „Wettervorhersage“. Lesen Sie jetzt „Zunächst Schauer und Gewitter - am Dienstag Sonnenschein“.,Weather forecast: Initially showers and thunderstorms - sunshine on Tuesday. Here you will find information on the subject of “weather forecast”. Now read “First showers and thunderstorms - sunshine on Tuesday”.,"Tempestas praenuntiet: Initio imbres et tonitribus - die Martis iubar. Hic invenies informationes de re ""tempestatis praenuntientur"". Nunc lege ""Primum imbres et tonitrua - die Martis iubar"".",2026-07-30 21:18:15+00:00
2c8c4615f83553e36b8b598f1b9b9347,2026-07-20T05:43:08Z,'Gewitter',www.zeit.de,de,0.9,"Wetter: Regen, Gewitter und Sonne: Wetter im Wechsel","Hier finden Sie Informationen zu dem Thema „Wetter“. Lesen Sie jetzt „Regen, Gewitter und Sonne: Wetter im Wechsel“.",https://www.zeit.de/news/2026-07/20/regen-gewitter-und-sonne-wetter-im-wechsel,https://img.zeit.de/news/2026-07/20/regen-gewitter-und-sonne-wetter-im-wechsel-image-group/wide__1300x731,http://web.archive.org/web/20260720075002/https://www.zeit.de/news/2026-07/20/regen-gewitter-und-sonne-wetter-im-wechsel,Regen und teils kurze Gewitter ziehen sich auch am Montag noch durch Berlin und Brandenburg. Die Temperaturen erreichen laut dem Deutschen Wetterdienst (DWD) zum Wochenstart zudem nur noch 18 bis 21 … [+1379 chars],,"Wetter: Regen, Gewitter und Sonne: Wetter im Wechsel. Hier finden Sie Informationen zu dem Thema „Wetter“. Lesen Sie jetzt „Regen, Gewitter und Sonne: Wetter im Wechsel“.","Weather: Rain, thunderstorms and sun: changing weather. Here you will find information on the subject of “weather”. Read “Rain, thunderstorms and sun: changing weather” now.","Weather: Pluviae, Tonitrua et sol: mutans tempestatem. Hic invenies informationes de ""tempestate"". Lege pluvia, tonitrua et sol: mutans tempestatem nunc.",2026-07-30 21:18:15+00:00
945a68e3f5efb0933d373bc5e4ff50f2,2026-07-21T05:55:16Z,'Gewitter',www.zeit.de,de,0.9,Wetter: Schauer und Gewitter bringen unbeständiges Wetter im Norden,Hier finden Sie Informationen zu dem Thema „Wetter“. Lesen Sie jetzt „Schauer und Gewitter bringen unbeständiges Wetter im Norden“.,https://www.zeit.de/news/2026-07/21/schauer-und-gewitter-bringen-unbestaendiges-wetter-im-norden,https://img.zeit.de/news/2026-07/21/schauer-und-gewitter-bringen-unbestaendiges-wetter-im-norden-image-group/wide__1300x731,http://web.archive.org/web/20260722130752/https://www.zeit.de/news/2026-07/21/schauer-und-gewitter-bringen-unbestaendiges-wetter-im-norden,"Nach einem überwiegend sonnigen und trockenen Dienstag wird das Wetter in Hamburg, Schleswig-Holstein und Mecklenburg-Vorpommern zur Wochenmitte deutlich unbeständiger. Schauer und einzelne Gewitter … [+1926 chars]",,Wetter: Schauer und Gewitter bringen unbeständiges Wetter im Norden. Hier finden Sie Informationen zu dem Thema „Wetter“. Lesen Sie jetzt „Schauer und Gewitter bringen unbeständiges Wetter im Norden“.,Weather: Showers and thunderstorms bring unstable weather in the north. Here you will find information on the subject of “weather”. Now read “Showers and thunderstorms bring unsettled weather in the north”.,"Tempestas: Imbres et tonitrua instabiles tempestates ad septentrionem portant. Hic invenies informationes de ""tempestate"". Nunc legitur ""Imbrium et tonitruum concitatam tempestatem in aquilonem adducunt"".",2026-07-30 21:18:15+00:00
23cd10a2c012384493531d05b1606252,2026-07-23T05:48:53Z,'Gewitter',www.zeit.de,de,0.9,Wettervorhersage: Wolken und zuweilen Regen - am Samstag auch Gewitter möglich,Hier finden Sie Informationen zu dem Thema „Wettervorhersage“. Lesen Sie jetzt „Wolken und zuweilen Regen - am Samstag auch Gewitter möglich“.,https://www.zeit.de/news/2026-07/23/wolken-und-zuweilen-regen-am-samstag-auch-gewitter-moeglich,https://img.zeit.de/news/2026-07/23/wolken-und-zuweilen-regen-am-samstag-auch-gewitter-moeglich-image-group/wide__1300x731,http://web.archive.org/web/20260723231834/https://www.zeit.de/news/2026-07/23/wolken-und-zuweilen-regen-am-samstag-auch-gewitter-moeglich,"In Nordrhein-Westfalen müssen sich die Menschen in den kommenden Tagen auf wechselhaftes Wetter einstellen. Am Donnerstag sei es zunächst meistens stark bewölkt, vereinzelt falle auch Regen, teilte d… [+743 chars]",,Wettervorhersage: Wolken und zuweilen Regen - am Samstag auch Gewitter möglich. Hier finden Sie Informationen zu dem Thema „Wettervorhersage“. Lesen Sie jetzt „Wolken und zuweilen Regen - am Samstag auch Gewitter möglich“.,Weather forecast: Clouds and occasional rain - thunderstorms also possible on Saturday. Here you will find information on the subject of “weather forecast”. Now read “Clouds and sometimes rain - thunderstorms also possible on Saturday”.,"Tempestas praenuntiet: Nubes et pluvia occasionales - Tonitruum quoque die Saturni fieri potest. Hic invenies informationes de re ""tempestatis praenuntientur"". Nunc lege ""Nubes et interdum pluviae - tonitruum quoque die Sabbati potest"".",2026-07-30 21:18:15+00:00
140469c4744c5a71bc5bf1de6bd68d5c,2026-07-25T08:33:00Z,'Sommer',www.zeit.de,de,0.9,Wetteraussichten: Auf Sommerwetter folgen Regen und Gewitter,Hier finden Sie Informationen zu dem Thema „Wetteraussichten“. Lesen Sie jetzt „Auf Sommerwetter folgen Regen und Gewitter“.,https://www.zeit.de/news/2026-07/25/auf-sommerwetter-folgen-regen-und-gewitter,https://img.zeit.de/news/2026-07/25/auf-sommerwetter-folgen-regen-und-gewitter-image-group/wide__1300x731,http://web.archive.org/web/20260726145515/https://www.zeit.de/news/2026-07/25/auf-sommerwetter-folgen-regen-und-gewitter,In Niedersachsen und Bremen wird es noch einmal mit bis zu 29 Grad im Binnenland sommerlich warm. Das schöne Wetter ist jedoch nicht von Dauer: Nach Angaben des Deutschen Wetterdienstes ziehen bereit… [+1498 chars],,Wetteraussichten: Auf Sommerwetter folgen Regen und Gewitter. Hier finden Sie Informationen zu dem Thema „Wetteraussichten“. Lesen Sie jetzt „Auf Sommerwetter folgen Regen und Gewitter“.,Weather outlook: Summer weather is followed by rain and thunderstorms. Here you will find information on the topic of “Weather Prospects”. Read “Summer weather is followed by rain and thunderstorms” now.,"Tempestas prospectans: tempestas aestas sequitur imbres et tonitrua. Hic informationes invenies in argumento ""Prospectus Tempestatis"". Lege ""Aestas tempestas sequitur imbres et tonitribus"" nunc.",2026-07-30 21:18:15+00:00
9f8ee4a8a7e89891fc7bd30d35bd372f,2026-07-29T03:40:33Z,'Gewitter',www.zeit.de,de,0.9,Wetter: Starke Wärmebelastung und Gewitter erwartet,Hier finden Sie Informationen zu dem Thema „Wetter“. Lesen Sie jetzt „Starke Wärmebelastung und Gewitter erwartet“.,https://www.zeit.de/news/2026-07/29/starke-waermebelastung-und-gewitter-erwartet,https://img.zeit.de/news/2026-07/29/starke-waermebelastung-und-gewitter-erwartet-image-group/wide__1300x731,,Berlin und Brandenburg steuern auf einen weiteren heißen Sommerabschnitt zu. Nach Angaben des Deutschen Wetterdienstes (DWD) können die Temperaturen im Wochenverlauf auf bis zu 38 Grad steigen. Am Mi… [+1018 chars],,Wetter: Starke Wärmebelastung und Gewitter erwartet. Hier finden Sie Informationen zu dem Thema „Wetter“. Lesen Sie jetzt „Starke Wärmebelastung und Gewitter erwartet“.,Weather: Strong heat and thunderstorms expected. Here you will find information on the subject of “weather”. Read “Severe heat stress and thunderstorms expected” now.,"Tempestas: Fortis aestus et tonitribus exspectantur. Hic invenies informationes de ""tempestate"". Lege "" Gravis calor vis et tonitribus expectata "" nunc.",2026-07-30 21:18:15+00:00
e1500da477241ccca87a6ddc4de7de08,2026-07-14T00:00:04Z,'Gewitter',www.zeit.de,de,0.9,Wetterprognose: DWD erwartet kräftige Gewitter mit Unwettergefahr,Hier finden Sie Informationen zu dem Thema „Wetterprognose“. Lesen Sie jetzt „DWD erwartet kräftige Gewitter mit Unwettergefahr“.,https://www.zeit.de/news/2026-07/14/dwd-erwartet-kraeftige-gewitter-mit-unwettergefahr,https://img.zeit.de/news/2026-07/14/dwd-erwartet-kraeftige-gewitter-mit-unwettergefahr-image-group/wide__1300x731,,"Der Deutsche Wetterdienst (DWD) warnt für heute vor Unwetter in Teilen Deutschlands. In der Mitte und im Süden seien teils kräftige Gewitter mit Unwettergefahr möglich, teilte der DWD mit. Im Westen … [+894 chars]",,Wetterprognose: DWD erwartet kräftige Gewitter mit Unwettergefahr. Hier finden Sie Informationen zu dem Thema „Wetterprognose“. Lesen Sie jetzt „DWD erwartet kräftige Gewitter mit Unwettergefahr“.,Weather forecast: DWD expects strong thunderstorms with a risk of severe weather. Here you will find information on the topic of “weather forecast”. Now read “DWD expects strong thunderstorms with a risk of severe weather”.,"Tempestas praenuntietur: DWD exspectat procellas validas cum periculo tempestatis gravis. Hic informationes invenies in argumento ""tempestatis praesagio"". Nunc lege ""DWD cum periculo tempestatis gravis exspectat procellas validas"".",2026-07-31 07:56:19+00:00
ded01cff322f9d9ace9836832873f136,2026-07-14T04:07:12Z,'Gewitter',www.zeit.de,de,0.9,Sommerwetter in Bayern: Hitze und Gewitter – mancherorts Unwettergefahr,Hier finden Sie Informationen zu dem Thema „Sommerwetter in Bayern“. Lesen Sie jetzt „Hitze und Gewitter – mancherorts Unwettergefahr“.,https://www.zeit.de/news/2026-07/14/hitze-und-gewitter-mancherorts-unwettergefahr,https://img.zeit.de/news/2026-07/14/hitze-und-gewitter-mancherorts-unwettergefahr-image-group/wide__1300x731,http://web.archive.org/web/20260714065735/https://www.zeit.de/news/2026-07/14/hitze-und-gewitter-mancherorts-unwettergefahr,"Die Hitze hat Bayern weiter im Griff mancherorts drohen am Dienstag aber auch Gewitter, teilweise mit Starkregen, Sturm und Hagel.
In Südbayern gibt es am Dienstag teils Sonne, teils auch dichtere W… [+951 chars]",,Sommerwetter in Bayern: Hitze und Gewitter – mancherorts Unwettergefahr. Hier finden Sie Informationen zu dem Thema „Sommerwetter in Bayern“. Lesen Sie jetzt „Hitze und Gewitter – mancherorts Unwettergefahr“.,Summer weather in Bavaria: Heat and thunderstorms – risk of severe weather in some places. Here you will find information on the topic “Summer weather in Bavaria”. Now read “Heat and thunderstorms – risk of severe weather in some places”.,"Tempestas aestiva in Bavaria: aestus et tonitruum – periculum tempestatis gravibus in aliquibus locis. Hic informationes invenies de argumento ""Aestatis in Bavaria"". Nunc lego ""aestus et tonitruum - periculum gravis tempestatis in quibusdam locis"".",2026-07-31 07:56:19+00:00
49e36cadf6be575f31299a0d7ef9bf31,2026-07-14T06:54:51Z,'Gewitter',www.zeit.de,de,0.9,Wetter: Starke Gewitter und Sturmböen erwartet,Hier finden Sie Informationen zu dem Thema „Wetter“. Lesen Sie jetzt „Starke Gewitter und Sturmböen erwartet“.,https://www.zeit.de/news/2026-07/14/starke-gewitter-und-sturmboeen-erwartet,https://img.zeit.de/news/2026-07/14/starke-gewitter-und-sturmboeen-erwartet-image-group/wide__1300x731,,"Nach teils kräftigen Gewittern in der Nacht müssen sich die Menschen in Sachsen, Sachsen-Anhalt und Thüringen heute erneut auf Unwetter einstellen. Das geht aus der aktuellen Vorhersage des Deutschen… [+1122 chars]",,Wetter: Starke Gewitter und Sturmböen erwartet. Hier finden Sie Informationen zu dem Thema „Wetter“. Lesen Sie jetzt „Starke Gewitter und Sturmböen erwartet“.,Weather: Strong thunderstorms and squalls expected. Here you will find information on the subject of “weather”. Read “Strong thunderstorms and squalls expected” now.,"Tempestas: Fortis tonitribusque procellis expectat. Hic invenies informationes de ""tempestate"". Lege nunc ""Fortis tonitribusque et procellis expectata"".",2026-07-31 07:56:19+00:00
71d52bb668ac949b0d9b6421f911359f,2026-07-14T09:31:17Z,'Gewitter',www.zeit.de,de,0.9,Vorhersage: Wetterdienst: Weiter schwere Gewitter mit Starkregen möglich,Hier finden Sie Informationen zu dem Thema „Vorhersage“. Lesen Sie jetzt „Wetterdienst: Weiter schwere Gewitter mit Starkregen möglich“.,https://www.zeit.de/news/2026-07/14/wetterdienst-weiter-schwere-gewitter-mit-starkregen-moeglich,https://img.zeit.de/news/2026-07/14/wetterdienst-weiter-schwere-gewitter-mit-starkregen-moeglich-image-group/wide__1300x731,,"Der Deutsche Wetterdienst (DWD) sieht für Teile Deutschlands weiterhin eine große Gefahr von unwetterartigen Gewittern. «Dabei steht vor allem der Starkregen im Fokus, der lokal und eng begrenzt sehr… [+1202 chars]",,Vorhersage: Wetterdienst: Weiter schwere Gewitter mit Starkregen möglich. Hier finden Sie Informationen zu dem Thema „Vorhersage“. Lesen Sie jetzt „Wetterdienst: Weiter schwere Gewitter mit Starkregen möglich“.,Forecast: Weather Service: Further severe thunderstorms with heavy rain possible. Here you will find information on the topic of “prediction”. Now read “Weather Service: Further severe thunderstorms with heavy rain possible”.,"Weather: Weather Service: Praeterea gravia tonitrua cum pluvia gravi possunt. Hic informationes invenies in argumento ""praedictionis"". Nunc lege ""Tempestas Service: Praeterea gravia tonitrua cum pluvia gravi fieri"".",2026-07-31 07:56:19+00:00
50f41b218387b00dbcb1bef78f3f54f5,2026-07-15T13:29:47Z,'Gewitter',www.zeit.de,de,0.9,Schwere Gewitter: Blitzschlag verletzt Frau mit Smartphone,Hier finden Sie Informationen zu dem Thema „Schwere Gewitter“. Lesen Sie jetzt „Blitzschlag verletzt Frau mit Smartphone“.,https://www.zeit.de/news/2026-07/15/blitzschlag-verletzt-frau-mit-smartphone,https://img.zeit.de/news/2026-07/15/blitzschlag-verletzt-frau-mit-smartphone-image-group/wide__1300x731,http://web.archive.org/web/20260715161830/https://www.zeit.de/news/2026-07/15/blitzschlag-verletzt-frau-mit-smartphone,"Bei einem Blitzeinschlag im Landkreis Ravensburg hat eine Frau einen Stromschlag erlitten. In der Nacht auf Mittwoch hielt die 43 -Jährige in Aitrach ihr Handy in der Hand, während es zum Laden an ei… [+566 chars]",,Schwere Gewitter: Blitzschlag verletzt Frau mit Smartphone. Hier finden Sie Informationen zu dem Thema „Schwere Gewitter“. Lesen Sie jetzt „Blitzschlag verletzt Frau mit Smartphone“.,Severe thunderstorm: lightning strike injures woman with smartphone. Here you will find information on the topic of “severe thunderstorms”. Now read “Lightning strike injures woman with smartphone”.,"Tonitruum vehemens: fulmen laedet feminae Mauris quis felis. Hic informationes invenies in argumento ""gravium tonituum"". Nunc legitur ""Fulmina laedat mulierem cum Mauris quis felis"".",2026-07-31 07:56:19+00:00
cd7df277ddbd9aa904fb1af450cda027,2026-07-15T23:17:27Z,'Gewitter',www.zeit.de,de,0.9,Schwere Gewitter drohen: Weiterhin Unwettergefahr - dann Abkühlung,Hier finden Sie Informationen zu dem Thema „Schwere Gewitter drohen“. Lesen Sie jetzt „Weiterhin Unwettergefahr - dann Abkühlung“.,https://www.zeit.de/news/2026-07/16/weiterhin-unwettergefahr-dann-abkuehlung,https://img.zeit.de/news/2026-07/16/weiterhin-unwettergefahr-dann-abkuehlung-image-group/wide__1300x731,,Schwere Gewitter mit heftigem Starkregen und Hagel werden heute vor allem im Süden Deutschlands erwartet. Ab Nachmittag rechnet der Deutsche Wetterdienst (DWD) mit heftigem Starkregen um 30 Liter pro… [+2038 chars],,Schwere Gewitter drohen: Weiterhin Unwettergefahr - dann Abkühlung. Hier finden Sie Informationen zu dem Thema „Schwere Gewitter drohen“. Lesen Sie jetzt „Weiterhin Unwettergefahr - dann Abkühlung“.,Severe thunderstorms are threatening: there is still a risk of severe weather - then cooling down. Here you will find information on the topic “Severe thunderstorms threaten”. Now read “Continued risk of severe weather - then cooling down”.,"Gravis tonitribus minantur: periculum est tempestatis gravis, tum refrigeratio. Hic informationes reperies de re ""Saevae tonitribus minantur"". Nunc legitur ""Periculo continuata tempestatis gravis - deinde refrigeratio"".",2026-07-31 07:56:19+00:00
b4096e8244a0d975edc0c3ffe7162bfb,2026-07-16T17:41:47Z,'Gewitter',www.zeit.de,de,0.9,Gewitter im Südwesten: Superzelle richtet Schäden im Südwesten an,Hier finden Sie Informationen zu dem Thema „Gewitter im Südwesten“. Lesen Sie jetzt „Superzelle richtet Schäden im Südwesten an“.,https://www.zeit.de/news/2026-07/16/superzelle-richtet-schaeden-im-suedwesten-an,https://img.zeit.de/news/2026-07/16/superzelle-richtet-schaeden-im-suedwesten-an-image-group/wide__1300x731,,"Orkanböen, heftiger Starkregen und große Hagelkörner: Heftige Gewitter sind über Baden-Württemberg gezogen und haben Schäden verursacht. Die Feuerwehr in Ulm etwa berichtete von herabfallenden Ästen … [+1396 chars]",,Gewitter im Südwesten: Superzelle richtet Schäden im Südwesten an. Hier finden Sie Informationen zu dem Thema „Gewitter im Südwesten“. Lesen Sie jetzt „Superzelle richtet Schäden im Südwesten an“.,Thunderstorm in the southwest: Supercell causes damage in the southwest. Here you will find information on the topic of “Thunderstorms in the Southwest”. Read “Supercell causes damage in the Southwest” now.,"Procellae in Africo: Supercellus damnum infert in Africo. Hic informationes invenies in argumento ""Tonitruum in Africo"". Lege ""Supercellum damnum in Africus"" nunc.",2026-07-31 07:56:19+00:00
fcd42a317df4df13f896d1306c264b76,2026-07-17T03:55:39Z,'Gewitter',www.zeit.de,de,0.9,Wettervorhersage: Gewitter und Unwetter in Hessen erwartet,Hier finden Sie Informationen zu dem Thema „Wettervorhersage“. Lesen Sie jetzt „Gewitter und Unwetter in Hessen erwartet“.,https://www.zeit.de/news/2026-07/17/gewitter-und-unwetter-in-hessen-erwartet,https://img.zeit.de/news/2026-07/17/gewitter-und-unwetter-in-hessen-erwartet-image-group/wide__1300x731,,Auf Hessen kommt am Freitag unbeständiges Wetter mit teils kräftigen Gewittern zu. Nach Angaben des Deutschen Wetterdienstes (DWD) besteht bereits am Vormittag ein zunehmendes Gewitterrisiko. Im Tage… [+880 chars],,Wettervorhersage: Gewitter und Unwetter in Hessen erwartet. Hier finden Sie Informationen zu dem Thema „Wettervorhersage“. Lesen Sie jetzt „Gewitter und Unwetter in Hessen erwartet“.,Weather forecast: Thunderstorms and storms expected in Hesse. Here you will find information on the subject of “weather forecast”. Read now “Thunderstorms and storms expected in Hesse”.,"Tempestas forecast: Procellae et procellae in Hassia exspectantur. Hic invenies informationes de re ""tempestatis praenuntientur"". Lege nunc ""procellae et procellae in Hassia expectata"".",2026-07-31 07:56:19+00:00
23c0cffdeaf54e2c6d77ab4f55ae56e8,2026-07-17T04:06:24Z,'Gewitter',www.zeit.de,de,0.9,Wetter: Kräftige Gewitter ziehen über Nordrhein-Westfalen,Hier finden Sie Informationen zu dem Thema „Wetter“. Lesen Sie jetzt „Kräftige Gewitter ziehen über Nordrhein-Westfalen“.,https://www.zeit.de/news/2026-07/17/kraeftige-gewitter-ziehen-ueber-nordrhein-westfalen,https://img.zeit.de/news/2026-07/17/kraeftige-gewitter-ziehen-ueber-nordrhein-westfalen-image-group/wide__1300x731,http://web.archive.org/web/20260718002602/https://www.zeit.de/news/2026-07/17/kraeftige-gewitter-ziehen-ueber-nordrhein-westfalen,"Auf Nordrhein-Westfalen kommt am Freitag unbeständiges Wetter mit kräftigen Gewittern zu. Wie der Deutsche Wetterdienst (DWD) mitteilte, ziehen gebietsweise Schauer und Gewitter mit Starkregen und Ha… [+737 chars]",,Wetter: Kräftige Gewitter ziehen über Nordrhein-Westfalen. Hier finden Sie Informationen zu dem Thema „Wetter“. Lesen Sie jetzt „Kräftige Gewitter ziehen über Nordrhein-Westfalen“.,Weather: Strong thunderstorms are moving across North Rhine-Westphalia. Here you will find information on the subject of “weather”. Read “Strong thunderstorms over North Rhine-Westphalia” now.,"Tempestas: Tonitrua vehementia trans Rhenum-Westphaliam Septentrionalem movent. Hic invenies informationes de ""tempestate"". Lege nunc validi tonitrua super Rhenum-Westphaliam septentrionalem.",2026-07-31 07:56:19+00:00
f1b4740921198b4b610449038e6bf066,2026-07-17T08:25:03Z,'Gewitter',www.zeit.de,de,0.9,Unwetter: Wetterdienst erwartet heftige Gewitter in Sachsen,Hier finden Sie Informationen zu dem Thema „Unwetter“. Lesen Sie jetzt „Wetterdienst erwartet heftige Gewitter in Sachsen“.,https://www.zeit.de/news/2026-07/17/wetterdienst-erwartet-heftige-gewitter-in-sachsen,https://img.zeit.de/news/2026-07/17/wetterdienst-erwartet-heftige-gewitter-in-sachsen-image-group/wide__1300x731,,In Sachsen ziehen einer Vorhersage des Deutschen Wetterdienstes (DWD) zufolge ab dem heutigen Nachmittag heftige Gewitter auf. Sie können schwere Sturmböen und Starkregen mit bis zu 30 Litern pro Qua… [+397 chars],,Unwetter: Wetterdienst erwartet heftige Gewitter in Sachsen. Hier finden Sie Informationen zu dem Thema „Unwetter“. Lesen Sie jetzt „Wetterdienst erwartet heftige Gewitter in Sachsen“.,Storms: The weather service expects violent thunderstorms in Saxony. Here you will find information on the topic of “storms”. Now read “Weather service expects violent thunderstorms in Saxony”.,"Tempestates: Tempestas ministerium violentum tonitribus in Saxonia expectat. Hic informationes invenies in argumento ""procellae"". Nunc lege ""Tempestas ministerium violentum tonitribus in Saxonia expectat"".",2026-07-31 07:56:19+00:00
b16cdb4afe8b4d7e89d96e1449716b79,2026-07-17T15:42:47Z,'Gewitter',www.zeit.de,de,0.9,Wetterdienst: Unwetterwarnungen für MV - Gewitter und Starkregen,Hier finden Sie Informationen zu dem Thema „Wetterdienst“. Lesen Sie jetzt „Unwetterwarnungen für MV - Gewitter und Starkregen“.,https://www.zeit.de/news/2026-07/17/unwetterwarnungen-fuer-mv-gewitter-und-starkregen,https://img.zeit.de/news/2026-07/17/unwetterwarnungen-fuer-mv-gewitter-und-starkregen-image-group/wide__1300x731,,Der Deutsche Wetterdienst (DWD) hat amtliche Unwetterwarnungen für mehrere Landkreise in Mecklenburg-Vorpommern herausgegeben. Es bestehe die Gefahr schwerer Gewitter mit starkem Niederschlag und mög… [+667 chars],,Wetterdienst: Unwetterwarnungen für MV - Gewitter und Starkregen. Hier finden Sie Informationen zu dem Thema „Wetterdienst“. Lesen Sie jetzt „Unwetterwarnungen für MV - Gewitter und Starkregen“.,Weather service: Severe weather warnings for MV - thunderstorms and heavy rain. Here you will find information on the topic of “Weather Service”. Read “Severe weather warnings for MV - thunderstorms and heavy rain” now.,"Tempestas religio: Gravis tempestas admonitiones pro MV - tonitribus et pluviae gravis. Hic informationes invenies in argumento ""Tempestatis servitii"". Lege ""Saeves tempestates admonitiones pro MV - tonitribus et pluviae graves"" nunc.",2026-07-31 07:56:19+00:00
9b62926a0f517f058ddddd88337e62ca,2026-07-17T18:51:36Z,'Gewitter',www.zeit.de,de,0.9,Wetter: Heftige Gewitter in Berlin - Ausfälle bei S-Bahn,Hier finden Sie Informationen zu dem Thema „Wetter“. Lesen Sie jetzt „Heftige Gewitter in Berlin - Ausfälle bei S-Bahn“.,https://www.zeit.de/news/2026-07/17/heftige-gewitter-in-berlin-ausfaelle-bei-s-bahn,https://img.zeit.de/news/2026-07/17/heftige-gewitter-in-berlin-ausfaelle-bei-s-bahn-image-group/wide__1300x731,http://web.archive.org/web/20260717210712/https://www.zeit.de/news/2026-07/17/heftige-gewitter-in-berlin-ausfaelle-bei-s-bahn,"Schwere Gewitter haben in Berlin den S-Bahn-Verkehr eingeschränkt. In Pankow führte ein Blitzeinschlag nach Angaben der S-Bahn dazu, dass es zu Verspätungen, Ausfällen und Einschränkungen kommt. Betr… [+528 chars]",,Wetter: Heftige Gewitter in Berlin - Ausfälle bei S-Bahn. Hier finden Sie Informationen zu dem Thema „Wetter“. Lesen Sie jetzt „Heftige Gewitter in Berlin - Ausfälle bei S-Bahn“.,Weather: Heavy thunderstorms in Berlin - S-Bahn failures. Here you will find information on the subject of “weather”. Now read “Violent thunderstorms in Berlin - S-Bahn failures”.,"Tempestas: Gravis tonitribus Berolinensis - S-Bahn defectis. Hic invenies informationes de ""tempestate"". Nunc legitur ""Defectis violentorum tonitribus in Berlin - S-Bahn"".",2026-07-31 07:56:19+00:00
41518ba8f176237e44b5707c59d60c96,2026-07-18T08:41:51Z,'Gewitter',www.zeit.de,de,0.9,Gewitter: Unwetter in Brandenburg ist glimpflich abgegangen,Hier finden Sie Informationen zu dem Thema „Gewitter“. Lesen Sie jetzt „Unwetter in Brandenburg ist glimpflich abgegangen“.,https://www.zeit.de/news/2026-07/18/unwetter-in-brandenburg-ist-glimpflich-abgegangen,https://img.zeit.de/news/2026-07/18/unwetter-in-brandenburg-ist-glimpflich-abgegangen-image-group/wide__1300x731,http://web.archive.org/web/20260719022603/https://www.zeit.de/news/2026-07/18/unwetter-in-brandenburg-ist-glimpflich-abgegangen,Die Gewitter haben in Brandenburg zu mehr als zwei Dutzend Einsätzen der Feuerwehr geführt - das Unwetter hat aber keine schweren Folgen gehabt. Meist kamen die Einsatzkräfte wegen umgestürzter Bäume… [+903 chars],,Gewitter: Unwetter in Brandenburg ist glimpflich abgegangen. Hier finden Sie Informationen zu dem Thema „Gewitter“. Lesen Sie jetzt „Unwetter in Brandenburg ist glimpflich abgegangen“.,Thunderstorm: Storms in Brandenburg passed off lightly. Here you will find information on the topic of “thunderstorms”. Now read “Storm weather in Brandenburg went off lightly”.,"Procellae Brandenburgicae leviter transierunt. Hic informationes invenies in argumento ""tonitruum"". Nunc legitur ""Tempestas tempestas Brandenburgica leviter abiit"".",2026-07-31 07:56:19+00:00
276c6aaad8783161b5c29ebbd71c3ebf,2026-07-18T09:28:24Z,'Gewitter',www.zeit.de,de,0.9,Wetter-Vorhersage: Weiter kurze Gewitter möglich - deutlich kühler,Hier finden Sie Informationen zu dem Thema „Wetter-Vorhersage“. Lesen Sie jetzt „Weiter kurze Gewitter möglich - deutlich kühler“.,https://www.zeit.de/news/2026-07/18/weiter-kurze-gewitter-moeglich-deutlich-kuehler,https://img.zeit.de/news/2026-07/18/weiter-kurze-gewitter-moeglich-deutlich-kuehler-image-group/wide__1300x731,http://web.archive.org/web/20260718103710/https://www.zeit.de/news/2026-07/18/weiter-kurze-gewitter-moeglich-deutlich-kuehler,"Das Wetter kommt mehr und mehr zur Ruhe, auf kurze Gewitter muss man sich in Rheinland-Pfalz und dem Saarland dennoch auch am Wochenende einstellen. Nachdem am Sonntag die letzten Schauer und Gewitte… [+602 chars]",,Wetter-Vorhersage: Weiter kurze Gewitter möglich - deutlich kühler. Hier finden Sie Informationen zu dem Thema „Wetter-Vorhersage“. Lesen Sie jetzt „Weiter kurze Gewitter möglich - deutlich kühler“.,Weather forecast: Further short thunderstorms possible - significantly cooler. Here you will find information on the topic of “weather forecast”. Now read “More short thunderstorms possible - significantly cooler”.,"Tempestas praenuntiet: Praeterea brevia tonitrua fieri potest - insigniter frigidior Thracam. Hic informationes invenies in argumento ""tempestatis praesagio"". Nunc lege ""Magis brevia tonitrua possibilia - signanter frigidiora"".",2026-07-31 07:56:19+00:00
224352323309af33f4155048feae0cb2,2026-07-18T10:14:47Z,'Gewitter',www.zeit.de,de,0.9,Wetter-Vorhersage: Am Wochenende weiter Gewitter möglich,Hier finden Sie Informationen zu dem Thema „Wetter-Vorhersage“. Lesen Sie jetzt „Am Wochenende weiter Gewitter möglich“.,https://www.zeit.de/news/2026-07/18/am-wochenende-weiter-gewitter-moeglich,https://img.zeit.de/news/2026-07/18/am-wochenende-weiter-gewitter-moeglich-image-group/wide__1300x731,,"Blitz, Donner und teilweise Starkregen bleiben nach der Vorhersage des Deutschen Wetterdiensts (DWD) in Süddeutschland auch am Wochenende Thema. «Sowohl heute als auch am Sonntag entstehen im Tagesve… [+1055 chars]",,Wetter-Vorhersage: Am Wochenende weiter Gewitter möglich. Hier finden Sie Informationen zu dem Thema „Wetter-Vorhersage“. Lesen Sie jetzt „Am Wochenende weiter Gewitter möglich“.,Weather forecast: Further thunderstorms possible this weekend. Here you will find information on the topic of “weather forecast”. Now read “Thunderstorms possible this weekend”.,"Tempestas praenuntiet: Praeterea tonitruum fieri id volutpat. Hic informationes invenies in argumento ""tempestatis praesagio"". Nunc lege ""Tonitruum hoc weekend fieri"".",2026-07-31 07:56:19+00:00
be430ac221766ea98487513a8de3f34c,2026-07-18T17:01:33Z,'Gewitter',www.zeit.de,de,0.9,Wetter: Gewitter: Spanien sagt Abschlusstraining vor WM-Finale ab,Hier finden Sie Informationen zu dem Thema „Wetter“. Lesen Sie jetzt „Gewitter: Spanien sagt Abschlusstraining vor WM-Finale ab“.,https://www.zeit.de/news/2026-07/18/gewitter-spanien-sagt-abschlusstraining-vor-wm-finale-ab,https://img.zeit.de/news/2026-07/18/gewitter-spanien-sagt-abschlusstraining-vor-wm-finale-ab-image-group/wide__1300x731,,Spanien hat wegen eines Gewitters auf das Abschlusstraining vor dem WM-Finale verzichtet und geht ohne letzten Test für den zuletzt angeschlagenen Lamine Yamal ins Endspiel gegen Argentinien. Wie Med… [+2416 chars],,Wetter: Gewitter: Spanien sagt Abschlusstraining vor WM-Finale ab. Hier finden Sie Informationen zu dem Thema „Wetter“. Lesen Sie jetzt „Gewitter: Spanien sagt Abschlusstraining vor WM-Finale ab“.,Weather: Thunderstorm: Spain cancels final training before World Cup final. Here you will find information on the subject of “weather”. Now read “Thunderstorm: Spain cancels final training before World Cup final”.,"Tempestas: Tonitruum: Hispania finalem disciplinam ante World Cup finalem destruit. Hic invenies informationes de ""tempestate"". Nunc legitur ""Thunderstorms: Hispania finalem disciplinam ante Trophaeum Mundi finalem destruit"".",2026-07-31 07:56:19+00:00
6f8d16cc106e83741e4419e0a57a85e8,2026-07-17T09:29:25Z,'Niedrigwasser',www.tagesschau.de,de,0.9,"Schifffahrt, Energieversorgung und Umwelt leiden unter Niedrigwasser","Der Pegelstand des Rhein ist schon jetzt zu niedrig, Schiffe können nur mit einem Drittel der Last fahren. Bei normalem Wasserstand sind begradigte Flüsse nützlich - aber in Hitzeperioden werden sie zum Problem. Von Jakob Sax.",https://www.tagesschau.de/wirtschaft/unternehmen/schifffahrt-niedrigwasser-100.html,https://images.tagesschau.de/image/160860dc-0a9d-453d-875b-336d3e85c8ee/AAABn2qdoCQ/AAABnSSvrFg/16x9-big/rhein-trockenheit-100.jpg?width=1280,http://web.archive.org/web/20260718024445/https://www.tagesschau.de/wirtschaft/unternehmen/schifffahrt-niedrigwasser-100.html,"Stand: 17.07.2026 11:29 Uhr
Der Pegelstand des Rhein ist schon jetzt zu niedrig, Schiffe können nur mit einem Drittel der Last fahren. Bei normalem Wasserstand sind begradigte Flüsse nützlich - aber… [+4279 chars]",,"Schifffahrt, Energieversorgung und Umwelt leiden unter Niedrigwasser. Der Pegelstand des Rhein ist schon jetzt zu niedrig, Schiffe können nur mit einem Drittel der Last fahren. Bei normalem Wasserstand sind begradigte Flüsse nützlich - aber in Hitzeperioden werden sie zum Problem. Von Jakob Sax.","Shipping, energy supply and the environment suffer from low water levels. The water level of the Rhine is already too low, ships can only sail with a third of their load. When water levels are normal, straightened rivers are useful - but during hot periods they become a problem. By Jakob Sax.","Shipping, industria copia et ambitus aquae gradus humilitatis laborant. Aquae Rhenum iam preme, non nisi tertio onere naves navigant. Cum aquae gradus normales sunt, flumina directa utilia sunt - sed in calidis temporibus quaestio fiunt. Excudebat Jakob Sax.",2026-07-31 12:06:05+00:00
cb3983f9a510f26f5f52ac932549e1b8,2026-07-27T07:22:07Z,'Niedrigwasser',www.zeit.de,de,0.9,Schiffsverkehr: IHK: Rhein-Niedrigwasser bedroht Wirtschaftswachstum,Hier finden Sie Informationen zu dem Thema „Schiffsverkehr“. Lesen Sie jetzt „IHK: Rhein-Niedrigwasser bedroht Wirtschaftswachstum“.,https://www.zeit.de/news/2026-07/27/ihk-rhein-niedrigwasser-bedroht-wirtschaftswachstum,https://img.zeit.de/news/2026-07/27/ihk-rhein-niedrigwasser-bedroht-wirtschaftswachstum-image-group/wide__1300x731,http://web.archive.org/web/20260728142549/https://www.zeit.de/news/2026-07/27/ihk-rhein-niedrigwasser-bedroht-wirtschaftswachstum,Das Niedrigwasser des Rheins hat nach Einschätzung der Industrie- und Handelskammern (IHK) Nordrhein-Westfalens erhebliche Folgen für die Wirtschaft. «Auf dem Rhein fahren die Schiffe ja immer mit et… [+1457 chars],,Schiffsverkehr: IHK: Rhein-Niedrigwasser bedroht Wirtschaftswachstum. Hier finden Sie Informationen zu dem Thema „Schiffsverkehr“. Lesen Sie jetzt „IHK: Rhein-Niedrigwasser bedroht Wirtschaftswachstum“.,Shipping traffic: IHK: Low water in the Rhine threatens economic growth. Here you will find information on the topic of “shipping traffic”. Read “IHK: Rhine low water threatens economic growth” now.,"Negotiatio navicularia: IHK: Minimum aquae in Rheno incrementum oeconomicum minatur. Hic informationes invenies in argumento ""negotii navicularii"". Lege ""IHK: Rhenus humilis aqua incrementum oeconomicum"" nunc minatur.",2026-07-31 12:06:05+00:00
08d2c35701a41499d77e8f666c09ebdc,2026-07-28T09:12:26Z,'Niedrigwasser',www.zeit.de,de,0.9,Gewässer: Niedrigwasser in der Spree - Arbeitsgruppe eingesetzt,Hier finden Sie Informationen zu dem Thema „Gewässer“. Lesen Sie jetzt „Niedrigwasser in der Spree - Arbeitsgruppe eingesetzt“.,https://www.zeit.de/news/2026-07/28/niedrigwasser-in-der-spree-arbeitsgruppe-eingesetzt,https://img.zeit.de/news/2026-07/28/niedrigwasser-in-der-spree-arbeitsgruppe-eingesetzt-image-group/wide__1300x731,http://web.archive.org/web/20260729110551/https://www.zeit.de/news/2026-07/28/niedrigwasser-in-der-spree-arbeitsgruppe-eingesetzt,"Die Spree führt derzeit so wenig Wasser, dass die Verantwortlichen in Berlin, Brandenburg und Sachsen alarmiert sind. Eine kurzfristig einberufene, länderübergreifende Arbeitsgruppe soll nun Maßnahme… [+1770 chars]",,Gewässer: Niedrigwasser in der Spree - Arbeitsgruppe eingesetzt. Hier finden Sie Informationen zu dem Thema „Gewässer“. Lesen Sie jetzt „Niedrigwasser in der Spree - Arbeitsgruppe eingesetzt“.,Waters: Low water in the Spree - working group set up. Here you will find information on the topic of “water bodies”. Now read “Low water in the Spree - working group set up”.,"Aquae: Minimum aqua in Spree - opus coetus erigitur. Hic informationes invenies in argumento ""corporum aquarum"". Nunc lege ""Aqua humilis in Spree - coetus operandi constituetur"".",2026-07-31 12:06:05+00:00
cf06be9828d81e32981a6a90c3a6c6a1,2026-07-28T09:17:11Z,'Niedrigwasser',www.zeit.de,de,0.9,Niedrigwasser am Rhein: Niedriger Wasserstand im Rhein könnte Wirtschaftsleistung dämpfen,"Die Pegelstände im Rhein sind immer weiter gesunken, zum Teil auf 30 Zentimeter. Das könnte das Bruttoinlandsprodukt laut einem Experten »um 0,1 bis 0,2 Prozent« dämpfen.",https://www.zeit.de/wirtschaft/2026-07/niedrigwasser-rhein-pegel-kaub-binnenschifffahrt-wirtschaft,https://img.zeit.de/wirtschaft/2026-07/niedrigwasser-rhein-pegel-kaub-binnenschifffahrt-wirtschaft-foto-1/wide__1300x731,http://web.archive.org/web/20260729040747/https://www.zeit.de/wirtschaft/2026-07/niedrigwasser-rhein-pegel-kaub-binnenschifffahrt-wirtschaft,Der niedrige Wasserstand im Rhein kann Experten zufolge die deutsche Wirtschaftsleistung beeinträchtigen. Der Direktor der Forschungsgruppe Konjunktur und Wachstum am Kieler Institut für Weltwirtscha… [+1205 chars],,"Niedrigwasser am Rhein: Niedriger Wasserstand im Rhein könnte Wirtschaftsleistung dämpfen. Die Pegelstände im Rhein sind immer weiter gesunken, zum Teil auf 30 Zentimeter. Das könnte das Bruttoinlandsprodukt laut einem Experten »um 0,1 bis 0,2 Prozent« dämpfen.","Low water on the Rhine: Low water levels in the Rhine could dampen economic performance. The water levels in the Rhine have continued to fall, in some cases to 30 centimeters. According to one expert, this could dampen gross domestic product “by 0.1 to 0.2 percent.”","Humilis aqua in Rheno: Minimum aquae gradus in Rheno oeconomiae operationes madefacere potuerunt. Aquae in Rheno inciderunt, in quibusdam ad 30 centimetra. Secundum unum peritum, hoc productum domesticum crassum madefacere potuit ""ab 0.1 ad 0,2 percent.""",2026-07-31 12:06:05+00:00
f38a5e67bda4f4ebfb7126acf70d73fa,2026-07-28T15:07:30Z,'Niedrigwasser',www.zeit.de,de,0.9,Niedrigwasser: Umweltminister warnt vor anhaltender Trockenheit trotz Regen,Hier finden Sie Informationen zu dem Thema „Niedrigwasser“. Lesen Sie jetzt „Umweltminister warnt vor anhaltender Trockenheit trotz Regen“.,https://www.zeit.de/news/2026-07/28/umweltminister-warnt-vor-anhaltender-trockenheit-trotz-regen,https://img.zeit.de/news/2026-07/28/umweltminister-warnt-vor-anhaltender-trockenheit-trotz-regen-image-group/wide__1300x731,http://web.archive.org/web/20260729040258/https://www.zeit.de/news/2026-07/28/umweltminister-warnt-vor-anhaltender-trockenheit-trotz-regen,"Es regnet immer wieder, doch die Trockenheit bleibt: Umweltminister Georg-Ludwig von Breitenbuch warnt vor einer trügerischen Wahrnehmung der Situation. «Wir müssen uns bewusst machen, dass die Dürre… [+1639 chars]",,Niedrigwasser: Umweltminister warnt vor anhaltender Trockenheit trotz Regen. Hier finden Sie Informationen zu dem Thema „Niedrigwasser“. Lesen Sie jetzt „Umweltminister warnt vor anhaltender Trockenheit trotz Regen“.,Low water: Environment Minister warns of continued drought despite rain. Here you will find information on the topic of “low water”. Now read “Environment Minister warns of continued drought despite rain”.,"Aqua humilis: Minister environment siccitatis continuae monet obstante pluvia. Hic informationes invenies in argumento ""aquae humilis"". Nunc legere ""Minenter environment siccitatis continuae non obstante pluvia"".",2026-07-31 12:06:05+00:00
332aac2059cd0590a95cbc4a1ee09639,2026-07-28T15:12:29Z,'Niedrigwasser',www.zeit.de,de,0.9,Wasserstände: Niedrigwasser am Rhein - Kaub vor neuem Tiefstwert,Hier finden Sie Informationen zu dem Thema „Wasserstände“. Lesen Sie jetzt „Niedrigwasser am Rhein - Kaub vor neuem Tiefstwert“.,https://www.zeit.de/news/2026-07/28/niedrigwasser-am-rhein-kaub-vor-neuem-tiefstwert,https://img.zeit.de/news/2026-07/28/niedrigwasser-am-rhein-kaub-vor-neuem-tiefstwert-image-group/wide__1300x731,,"Im Rhein herrscht Niedrigwasser, die Pegelstände grenzen teils an Tiefstwerten. Dem Wasserstraßen- und Schifffahrtsamt (WSA) Rhein zufolge liegt der Pegel in Kaub (Rhein-Lahn-Kreis) aktuell bei etwa … [+1351 chars]",,Wasserstände: Niedrigwasser am Rhein - Kaub vor neuem Tiefstwert. Hier finden Sie Informationen zu dem Thema „Wasserstände“. Lesen Sie jetzt „Niedrigwasser am Rhein - Kaub vor neuem Tiefstwert“.,Water levels: Low water on the Rhine - Kaub reaches a new low. Here you will find information on the topic of “water levels”. Now read “Low water on the Rhine - Kaub reaches new low”.,"Gradus aquae: Humilis aqua in Rheno - Kaub humilis nova attingit. Hic informationes invenies in argumento ""graduum aquarum"". Nunc legitur ""Aqua humilis in Rheno - Kaub novam humilitatem attingit"".",2026-07-31 12:06:05+00:00
64d79c2c904cce6693582e6fdd8550fd,2026-07-29T02:30:09Z,'Niedrigwasser',www.zeit.de,de,0.9,Freizeit und Tourismus: Niedrigwasser - kein Schiffskonvoi bei «Rhein in Flammen»,Hier finden Sie Informationen zu dem Thema „Freizeit und Tourismus“. Lesen Sie jetzt „Niedrigwasser - kein Schiffskonvoi bei «Rhein in Flammen»“.,https://www.zeit.de/news/2026-07/29/niedrigwasser-kein-schiffskonvoi-bei-rhein-in-flammen,https://img.zeit.de/news/2026-07/29/niedrigwasser-kein-schiffskonvoi-bei-rhein-in-flammen-image-group/wide__1300x731,http://web.archive.org/web/20260729101016/https://www.zeit.de/news/2026-07/29/niedrigwasser-kein-schiffskonvoi-bei-rhein-in-flammen,Die Trockenheit hat Folgen für das Feuerwerksspektakel «Rhein in Flammen» in Koblenz: Zwar wird die Veranstaltung vom 7. bis 9. August trotz der vorhergesagten niedrigen Wasserstände über die Bühne g… [+774 chars],,Freizeit und Tourismus: Niedrigwasser - kein Schiffskonvoi bei «Rhein in Flammen». Hier finden Sie Informationen zu dem Thema „Freizeit und Tourismus“. Lesen Sie jetzt „Niedrigwasser - kein Schiffskonvoi bei «Rhein in Flammen»“.,Leisure and tourism: Low water - no convoy of ships at “Rhine in Flames”. Here you will find information on the topic of “Leisure and Tourism”. Now read “Low water – no ship convoy during “Rhine in Flames””.,"Otium et voluptuaria: Minimum aqua - non commeatui navium apud ""Rhine in Flamma"". Hic informationes invenies in argumento ""Otium et Tourism"". Nunc lege ""Aqua humilis - nulla navis commeatum in ""Flammis Rheno"".",2026-07-31 12:06:05+00:00
ce96cca656f996a31916b33d8e0fdfe1,2026-07-29T12:12:53Z,'Niedrigwasser',www.zeit.de,de,0.9,Rheinland-Pfalz: Am Rhein droht niedrigster je gemessener Wasserstand,Der Wasserstand im Rhein könnte wegen der Dürre noch tiefer sinken als beim historischen Niedrigwasser 2018. Das stellt die Binnenschifffahrt vor immense Probleme.,https://www.zeit.de/wissenschaft/umwelt/2026-07/rhein-pegel-kaub-niedrigwasser-binnenschifffahrt,https://img.zeit.de/wissenschaft/umwelt/2026-07/rhein-pegel-kaub-niedrigwasser-binnenschifffahrt-foto-1/wide__1300x731,http://web.archive.org/web/20260729130720/https://www.zeit.de/wissenschaft/umwelt/2026-07/rhein-pegel-kaub-niedrigwasser-binnenschifffahrt,Die lang anhaltende Dürre lässt den Wasserstand des Rheins immer weiter sinken. Der für die Binnenschifffahrt wichtige Pegel in Kaub in Rheinland-Pfalz könnte amtlichen Prognosen der Generaldirektion… [+1338 chars],,Rheinland-Pfalz: Am Rhein droht niedrigster je gemessener Wasserstand. Der Wasserstand im Rhein könnte wegen der Dürre noch tiefer sinken als beim historischen Niedrigwasser 2018. Das stellt die Binnenschifffahrt vor immense Probleme.,"Rhineland-Palatinate: The water level on the Rhine is threatened with the lowest ever measured. Due to the drought, the water level in the Rhine could sink even lower than the historic low water level in 2018. This poses immense problems for inland shipping.","Rheno-Palatinatus: Aqua Rheni planities infima semper mensuratur. Ob siccitatem, aqua gradu in Rheno etiam inferiora quam historica aquae humilitatis anno 2018. Submergere potuit. Ingentes difficultates pro naviculas mediterraneas ponit.",2026-07-31 12:06:05+00:00
affe970d3e5cd53ef7e020ff9dee1b0e,2026-07-29T12:14:26Z,'Niedrigwasser',www.zeit.de,de,0.9,Nicht nur in der Spree: Niedrigwasser in vielen Brandenburger Flüssen,Hier finden Sie Informationen zu dem Thema „Nicht nur in der Spree“. Lesen Sie jetzt „Niedrigwasser in vielen Brandenburger Flüssen“.,https://www.zeit.de/news/2026-07/29/niedrigwasser-in-vielen-brandenburger-fluessen,https://img.zeit.de/news/2026-07/29/niedrigwasser-in-vielen-brandenburger-fluessen-image-group/wide__1300x731,http://web.archive.org/web/20260729154929/https://www.zeit.de/news/2026-07/29/niedrigwasser-in-vielen-brandenburger-fluessen,"Nicht nur in der Spree herrscht in Brandenburg derzeit Niedrigwasser. Ein Blick in die Daten des Landesamts für Umwelt Brandenburg (LfU) zeigt, dass beim Großteil der Flüsse im Land aktuell der Abflu… [+972 chars]",,Nicht nur in der Spree: Niedrigwasser in vielen Brandenburger Flüssen. Hier finden Sie Informationen zu dem Thema „Nicht nur in der Spree“. Lesen Sie jetzt „Niedrigwasser in vielen Brandenburger Flüssen“.,Not just in the Spree: low water levels in many Brandenburg rivers. Here you will find information on the topic “Not just in the Spree”. Now read “Low water in many Brandenburg rivers”.,"Non solum in Spree: aqua humilis in multis fluminibus Brandenburgensibus. Hic informationes invenies in themate ""Non solum in Spree"". Nunc lego ""Aqua humilis in multis fluminibus Brandenburgensibus"".",2026-07-31 12:06:05+00:00
3e1955d100af0afb4c027ab28eee7b3c,2026-07-29T13:32:16Z,'Niedrigwasser',www.zeit.de,de,0.9,"Weniger Wasser, mehr Probleme: Ein Strom verliert seinen Fluss - Niedrigwasser bremst Rhein","Hier finden Sie Informationen zu dem Thema „Weniger Wasser, mehr Probleme“. Lesen Sie jetzt „Ein Strom verliert seinen Fluss - Niedrigwasser bremst Rhein“.",https://www.zeit.de/news/2026-07/29/ein-strom-verliert-seinen-fluss-niedrigwasser-bremst-rhein,https://img.zeit.de/news/2026-07/29/ein-strom-verliert-seinen-fluss-niedrigwasser-bremst-rhein-image-group/wide__1300x731,,Der Fluss führt nur sehr wenig Wasser - und ist aktuell besonders warm: Der Rhein steht derzeit unter besonderer Belastung. Nach Angaben der Bundesanstalt für Gewässerkunde sind eigentlich der Spätso… [+6419 chars],,"Weniger Wasser, mehr Probleme: Ein Strom verliert seinen Fluss - Niedrigwasser bremst Rhein. Hier finden Sie Informationen zu dem Thema „Weniger Wasser, mehr Probleme“. Lesen Sie jetzt „Ein Strom verliert seinen Fluss - Niedrigwasser bremst Rhein“.","Less water, more problems: A river loses its flow - low water slows down the Rhine. Here you will find information on the topic “Less water, more problems”. Now read “A river loses its flow - low water slows down the Rhine”.","Minus aqua, plus problems: Fluvius amittit fluxum - Humilis aqua retardat Rhenum. Hic informationes invenies in themate ""Minus aqua, plura problemata"". Nunc legitur ""Fluvius fluxum amittit - humilis aqua Rhenum cohibetur"".",2026-07-31 12:06:05+00:00
16adb161deb3e176251895ac5d5aad09,2026-07-30T00:11:48Z,'Niedrigwasser',www.zeit.de,de,0.9,Atomkraft: Rumänien schaltet weiteren Reaktor wegen Niedrigwasser ab,"Der erste Reaktor des Atomkraftwerks Cernavodă in Rumänien war bereits heruntergefahren worden, nun folgt der zweite. Der Wasserstand der Donau sank auf einen Tiefstand.",https://www.zeit.de/wirtschaft/2026-07/niedrigwasser-donau-akw-cernavoda-rumaenien-atomkraft,https://img.zeit.de/wirtschaft/2026-07/niedrigwasser-donau-akw-cernavoda-rumaenien-atomkraft-foto-1/wide__1300x731,,"Schließen
Artikelzusammenfassung
Die Donau wird zum Flaschenhals der rumänischen Atomkraft. Nachdem Reaktor 1 in Cernavod bereits vor einigen Tagen vom Netz ging, folgt nun wegen des dramatisch ges… [+1066 chars]",,"Atomkraft: Rumänien schaltet weiteren Reaktor wegen Niedrigwasser ab. Der erste Reaktor des Atomkraftwerks Cernavodă in Rumänien war bereits heruntergefahren worden, nun folgt der zweite. Der Wasserstand der Donau sank auf einen Tiefstand.","Nuclear power: Romania shuts down another reactor due to low water levels. The first reactor at the Cernavodă nuclear power plant in Romania had already been shut down, and now the second reactor follows. The water level of the Danube fell to a low point.",Potestas nuclearis: Romania aliud reactorem claudit ob gradus aquae humilis. Primum reactor plantae nuclearis in Cernavoda in Romania iam clausa erat et nunc secundus reactor sequitur. Danubii planities elapsa est aquae ima.,2026-07-31 12:06:05+00:00
590b3c2fc231802983af3babff4c0a65,2026-07-30T12:54:10Z,'Niedrigwasser',www.zeit.de,de,0.9,Von Spaziergängerin entdeckt: Niedrigwasser im Rhein legt Handgranate frei – Sprengung,Hier finden Sie Informationen zu dem Thema „Von Spaziergängerin entdeckt“. Lesen Sie jetzt „Niedrigwasser im Rhein legt Handgranate frei – Sprengung“.,https://www.zeit.de/news/2026-07/30/niedrigwasser-im-rhein-legt-handgranate-frei-sprengung,https://img.zeit.de/news/2026-07/30/niedrigwasser-im-rhein-legt-handgranate-frei-sprengung-image-group/wide__1300x731,,Der niedrige Wasserstand am Rhein hat eine Handgranate im Uferbereich bei Altlußheim (Rhein-Neckar-Kreis) freigelegt. Eine Spaziergängerin entdeckte diese am Mittwochnachmittag bei einer Gassirunde m… [+640 chars],,Von Spaziergängerin entdeckt: Niedrigwasser im Rhein legt Handgranate frei – Sprengung. Hier finden Sie Informationen zu dem Thema „Von Spaziergängerin entdeckt“. Lesen Sie jetzt „Niedrigwasser im Rhein legt Handgranate frei – Sprengung“.,Discovered by a walker: low water in the Rhine exposes hand grenades - detonation. Here you will find information on the topic “Discovered by a walker”. Now read “Low water in the Rhine exposes hand grenade – detonation”.,"Discovered by walker: humilis aqua in Rheno exponit manus tasque - detonation. Hic informationes invenies in argumento ""Inventi ambulatori"". Nunc legitur ""Aqua Humilis Rheni patefacit manus grenade - detonation"".",2026-08-01 03:37:34+00:00
de22a9867a3c71d83e54b068b6c1c5a6,2026-07-16T08:55:00Z,'Hochwasser',science.orf.at,de,0.9,Hochwassergefahr in den Alpen steigt,"Die Gefahr von extremen Hochwassern im Alpenraum wird laut Schweizer Fachleuten  zunehmen. Sie haben Simulationen gemacht, die auf stündlichen Daten aus knapp 400 Flüssen der Schweiz und Österreichs basieren.",https://science.orf.at/stories/3236515/,https://ibs.orf.at/science?image=https%3A%2F%2Ftubestatic.orf.at%2Fmims%2F2026%2F29%2F57%2Fcrops%2Fw%3D1200%2Ch%3D627%2Cq%3D75%2F3115826_master_1207157_landwasser_hochwasser_davos_manuela_brunner_gross.jpg%3Fs%3Deaaad93d6f760c1ad10bc85a68068376c0bed35d,http://web.archive.org/web/20260716210231/https://science.orf.at/stories/3236515/,"Hundertjährliche Hochwasser werden in den Alpen um fünf bis 15 Prozent intensiver, berichtete das WSL-Institut für Schnee- und Lawinenforschung in Davos am Donnerstag. Ein solches Ereignis könne künf… [+1457 chars]",,"Hochwassergefahr in den Alpen steigt. Die Gefahr von extremen Hochwassern im Alpenraum wird laut Schweizer Fachleuten  zunehmen. Sie haben Simulationen gemacht, die auf stündlichen Daten aus knapp 400 Flüssen der Schweiz und Österreichs basieren.","The risk of flooding in the Alps is increasing. According to Swiss experts, the risk of extreme floods in the Alpine region will increase. They made simulations based on hourly data from almost 400 rivers in Switzerland and Austria.",Inundationis in Alpibus periculum increscit. Secundum peritis Helvetiis periculum extremae diluvii in regione Alpina crescent. Simulationes in horas notitias e fluminibus fere 400 in Helvetia et Austria fecerunt.,2026-08-01 11:23:21+00:00
dd57346b22ed91031f547f9f5e7daba9,2026-07-16T11:26:15Z,'Hochwasser',tirol.orf.at,de,0.9,Unruhe wegen geplantem Sondermüll-Lager,Im Fließer Ortsteil Fließerau (Bezirk Landeck) sorgt ein geplantes Sondermüll-Zwischenlager für Proteste. Anrainerinnen und Anrainer befürchten Gefahren durch mögliche Hochwasser oder Brände. Die Betreiberfirma verweist auf hohe Sicherheitsstandards und geset…,https://tirol.orf.at/stories/3362954/,https://ibs.orf.at/tir?image=https%3A%2F%2Foekastatic.orf.at%2Fmims%2F2026%2F29%2F10%2Fcrops%2Fw%3D1200%2Ch%3D627%2Cq%3D75%2F3115943_master_1207210_72e3a30e-dbf5-491d-82a4-1766dcf3c3b0.jpg%3Fs%3D2a18284998a6374b7a56bd517fa6aebd844f5c8e,http://web.archive.org/web/20260716205212/https://tirol.orf.at/stories/3362954/,"Insbesondere die geplanten 50 Tonnen an gefährlichen Stoffen, darunter Säuren, Quecksilber und Blei, die auf dem Areal gelagert werden sollen, veranlassen Anrainerinnen und Anrainer, gegen das Vorhab… [+1503 chars]",,Unruhe wegen geplantem Sondermüll-Lager. Im Fließer Ortsteil Fließerau (Bezirk Landeck) sorgt ein geplantes Sondermüll-Zwischenlager für Proteste. Anrainerinnen und Anrainer befürchten Gefahren durch mögliche Hochwasser oder Brände. Die Betreiberfirma verweist auf hohe Sicherheitsstandards und geset…,"Unrest due to planned hazardous waste storage facility. In the Fließerau district (Landeck district), a planned temporary hazardous waste storage facility is causing protests. Residents fear danger from possible floods or fires. The operating company refers to high security standards and...","Inquietudo propter ancipitia vastum cogitavit facilitas repono. In Fließerau districtu (Landeck districtu), ancipitia vasti temporis meditata facilitas reponendi causat reclamationes. Inundationes vel incendia periculum habitantes timent. Societas operativa refertur ad signa alta securitatis et...",2026-08-01 11:23:21+00:00
c17cabbea9e5a5d28bca792ce0df6514,2026-07-17T03:25:01Z,'Hochwasser',noe.orf.at,de,0.9,Hochwasserschutz an Donau wird weiter ausgebaut,Der Hochwasserschutz entlang der Donau wird weiter ausgebaut. In den kommenden zwei Jahren sollen laut dem Land 17 Millionen Euro in vier Projekte investiert werden. Neben technischen Schutzmaßnahmen soll auch die Renaturierung vorangetrieben werden.,https://noe.orf.at/stories/3362713/,https://ibs.orf.at/noe?image=https%3A%2F%2Foekastatic.orf.at%2Fmims%2F2021%2F22%2F77%2Fcrops%2Fw%3D1200%2Ch%3D627%2Cq%3D75%2F955593_master_335577_210528_v1_auenwildnis_wachau_00_00_01_11.jpg%3Fs%3Dafd729f9c7315556d7698416a7844f7250949fb2,http://web.archive.org/web/20260717221008/https://noe.orf.at/stories/3362713/,Die Donau ist Transport- und Handelsweg sowie Erholungs- und Lebensraum für viele Tier- und Pflanzenarten. Zugleich kann sie aber bei Extremwetterereignissen für verheerende Schäden sorgen. Seit dem … [+2511 chars],,Hochwasserschutz an Donau wird weiter ausgebaut. Der Hochwasserschutz entlang der Donau wird weiter ausgebaut. In den kommenden zwei Jahren sollen laut dem Land 17 Millionen Euro in vier Projekte investiert werden. Neben technischen Schutzmaßnahmen soll auch die Renaturierung vorangetrieben werden.,"Flood protection on the Danube is being further expanded. Flood protection along the Danube is being further expanded. According to the state, 17 million euros will be invested in four projects over the next two years. In addition to technical protective measures, renaturation should also be promoted.","Diluvii praesidium in Danubio ulterius ampliatur. Diluvii praesidium per Danubium ulterius dilatatur. Secundum rem publicam, XVII miliones nummi in quattuor inceptis per proximum biennium collocabuntur. Praeter technicas tutelae mensuras, renaturatio etiam promovenda est.",2026-08-01 11:23:21+00:00
43eb11a08d8426e962e8b7fdbc550e0a,2026-07-23T09:56:21Z,'Hochwasser',www.zeit.de,de,0.9,Hochwasserschutz: Neue Deiche und Flussschlingen an der Weißen Elster,Hier finden Sie Informationen zu dem Thema „Hochwasserschutz“. Lesen Sie jetzt „Neue Deiche und Flussschlingen an der Weißen Elster“.,https://www.zeit.de/news/2026-07/23/neue-deiche-und-flussschlingen-an-der-weissen-elster,https://img.zeit.de/news/2026-07/23/neue-deiche-und-flussschlingen-an-der-weissen-elster-image-group/wide__1300x731,http://web.archive.org/web/20260723231815/https://www.zeit.de/news/2026-07/23/neue-deiche-und-flussschlingen-an-der-weissen-elster,"Eines der größten Hochwasserschutzprojekte Thüringens geht in seine letzte Etappe: Neue Deiche auf rund 1,7 Kilometern und ein neues Hochwasser- und Abwasserpumpwerk sollen den Ort Caaschwitz (Landkr… [+1380 chars]",,Hochwasserschutz: Neue Deiche und Flussschlingen an der Weißen Elster. Hier finden Sie Informationen zu dem Thema „Hochwasserschutz“. Lesen Sie jetzt „Neue Deiche und Flussschlingen an der Weißen Elster“.,Flood protection: New dikes and river loops on the White Elster. Here you will find information on the topic of “flood protection”. Read “New dikes and river loops on the White Elster” now.,"Tutela diluvii: Nova fossata et loramenta fluvii in Alba Elster. Hic informationes invenies in argumento ""diluvii tutelae"". Lege ""Nova fossata et loramenta fluvii in Alba Elster"" nunc.",2026-08-01 11:23:21+00:00
4566018f48dab7c004faeaffb607d399,2026-07-25T09:55:00Z,'Hochwasser',www.teltarif.de,de,0.9,Fünf Jahre nach der Ahrtal-Flut: Wie gut warnt NINA heute?,"Die NINA-App gehört zu den wichtigsten Warnsystemen in Deutschland und informiert über Unwetter, Hochwasser, Brände oder andere Gefahren. Nach einem umfangreichen Update und der Einführung von Cell Broadcast stellt sich die Frage: Wie gut funktioniert die App…",https://www.teltarif.de/warnapp-nina-flutkatastrophe-ahrtal-warnung/news/104935.html,https://www.teltarif.de/img/arch/2026/kw30/warnapp-nina-flutkatastrophe-ahrtal-warnung-1og.jpg,http://web.archive.org/web/20260726162617/https://www.teltarif.de/warnapp-nina-flutkatastrophe-ahrtal-warnung/news/104935.html,"Bei der Flut im Juli 2021 kam die Warnung über NINA teils verspätet an, viele Betroffene wurden nicht mehr rechtzeitig informiert. Fünf Jahre nach der Ahrtal-Flut bleibt die Warn-App NINA ein zentral… [+5581 chars]",,"Fünf Jahre nach der Ahrtal-Flut: Wie gut warnt NINA heute?. Die NINA-App gehört zu den wichtigsten Warnsystemen in Deutschland und informiert über Unwetter, Hochwasser, Brände oder andere Gefahren. Nach einem umfangreichen Update und der Einführung von Cell Broadcast stellt sich die Frage: Wie gut funktioniert die App…","Five years after the Ahrtal flood: How well does NINA warn today? The NINA app is one of the most important warning systems in Germany and provides information about storms, floods, fires or other dangers. After a comprehensive update and the introduction of Cell Broadcast, the question arises: How well does the app work…","Quinque annis post diluvium Ahrtal: Quomodo bene monet NINA hodie? NINA app est una ex maximis systematibus in Germania monentibus et informationes praebet de tempestatibus, inundationibus, incendiis vel aliis periculis. Post renovationem comprehensivam et inductionem Celli Iaci, quaestio oritur: Quomodo bene opus app…",2026-08-01 11:23:21+00:00
f816e6e1faa42867f3a434271864a679,2026-07-24T10:55:14Z,'Eicheln',www.sueddeutsche.de,de,0.9,Haben & Sein: Kurz mal frisch machen!,"Der Sommer biegt auf die Zielgerade ein. Genau der richtige Zeitpunkt für einen kurzen Boxenstopp: Feuchtigkeit ins Gesicht, Frischeduft ins Auto, richtig schön duschen, Mode-Roman ins Gepäck und dann ab in die Ferien!",https://www.sueddeutsche.de/stil/auto-parfum-hello-klean-duschkopf-sommerbeauty-li.3519803,https://www.sueddeutsche.de/2026/07/24/e06dddeb-0a8f-4e7c-98b8-0be104141f64.png?q=60&fm=webp&width=1200&rect=0%2C375%2C4000%2C2250,http://web.archive.org/web/20260725062734/https://www.sueddeutsche.de/stil/auto-parfum-hello-klean-duschkopf-sommerbeauty-li.3519803,"Klares Wasser marsch!
Vor einigen Jahren hat das Start-up Hello Klean einem alltäglichen Feind den Krieg erklärt: Kalk in unseren Wasserleitungen. Der hat nämlich nicht nur die unschöne Angewohnheit… [+5814 chars]",,"Haben & Sein: Kurz mal frisch machen!. Der Sommer biegt auf die Zielgerade ein. Genau der richtige Zeitpunkt für einen kurzen Boxenstopp: Feuchtigkeit ins Gesicht, Frischeduft ins Auto, richtig schön duschen, Mode-Roman ins Gepäck und dann ab in die Ferien!","Having & Being: Freshen up for a moment! Summer is entering the home stretch. It's exactly the right time for a quick pit stop: moisturize your face, smell fresh in your car, take a really nice shower, put a fashion novel in your luggage and then head off on vacation!","Habens & Ens: Freshen up for a moment! Aestas domum tractum intrat. Tempus est prorsus opportunum foveae sistendae celeris: madefacie faciem tuam, recentem olfacies in curru tuo, sume vere delicatus imber, pone modum novum in sarcinas tuas et tunc caput ferias agite!",2026-08-02 07:36:16+00:00
c5ad3110685f99b02a63ac5088d05efa,2026-07-17T14:25:57Z,'Niedrigwasser',www.bild.de,de,0.9,Fluss trocknet aus - Der Rhein wird zum Wanderweg,Durch das extreme Niedrigwasser im Rhein ist die ikonische Mäuseturminsel bei Bingen zu Fuß erreichbar.,https://www.bild.de/regional/rheinland-pfalz/der-rhein-wird-zum-wanderweg-fluss-trocknet-aus-6a59f8c661b8a80211aa964a,"https://images.bild.de/6a59f8c661b8a80211aa964a/2dcba15f5aab192c8930cc6c83abb4ac,892a1633?w=1280",,TTS-Player überspringenArtikel weiterlesenBingen am Rhein (Rheinland-Pfalz) Es ist eine lebensgefährliche Verlockung. Durch das extreme Niedrigwasser im Rhein ist die ikonische Mäuseturminsel bei Bin… [+2146 chars],,Fluss trocknet aus - Der Rhein wird zum Wanderweg. Durch das extreme Niedrigwasser im Rhein ist die ikonische Mäuseturminsel bei Bingen zu Fuß erreichbar.,"The river dries up - the Rhine becomes a hiking trail. Due to the extremely low water in the Rhine, the iconic Mouse Tower Island near Bingen can be reached on foot.","The river aret up -- the Rhine becomes a hiking trail . Ob aquam in Rheno humilem, mus iconicus turrim Islandicam prope Bingen pedibus attingi potest.",2026-08-02 21:03:10+00:00
ae73705cb658df6a80b98309f4dc6359,2026-07-20T12:51:54Z,'Niedrigwasser',www.tagesspiegel.de,de,0.9,Trockenheit und Niedrigwasser: Lausitzer Wasserspeicher stützen Pegel in der Spree,Mehr als 44 Millionen Kubikmeter Wasser flossen 2025 aus Lausitzer Speichern in die Spree. Wie die LMBV auf Trockenheit und sinkende Flusspegel reagiert.,https://www.tagesspiegel.de/berlin/trockenheit-und-niedrigwasser-lausitzer-wasserspeicher-stutzen-pegel-in-der-spree-15858824.html,https://www.tagesspiegel.de/images/15858823/alternates/BASE_16_9_W1400/1784551914000/wie-wasserspeicher-niedrige-flusspegel-stutzen.jpeg,http://web.archive.org/web/20260721142224/https://www.tagesspiegel.de/berlin/trockenheit-und-niedrigwasser-lausitzer-wasserspeicher-stutzen-pegel-in-der-spree-15858824.html,Aufgrund anhaltender Trockenheit und niedriger Flusspegel nutzt die Lausitzer- und Mitteldeutsche Bergbauverwaltungsgesellschaft (LMBV) ihre Wasserspeicher zur Unterstützung der Fließgewässer. Zur St… [+969 chars],,Trockenheit und Niedrigwasser: Lausitzer Wasserspeicher stützen Pegel in der Spree. Mehr als 44 Millionen Kubikmeter Wasser flossen 2025 aus Lausitzer Speichern in die Spree. Wie die LMBV auf Trockenheit und sinkende Flusspegel reagiert.,"Drought and low water: Lusatian water reservoirs support levels in the Spree. In 2025, more than 44 million cubic meters of water flowed from Lusatian reservoirs into the Spree. How the LMBV responds to drought and falling river levels.","Aquae siccitatis et humilis: piscinae Lusatianae aquae subsidii gradus in Spree. Anno 2025, plus quam 44 decies centena metra cubicorum aquae e receptaculis Lusatianis in Spree fluxerunt. Quomodo LMBV respondet siccitati et gradui fluminis cadentis.",2026-08-02 21:03:10+00:00
2105ef8cd3b12c8103e46603455a87cd,2026-07-27T10:11:10Z,'Niedrigwasser',www.sueddeutsche.de,de,0.9,Gütertransport: Niedrigwasser auf dem Rhein schränkt Schifffahrt ein,"Der sinkende Pegel des Rheins erschwert den Gütertransport, erhöht Kosten und belastet die deutsche Wirtschaft. Frachtschiffe fahren oft nur teilbeladen.",https://www.sueddeutsche.de/wirtschaft/rhein-niedrigwasser-frachtkapazitaet-kosten-li.3522201,https://www.sueddeutsche.de/2026/07/24/e35e0597-a9a6-4045-a82d-1b55906a9495.jpg?q=60&fm=webp&width=1200&rect=0%2C209%2C4000%2C2250,http://web.archive.org/web/20260727161902/https://www.sueddeutsche.de/wirtschaft/rhein-niedrigwasser-frachtkapazitaet-kosten-li.3522201,"Binnenschiffe seien oft zu höchstens 15 bis 20 Prozent beladen, hieß es aus Händlerkreisen. Die Probleme halten an und eine Besserung ist in dieser Woche nicht in Sicht, sagte ein Rohstoffhändler. Zw… [+778 chars]",,"Gütertransport: Niedrigwasser auf dem Rhein schränkt Schifffahrt ein. Der sinkende Pegel des Rheins erschwert den Gütertransport, erhöht Kosten und belastet die deutsche Wirtschaft. Frachtschiffe fahren oft nur teilbeladen.","Freight transport: Low water on the Rhine restricts shipping. The falling level of the Rhine makes it more difficult to transport goods, increases costs and puts a strain on the German economy. Cargo ships often only sail partially loaded.","Naves onerariae: Humilis aqua in Rheno naviculas restringit. Lapsus Rheni difficiliorem efficit bona transportanda, sumptus auget et laborem in oeconomia Germanica ponit. Naves onerariae saepe tantum partim oneratae navigant.",2026-08-02 21:03:10+00:00
0f1e0114958d9192f7efa4b3d8d61a9f,2026-07-28T04:08:20Z,'Niedrigwasser',www.diepresse.com,de,0.9,Selenskyj und Netanyahu im Weißen Haus • Lenzing baut massiv Jobs ab • Niedrigwasser: Schifffahrt auf Donau eingeschränkt,"Guten Morgen, heute ist Dienstag, der 28. Juli 2026. Hier sind die wichtigsten Nachrichten zum Start in den Tag.",https://www.diepresse.com/39986359/selenskyj-und-netanyahu-im-weissen-haus-lenzing-baut-massiv-jobs-ab-auf,https://www.diepresse.com/assets_v2/images/diepresse_nachrichten.png,http://web.archive.org/web/20260728192153/https://www.diepresse.com/39986359/selenskyj-und-netanyahu-im-weissen-haus-lenzing-baut-massiv-jobs-ab-auf,"Die Presse auf Google als bevorzugte Nachrichtenquelle hinzufügen.
 Heute empfängt US-Präsident Donald Trump gleich zwei interessante Gesprächspartner. Israels Ministerpräsident Benjamin Netanyahu w… [+4678 chars]",,"Selenskyj und Netanyahu im Weißen Haus • Lenzing baut massiv Jobs ab • Niedrigwasser: Schifffahrt auf Donau eingeschränkt. Guten Morgen, heute ist Dienstag, der 28. Juli 2026. Hier sind die wichtigsten Nachrichten zum Start in den Tag.","Zelenskyj and Netanyahu in the White House • Lenzing is massively cutting jobs • Low water: shipping on the Danube restricted. Good morning, today is Tuesday, July 28, 2026. Here are the most important news to start the day.","Zelenskyj et Netanyahu in Domo Alba • Lenzingia jobs • Minimum aqua massive secans: naviculas in Danubio restringitur. Bonum mane, hodie est Martis, die 28 mensis Iulii, anno 2026. Hic sunt potissima nuntia ut dies committitur.",2026-08-02 21:03:10+00:00
67277c19be7a6277a8c17a948fb8535e,2026-07-28T04:10:12Z,'Niedrigwasser',www.diepresse.com,de,0.9,Niedrigwasser auf der Donau schränkt Schifffahrt ein,"Ausbleibender Niederschlag und hohe Temperaturen sorgen für niedrige
Pegelstände auf der Donau. Es gibt zwar keine behördliche Sperre, aber die DDSG Danube ist derzeit nur mit eingeschränktem Fahrplan unterwegs.",https://www.diepresse.com/39986531/niedrigwasser-auf-der-donau-schraenkt-schifffahrt-ein,https://img.diepresse.com/public/incoming/3u6b1r-22730394794207832bldhiresjpg/alternates/WEBP_WIDE_1200/22730394794207832_BLD_HiRes.jpg,http://web.archive.org/web/20260729054011/https://www.diepresse.com/39986531/niedrigwasser-auf-der-donau-schraenkt-schifffahrt-ein,"Die Presse auf Google als bevorzugte Nachrichtenquelle hinzufügen.
 Aktuell sind aufgrund ausbleibender Niederschläge und hoher Temperaturen die Pegelstände auf der Donau niedrig. Das schränkt die S… [+2695 chars]",,"Niedrigwasser auf der Donau schränkt Schifffahrt ein. Ausbleibender Niederschlag und hohe Temperaturen sorgen für niedrige
Pegelstände auf der Donau. Es gibt zwar keine behördliche Sperre, aber die DDSG Danube ist derzeit nur mit eingeschränktem Fahrplan unterwegs.","Low water on the Danube restricts shipping. A lack of precipitation and high temperatures ensure low temperatures
Water levels on the Danube. Although there is no official ban, the DDSG Danube is currently only operating with a limited schedule.","Humilis aqua in Danubio naviculas restringit. Imminuta praecipitatio et caliditas curare humilis temperaturis
Aquae in Danubio aequat. Etsi bannum officiale non est, DDSG Danuvius nunc tantum cum schedula limitata operatur.",2026-08-02 21:03:10+00:00
17366efc75b6e5f819d5e11e4598bf58,2026-07-29T12:46:19Z,'Niedrigwasser',www.bild.de,de,0.9,Wasser-Notstand in unseren Flüssen - Fluss-Kreuzer läuft in Bulgarien auf Grund,Ein Flusskreuzer läuft auf der Donau in Bulgarien auf Grund – verursacht durch Niedrigwasser und schlechte Sicht. Der Vorfall zeigt ein größeres Problem:...,https://www.bild.de/news/wasser-notstand-in-unseren-fluessen-fluss-kreuzer-laeuft-in-bulgarien-auf-grund-6a68f5bc1ff9bc89d881221b,"https://images.bild.de/6a68f5bc1ff9bc89d881221b/f17c590693af8b022b48f6ad31abf754,8bff7f38?w=1280",http://web.archive.org/web/20260729211143/https://www.bild.de/news/wasser-notstand-in-unseren-fluessen-fluss-kreuzer-laeuft-in-bulgarien-auf-grund-6a68f5bc1ff9bc89d881221b,"Mehr zum Video anzeigen 
Ein Flusskreuzer läuft auf der Donau in Bulgarien auf Grund verursacht durch Niedrigwasser und schlechte Sicht. Der Vorfall zeigt ein größeres Problem: Europas Flüsse leiden… [+232 chars]",,Wasser-Notstand in unseren Flüssen - Fluss-Kreuzer läuft in Bulgarien auf Grund. Ein Flusskreuzer läuft auf der Donau in Bulgarien auf Grund – verursacht durch Niedrigwasser und schlechte Sicht. Der Vorfall zeigt ein größeres Problem:...,Water emergency in our rivers - river cruiser runs aground in Bulgaria. A river cruiser runs aground on the Danube in Bulgaria - caused by low water and poor visibility. The incident highlights a larger problem:...,Aquae repentinae in fluminibus nostris - flumen cruiser in Bulgariam eiicitur. Fluvius cruiser haesitat in Danubio in Bulgariam - ex aqua humili et visibilitate pauperum. Res maior problema effert:...,2026-08-02 21:03:10+00:00
10cac03c9a4063749b7c03a7b3b89bbf,2026-07-30T02:06:52Z,'Niedrigwasser',www.n-tv.de,de,0.9,"Zwei Reaktoren, kein Strom: Donau-Niedrigwasser zwingt Rumäniens einziges AKW in die Knie","Die Pegelstände der Donau befinden sich nach geringen Niederschlägen und mehreren Hitzewellen auf historischen Tiefständen. Das ist ein Problem für die Schifffahrt, aber auch für das Atomkraftwerk Cernavoda: ohne Wasser keine Kühlung.",https://www.n-tv.de/wirtschaft/Donau-Niedrigwasser-zwingt-Rumaeniens-einziges-AKW-in-die-Knie-id31139715.html,https://www.n-tv.de/img/31139714/1785383163/Img_16_9/1200/KHNP-to-supply-voltage-stabilizers-to-Romania-This-photo-provided-by-Korea-Hydro-and-Nuclear-Power-Co-KHNP-shows-the-Cernavoda-Nuclear-Power-Plant-in-Cernavoda-Romania-The-South-Korean-company-said-on-May-27-2021-that-it-has-been-selected-as-the-supplier-of-voltage-stabilizers-to-the-Romanian-nuclear-power-station-in-international-bidding.jpg,,"Das Atomkraftwerk Cernavoda deckt ungefähr ein Fünftel des rumänischen Stromverbrauchs. (Foto: picture alliance / YONHAPNEWS AGENCY)
Die Pegelstände der Donau befinden sich nach geringen Niederschlä… [+2571 chars]",,"Zwei Reaktoren, kein Strom: Donau-Niedrigwasser zwingt Rumäniens einziges AKW in die Knie. Die Pegelstände der Donau befinden sich nach geringen Niederschlägen und mehreren Hitzewellen auf historischen Tiefständen. Das ist ein Problem für die Schifffahrt, aber auch für das Atomkraftwerk Cernavoda: ohne Wasser keine Kühlung.","Two reactors, no electricity: low water levels on the Danube are bringing Romania's only nuclear power plant to its knees. The Danube's water levels are at historic lows following low rainfall and several heat waves. This is a problem for shipping, but also for the Cernavoda nuclear power plant: without water, there is no cooling.","Duo reactores, nulla electricitas: aqua humilis in Danubio plantam suam ad genua solum potentiae nuclearis Romaniae afferunt. Aquae Danuvii gradus historici sunt in sequentibus pluviae humiles et complures fluctus aestus. Hoc problema de naviculas est, sed etiam de Cernavoda plantae potentiae nuclearis: sine aqua nulla refrigeratio est.",2026-08-02 21:03:10+00:00
4e07546eb02fe582f7124a672a856dcd,2026-07-31T09:05:00Z,'Niedrigwasser',www.focus.de,de,0.9,Niedrigwasser legt Nazi-Wracks in Donau frei - Bergung bleibt riskant,"Sinkende Pegel am Donau-Abschnitt bei Prahovo legen NS-Kriegsschiffe frei. Die EU lässt 21 Wracks bergen, weil sie Schifffahrt behindern und gefährlich bleiben.",https://www.focus.de/politik/ausland/niedrigwasser-legt-nazi-wracks-in-donau-frei-bergung-bleibt-riskant_53deafa7-d2a2-408f-ae88-2ba524097fe1.html,"https://quadro.burda-forward.de/ctf/5a99e1f9-17fa-41bc-86bc-7322b9fb7415.e60e2483-b3cd-480c-a71e-a07f852b6882.jpg?im=RegionOfInterestCrop=(1200,630),regionOfInterest=(2132,1292)&hash=85e9b9a6a96b0dd04602334ce1676f0eb1acc1a1ed3b178768861ed646062247",,Am Donau-Abschnitt bei Prahovo im Osten Serbiens tauchen wegen anhaltender Hitze und sinkender Wasserstände erneut Relikte aus dem Zweiten Weltkrieg auf. Sichtbar werden dabei zahlreiche Wracks deuts… [+2448 chars],,"Niedrigwasser legt Nazi-Wracks in Donau frei - Bergung bleibt riskant. Sinkende Pegel am Donau-Abschnitt bei Prahovo legen NS-Kriegsschiffe frei. Die EU lässt 21 Wracks bergen, weil sie Schifffahrt behindern und gefährlich bleiben.",Low water exposes Nazi wreckage in Danube - salvage remains risky. Falling water levels on the Danube section near Prahovo expose Nazi warships. The EU is having 21 wrecks salvaged because they hinder shipping and remain dangerous.,Humilis aqua naufragia Nazi in Danubio exponit - salvagium manet periculosum. Gradus aquae cadentes in sectione Danubio prope Prahovo naves longas Rolandus exponunt. UE naufragia 21 salvari habet quod naves impediunt et periculosa manent.,2026-08-02 21:03:10+00:00
b99a0bf0cf6d8aa77880aab8d9048dab,2026-07-31T12:09:40Z,'Niedrigwasser',www.sueddeutsche.de,de,0.9,Wasserknappheit: Rhein-Niedrigwasser nahe Rekordtief,Niedrige Wasserstände erschweren den Gütertransport per Schiff und erhöhen die Transportkosten. Der Chemiekonzern Evonik prüft deshalb alternative Verkehrswege.,https://www.sueddeutsche.de/wirtschaft/rhein-rheinland-pfalz-rekordtief-wasserstand-li.3524589,https://www.sueddeutsche.de/2026/07/31/2aa823b3-478a-4f8f-a364-eb672cd7808c.jpg?q=60&fm=webp&width=1200&rect=1%2C0%2C3998%2C2249,,"Das hat wirtschaftliche Folgen, da Frachtschiffe nur mit einem Bruchteil der möglichen Kapazität beladen werden können. Das treibt die Transportkosten in die Höhe. Die Wasserstände im Rhein sind derz… [+1267 chars]",,Wasserknappheit: Rhein-Niedrigwasser nahe Rekordtief. Niedrige Wasserstände erschweren den Gütertransport per Schiff und erhöhen die Transportkosten. Der Chemiekonzern Evonik prüft deshalb alternative Verkehrswege.,Water shortage: Rhine low water near record low. Low water levels make it more difficult to transport goods by ship and increase transport costs. The chemical company Evonik is therefore examining alternative transport routes.,Aquae penuriae: Rhenus low water near record low. Gradus aquae humilis difficiliorem faciunt bona onerariis navibus onerariis sumptibus augere. Societas chemica Evonik est ideo explorans modos itinera oneraria.,2026-08-02 21:03:10+00:00
cf15102c98bcc999364260276f46cb62,2026-07-31T19:00:00Z,'Niedrigwasser',www.morgenpost.de,de,0.9,Historisches Niedrigwasser: Bundesregierung fordert Bau-Turbo für den Rhein,Niedrigwasser bremst die Schifffahrt. Der Maritime Koordinator der Bundesregierung fordert einen schnelleren Ausbau der Wasserstraßen.,https://www.morgenpost.de/politik/article412728736/historisches-niedrigwasser-bundesregierung-fordert-bau-turbo-fuer-den-rhein.html,https://img.sparknews.funkemedien.de/412728784/412728784_1785499967_v16_9_1600.jpeg,,"Angesichts des anhaltenden Niedrigwassers auf dem Rhein hat der Maritime Koordinator der Bundesregierung, Christoph Ploß (CDU), einen schnelleren Ausbau der Wasserstraßen gefordert. Das Niedrigwasser… [+1846 chars]",,Historisches Niedrigwasser: Bundesregierung fordert Bau-Turbo für den Rhein. Niedrigwasser bremst die Schifffahrt. Der Maritime Koordinator der Bundesregierung fordert einen schnelleren Ausbau der Wasserstraßen.,Historic low water: Federal government calls for construction boost for the Rhine. Low water slows shipping. The Federal Government's Maritime Coordinator is calling for faster expansion of the waterways.,Historic aqua humilis: regimen foederatum ad constructionem boost pro Rheno vocat. Humilis aqua naviculas tardat. Maritime Coordinator Gubernium Foederatum vocat velociorem aquarum expansionem.,2026-08-02 21:03:10+00:00
cc08615d306a8d2a37d545b7848cf5d5,2026-07-20T04:00:00Z,'Ernte',www.morgenpost.de,de,0.9,Sehnsucht nach Landleben: Sind Sie eher Typ Erdbeerhof oder Typ Erntekapitän?,"Berlin: Wovon Städter träumen, wenn sie ans Landleben denken – und wo Landbewohner gerührt sind: Nie sind die Träume so unterschiedlich wie im Hochsommer.",https://www.morgenpost.de/berlin/article412592251/sehnsucht-nach-landleben-sind-sie-eher-typ-erdbeerhof-oder-typ-erntekapitaen.html,https://img.sparknews.funkemedien.de/412615881/412615881_1784449537_v16_9_1600.jpeg,,"Es war eine unerwartete Begegnung. Ich war auf meinem Lieblingsradweg unterwegs, als ich auf einer Bank am Wegesrand drei Männer sitzen sah. Die Blicke in die Ferne gerichtet, Bierflaschen in den Hän… [+4694 chars]",,"Sehnsucht nach Landleben: Sind Sie eher Typ Erdbeerhof oder Typ Erntekapitän?. Berlin: Wovon Städter träumen, wenn sie ans Landleben denken – und wo Landbewohner gerührt sind: Nie sind die Träume so unterschiedlich wie im Hochsommer.",Longing for country life: Are you more of a strawberry farm type or a harvest captain type? Berlin: What city dwellers dream about when they think of country life - and where country dwellers are touched: Dreams are never as different as in midsummer.,Desiderium vitae rusticae: Tu magis fundi fragum genus vel messis princeps typus? Berlin: Quae civitas incolae somniant cum vitam rusticam cogitant - et ubi rustici tanguntur: somnia numquam tam diversa sunt quam in aestate.,2026-08-03 08:35:35+00:00
d7f9764f38cb83934b0c8bdaeb3e64ee,2026-07-25T11:50:18Z,'Blüte',www.faz.net,de,0.9,"Im Gespräch: Isabella Rossellini: „Ich kann jedem nur empfehlen, älter zu werden“","Tochter zweier Kino-Ikonen, selbst weltbekannt als Model und Schauspielerin: Isabella Rossellini, 74, spricht im Interview über „Nepo Babys“, Tierschutz – und warum ihr Leben erst ab 60 seine volle Blüte entfaltete.",https://www.faz.net/aktuell/gesellschaft/menschen/isabella-rossellini-warum-das-leben-ab-60-erst-richtig-blueht-accg-201032556.html,https://media0.faz.net/image/w1200h627/4ad21ed5f8e1/w3500h1828x0y70o/202607/43601.0.2338269436/in-mancherlei-hinsicht-bin-ich.webp,http://web.archive.org/web/20260726072641/https://www.faz.net/aktuell/gesellschaft/menschen/isabella-rossellini-warum-das-leben-ab-60-erst-richtig-blueht-accg-201032556.html,"Hörbar gut gelaunt kommt Isabella Rossellini an einem Junivormittag ans Telefon. Dass sie am 5. August, zur Eröffnung des Filmfestivals im schweizerischen Locarno, einen Ehrenpreis bekommen wird, den… [+14300 chars]",,"Im Gespräch: Isabella Rossellini: „Ich kann jedem nur empfehlen, älter zu werden“. Tochter zweier Kino-Ikonen, selbst weltbekannt als Model und Schauspielerin: Isabella Rossellini, 74, spricht im Interview über „Nepo Babys“, Tierschutz – und warum ihr Leben erst ab 60 seine volle Blüte entfaltete.","In conversation: Isabella Rossellini: “I can only recommend everyone to get older.” Daughter of two cinema icons, herself world-famous as a model and actress: Isabella Rossellini, 74, talks in an interview about “Nepo Babies”, animal protection – and why her life only reached its full potential after she was 60.","In colloquio: Isabella Rossellini: ""Solum omnes commendare possum ut seniorem"". Filia duarum iconum cinematographicarum, ipsa mundi praeclara exemplar et actrix: Isabella Rossellini, 74, in colloquio de tutela animalis ""Nepo Babies"" loquitur - et cur vita eius tantum suam plenam potentiam attingit postquam fuit LX.",2026-08-03 08:35:35+00:00
ea26856833a767c7089881114d16a186,2026-07-25T12:00:00Z,'Sommer',www.focus.de,de,0.9,Garten-Experte: So schützen Sie Ihre Pflanzen jetzt vor der Sommertrockenheit,"Sommerdürre wird zur Herausforderung: Garten-Experte Burkhard Bohne gibt Tipps, wie Sie Ihre Pflanzen jetzt pflegen und vor Trockenheit schützen.",https://www.focus.de/wissen/natur/garten-experte-so-schuetzen-sie-ihre-pflanzen-jetzt-vor-der-sommertrockenheit_ccb3fbd9-624c-45db-b9ef-3906cc47a150.html,"https://quadro.burda-forward.de/ctf/1cc7743d-bab7-4088-b2bb-e379e2860619.bb022ee0-d3d7-45c7-940f-a996fae19ed0.jpg?im=RegionOfInterestCrop=(1200,630),regionOfInterest=(991,589)&hash=461e4a427b6c7fa9b96532c349c9db0bfdfd676e1005b4944416129ba4b3549f",http://web.archive.org/web/20260726000805/https://www.focus.de/wissen/natur/garten-experte-so-schuetzen-sie-ihre-pflanzen-jetzt-vor-der-sommertrockenheit_ccb3fbd9-624c-45db-b9ef-3906cc47a150.html,"Hitzewellen und viel Trockenheit stehen uns in diesem Sommer bevor. Was kann man tun, um dem Garten angemessen zu pflegen und Pflanzen trotz Dürre gut zu versorgen? 
Wenn der Regen ausbleibt, hat da… [+6768 chars]",,"Garten-Experte: So schützen Sie Ihre Pflanzen jetzt vor der Sommertrockenheit. Sommerdürre wird zur Herausforderung: Garten-Experte Burkhard Bohne gibt Tipps, wie Sie Ihre Pflanzen jetzt pflegen und vor Trockenheit schützen.",Garden expert: This is how you can protect your plants from the summer drought. Summer drought becomes a challenge: Garden expert Burkhard Bohne gives tips on how to care for your plants now and protect them from drought.,Hortus peritus: Sic plantas tuas ab aestate siccitate tueri potes. Aestiva siccitas provocatio fit: Hortus peritus Burkhard Bohne apicibus dat in quomodo plantas tuas nunc curet et eas ab siccitate tueatur.,2026-08-03 08:35:35+00:00
c308f113e4a29503028a241e6afeb5ba,2026-07-28T08:20:23Z,'Pollen',wien.orf.at,de,0.9,Pollenflug von Ragweed und Beifuß beginnt,"Die heurige Pollensaison tritt mit Ragweed und Beifuß in ihre letzte Phase ein. Die Belastung fällt regional sehr unterschiedlich aus. Zudem hat die Hitze das Wachstum der Pflanzen zwar gehemmt, der Trockenheitsstress macht die Pollen allerdings allergener.",https://wien.orf.at/stories/3364530/,https://ibs.orf.at/wie?image=https%3A%2F%2Foekastatic.orf.at%2Fmims%2F2020%2F34%2F71%2Fcrops%2Fw%3D1200%2Ch%3D627%2Cq%3D75%2F661300_master_227971_af29ed65-976a-417e-991b-7e8a7b75f186.jpg%3Fs%3De51e9dcc9914c9f4f60938434931e8122f0fd540,,"Beifuß und Ragweed sorgen bei Betroffenen bereits bei eher geringen Pollenkonzentrationen für allergische Symptome. Ragweed ist vor allem im Süden und Osten Österreichs stark verbreitet, in Salzburg … [+1812 chars]",,"Pollenflug von Ragweed und Beifuß beginnt. Die heurige Pollensaison tritt mit Ragweed und Beifuß in ihre letzte Phase ein. Die Belastung fällt regional sehr unterschiedlich aus. Zudem hat die Hitze das Wachstum der Pflanzen zwar gehemmt, der Trockenheitsstress macht die Pollen allerdings allergener.","Pollen count from ragweed and mugwort begins. This year's pollen season is entering its final phase with ragweed and mugwort. The burden varies greatly from region to region. In addition, the heat has inhibited the growth of the plants, but the drought stress makes the pollen more allergenic.","Pollinis comes de ragwet et mugwort incipit. Hoc anni tempus pollen intrat ultimum suum tempus cum laceris et mugwort. Onus valde variat e regione in regionem. Praeterea calor incrementum plantae inhibuit, sed siccitas pollen allergenicum magis facit.",2026-08-03 08:35:35+00:00
703a8941fa43148bb5e85a51cbdd73c7,2026-07-28T11:47:00Z,'Blüte',oe3.orf.at,de,0.9,Letzte Phase der Pollensaison: Ragweed und Beifuß,<ul><li>Die Kräuterpollensaison startet mit Beifuß und Ragweed in die letzte Phase</li><li>Zwischen Ost- und Westösterreich gibt es deutliche regionale Unterschiede</li><li>Trockenheit und Hitze haben die Pflanzenentwicklung beeinflusst</li></ul>,https://oe3.orf.at/stories/3054297/,https://tubestatic.orf.at/static/images/site/tube/20260731/design_ohne_titel_7.6045403.png,http://web.archive.org/web/20260728151033/https://oe3.orf.at/stories/3054297/,<ul><li>Die Kräuterpollensaison startet mit Beifuß und Ragweed in die letzte Phase</li><li>Zwischen Ost- und Westösterreich gibt es deutliche regionale Unterschiede</li><li>Trockenheit und Hitze habe… [+1561 chars],,Letzte Phase der Pollensaison: Ragweed und Beifuß. <ul><li>Die Kräuterpollensaison startet mit Beifuß und Ragweed in die letzte Phase</li><li>Zwischen Ost- und Westösterreich gibt es deutliche regionale Unterschiede</li><li>Trockenheit und Hitze haben die Pflanzenentwicklung beeinflusst</li></ul>,Last phase of pollen season: ragweed and mugwort. <ul><li>The herb pollen season enters its final phase with mugwort and ragweed </li><li>There are clear regional differences between eastern and western Austria </li><li>Drought and heat have influenced plant development </li></ul>,Ultima pars temporis pollinis: ragweed et mugwort. <ul><li> Herba pollinis tempus ultimum suum intrat cum mugwort et ragweed </li><li> Patet differentiae regionales inter Austriam orientalem et occidentalem </li><li> Siccitas et calor plantae progressionem moverunt </li></ul>,2026-08-03 08:35:35+00:00
029180c675ca90e5181bce3972a0d70b,2026-07-29T10:02:50Z,'Blüte',www.zeit.de,de,0.9,Landwirtschaft: Gelbes Blütenmeer - Sonnenblumenanbau boomt,Hier finden Sie Informationen zu dem Thema „Landwirtschaft“. Lesen Sie jetzt „Gelbes Blütenmeer - Sonnenblumenanbau boomt“.,https://www.zeit.de/news/2026-07/29/gelbes-bluetenmeer-sonnenblumenanbau-boomt,https://img.zeit.de/news/2026-07/29/gelbes-bluetenmeer-sonnenblumenanbau-boomt-image-group/wide__1300x731,http://web.archive.org/web/20260729123158/https://www.zeit.de/news/2026-07/29/gelbes-bluetenmeer-sonnenblumenanbau-boomt,"Die in Gelb getauchten Felder mit den großen Blumen, die ihre Blüten in eine Richtung drehen, stehen für Sonne und Sommer: Auf immer mehr Agrarflächen im Freistaat wachsen Sonnenblumen. In diesem Jah… [+2465 chars]",,Landwirtschaft: Gelbes Blütenmeer - Sonnenblumenanbau boomt. Hier finden Sie Informationen zu dem Thema „Landwirtschaft“. Lesen Sie jetzt „Gelbes Blütenmeer - Sonnenblumenanbau boomt“.,Agriculture: Yellow sea of ​​flowers - sunflower cultivation is booming. Here you will find information on the topic of “Agriculture”. Read “Yellow sea of ​​flowers - sunflower cultivation is booming” now.,"Agriculture: Flavum mare florum - sunflower cultivation is booming. Hic informationes invenies in argumento ""Agricolae"". Lege "" Mare flavum florum - HELIANTHUS cultura sonabant"" nunc.",2026-08-03 08:35:35+00:00
c1c90b16902062a2fdedc9c6e8ea1e3f,2026-07-29T11:22:26Z,'Blüte',www.sueddeutsche.de,de,0.9,München: Seltene Agavenblüte im Nymphenburger Schlosspark,Etwa zwei bis drei Wochen wird das Ereignis zu bestaunen sein. Die Pflanze selbst steckt ihre ganze Energie in die Blüte – und stirbt danach.,https://www.sueddeutsche.de/muenchen/muenchen-schlosspark-nymphenburg-agave-bluete-li.3523388,https://www.sueddeutsche.de/2026/07/29/4ededf3c-23ee-47cb-9e48-9f7ae9ab863b.jpg?q=60&fm=webp&width=1200&rect=0%2C738%2C1575%2C886,http://web.archive.org/web/20260729205726/https://www.sueddeutsche.de/muenchen/muenchen-schlosspark-nymphenburg-agave-bluete-li.3523388,"Die Schloss- und Gartenverwaltung Nymphenburg pflegt die Pflanze seit etwa 45 Jahren, wie es heißt. Anders als viele Gewächse wachsen Agaven kaum in die Höhe, sondern breiten zunächst über Jahrzehnte… [+1336 chars]",,München: Seltene Agavenblüte im Nymphenburger Schlosspark. Etwa zwei bis drei Wochen wird das Ereignis zu bestaunen sein. Die Pflanze selbst steckt ihre ganze Energie in die Blüte – und stirbt danach.,Munich: Rare agave blossom in Nymphenburg Palace Park. The event will be visible for around two to three weeks. The plant itself puts all of its energy into flowering - and then dies.,Monacensis: Rare floruit Agave in Palatio Nymphenburg Park. Eventus circiter duas ad tres septimanas apparebit. Ipsa planta omnem vim suam in florentem ponit - et tunc moritur.,2026-08-03 08:35:35+00:00
f8e765bee677c189080ed1ddf7ddc484,2026-07-31T18:30:00Z,'Herbst',www.focus.de,de,0.9,"Ernten, Pflanzen, Düngen: Das sind die wichtigsten Gartenarbeiten im August","Im August gibt es im Garten viel zu tun. Reife Früchte können jetzt geerntet und Herbstkulturen noch ausgesät werden. Wir sagen Ihnen, wie Sie Ihren Garten optimal auf den Spätsommer und Herbst vorbereiten.",https://www.focus.de/immobilien/wohnen/ernten-pflanzen-duengen-das-sind-die-wichtigsten-gartenarbeiten-im-august_084c0eb9-f0b1-4c94-bd9c-4682680015e5.html,"https://quadro.burda-forward.de/ctf/460dfdcd-5b99-4743-9ddd-9e013e7591b9.152a0666-22f7-4cea-a8d0-2d21814c9ce3.jpeg?im=RegionOfInterestCrop=(1200,630),regionOfInterest=(1024,693)&hash=77766af2e7468c178c20c7fb8702ac5a70fcfed16234588c5ef3da05e78b8ed7",,"Es ist August und damit Hochsaison für Gartenfreunde. Die langen und warmen Tage eignen sich hervorragend für eine Vielzahl von Gartenarbeiten.
Diese Sommerfrüchte sind im August reif zur Ernte
Im … [+2812 chars]",,"Ernten, Pflanzen, Düngen: Das sind die wichtigsten Gartenarbeiten im August. Im August gibt es im Garten viel zu tun. Reife Früchte können jetzt geerntet und Herbstkulturen noch ausgesät werden. Wir sagen Ihnen, wie Sie Ihren Garten optimal auf den Spätsommer und Herbst vorbereiten.","Harvesting, planting, fertilizing: these are the most important gardening tasks in August. There is a lot to do in the garden in August. Ripe fruits can be harvested now and autumn crops can still be sown. We'll tell you how to optimally prepare your garden for late summer and autumn.","Metens, plantans, fertilis: haec sunt praecipua opera topiaria Augusto. Multa facere in Augusto in horto. Poma matura nunc meti possunt, et autumni fruges adhuc seruntur. Dicemus tibi quomodo paraveris hortum tuum ad multam aestatem et autumnum optime.",2026-08-03 08:35:35+00:00
2a2a52da08a63500fc0c4d40ceac1ff3,2026-07-26T05:27:00Z,'Ernte',www.focus.de,de,0.9,Ernte ist zu teuer: Wassermelonen für weniger als 10 Cent vergammeln auf den Feldern,"Viele griechische Landwirte lassen ihre Wassermelonen einfach auf dem Feld liegen, wo sie dann verrotten. Die Ernte lohnt sich für sie nicht mehr.",https://www.focus.de/finanzen/ernte-ist-zu-teuer-wassermelonen-fuer-weniger-als-10-cent-vergammeln-auf-den-feldern_e797e9e4-41b9-4894-ac92-1df4321fe35e.html,"https://quadro.burda-forward.de/ctf/f842403f-9cf9-4169-8c62-842236930ada.30ddea67-8470-4e15-b1a0-e3b637f71b3e.jpg?im=RegionOfInterestCrop=(1200,630),regionOfInterest=(944,814)&hash=7e0f49ac7e3ed3e5e34cff73d083842c686328d5be9af247d338492e0f166f2c",,"Krise auf dem Wassermelonenmarkt in Griechenland: Das Angebot ist zu groß, die Preise zu niedrig, sodass viele Wassermelonen auf den Feldern liegen bleiben und verfaulen.
Mehrere Erzeuger berichten,… [+2528 chars]",,"Ernte ist zu teuer: Wassermelonen für weniger als 10 Cent vergammeln auf den Feldern. Viele griechische Landwirte lassen ihre Wassermelonen einfach auf dem Feld liegen, wo sie dann verrotten. Die Ernte lohnt sich für sie nicht mehr.",Harvesting is too expensive: watermelons costing less than 10 cents rot in the fields. Many Greek farmers simply leave their watermelons in the field to rot. The harvest is no longer worthwhile for them.,Messis nimis cara est: pepones sumptus minus quam 10 cents in agris putrescunt. Multi Graeciae agricolae solum pepones in agro putrescentes relinquunt. messis illis iam non est operae pretium.,2026-08-03 13:14:43+00:00
699cca9a6f9adfd1cd5f239051d15b0b,2026-07-26T08:04:33Z,'Weinlese',www.diepresse.com,de,0.9,Südtirol bis Sizilien: Früher Start der Weinlese in Italien,Das warme Wetter beschleunigt den Reifeprozess der Reben. Branchenvertretern rechnen mit einem qualitativ guten Weinjahrgang. In Südtirol zeichnet sich eine der frühesten Weinlesen überhaupt ab.,https://www.diepresse.com/39729953/suedtirol-bis-sizilien-frueher-start-der-weinlese-in-italien,https://img.diepresse.com/public/incoming/q4fqai-imago135589090jpg/alternates/WEBP_WIDE_1200/imago135589090.jpg,http://web.archive.org/web/20260726112525/https://www.diepresse.com/39729953/suedtirol-bis-sizilien-frueher-start-der-weinlese-in-italien,"Die Presse auf Google als bevorzugte Nachrichtenquelle hinzufügen.
 Die diesjährige Weinlese in Italien beginnt wegen der anhaltenden Hitze früher als üblich. Von Südtirol bis Sizilien hat das warme… [+2253 chars]",,Südtirol bis Sizilien: Früher Start der Weinlese in Italien. Das warme Wetter beschleunigt den Reifeprozess der Reben. Branchenvertretern rechnen mit einem qualitativ guten Weinjahrgang. In Südtirol zeichnet sich eine der frühesten Weinlesen überhaupt ab.,South Tyrol to Sicily: Early start to the grape harvest in Italy. The warm weather accelerates the ripening process of the vines. Industry representatives are expecting a good quality wine vintage. One of the earliest grape harvests ever is taking place in South Tyrol.,South Tyrol to Sicily: Initium messis vindemiae in Italia. Tempestas tepida maturat maturationem vinearum. Industriae procuratores bonam qualitatem vindemiae exspectant. Una messis vindemiae veterrimae semper in Tyrol Australi peragitur.,2026-08-03 13:14:43+00:00
cc28f4244f39f081ee5af9e864bfd021,2026-07-27T09:33:00Z,'Spätfrost',www.dw.com,de,0.9,Wie Extremwetter Deutschlands Landwirtschaft verändert,"Hitze, Trockenheit, Starkregen und Spätfrost setzen den Bauern in Deutschland zu. Doch die reagieren längst mit angepassten Sorten, neuen Kulturen, moderner Züchtung und veränderten Anbaumethoden. Die Hitzewelle Ende Juni kam für viele Landwirte zur Unzeit. W…",https://www.dw.com/de/wie-extremwetter-die-landwirtschaft-ver%C3%A4ndert-folgen-aktuell-klimawandel-beispiele-ernte-frost/a-78085051,https://static.dw.com/image/67629124_6.jpg,,"Die Hitzewelle Ende Juni kam für viele Landwirte zur Unzeit. Während Gerste in vielen Regionen Deutschlands bereits erntereif war, traf die Trockenheit andere Kulturen in einer besonders empfindliche… [+7928 chars]",,"Wie Extremwetter Deutschlands Landwirtschaft verändert. Hitze, Trockenheit, Starkregen und Spätfrost setzen den Bauern in Deutschland zu. Doch die reagieren längst mit angepassten Sorten, neuen Kulturen, moderner Züchtung und veränderten Anbaumethoden. Die Hitzewelle Ende Juni kam für viele Landwirte zur Unzeit. W…","How extreme weather is changing Germany's agriculture. Heat, drought, heavy rain and late frost are affecting farmers in Germany. But they have long since responded with adapted varieties, new cultures, modern breeding and changed cultivation methods. The heat wave at the end of June came at a bad time for many farmers. W...","Quam extrema tempestas agriculturae Germaniae mutatur. Calor, siccitas, pluviae et sero gelu gravis agricolae in Germania afficiunt. Ipsi autem iamdudum respondentes aptas varietates, novas culturas, novas gignendi et mutabiles modos colendi. Aestus in fine Iunii unda mala multos agricolas venit. W...",2026-08-03 13:14:43+00:00
1433ad334773f3cbed9864be905aa256,2026-07-27T11:05:00Z,'Ernte',www.focus.de,de,0.9,Letztes Jahr noch Rekord-Verkäufe: Dürre sorgt für Ausfall bei Kartoffel-Ernte und lässt Preise steigen,Anhaltende Trockenheit bremst das Wachstum von Kartoffeln in Europa massiv aus. Für Verbraucher könnte das spürbare Folgen beim Kauf von Pommes haben.,https://www.focus.de/panorama/welt/letztes-jahr-noch-rekord-verkaeufe-duerre-sorgt-fuer-ausfall-bei-kartoffel-ernte-und-laesst-preise-steigen_90024bdf-95ce-4792-8300-40119ec3b63b.html,"https://quadro.burda-forward.de/ctf/99d3d5d9-5922-4440-8ff9-9c529b0fab69.b92c413d-fe61-4d93-8694-14c2834006b1.jpg?im=RegionOfInterestCrop=(1200,630),regionOfInterest=(1000,577)&hash=465fa40116d99cd8e77622d96c4746992a74c1e50ac4a9fa32b1486eb1c65505",,"Extremes Sommerwetter in Nordwesteuropa bringt den Kartoffelmarkt durcheinander. Weil Hitze und Trockenheit das Wachstum bremsen, könnten Industriekartoffeln knapp werden. Wie die Berliner Zeitung be… [+2718 chars]",,Letztes Jahr noch Rekord-Verkäufe: Dürre sorgt für Ausfall bei Kartoffel-Ernte und lässt Preise steigen. Anhaltende Trockenheit bremst das Wachstum von Kartoffeln in Europa massiv aus. Für Verbraucher könnte das spürbare Folgen beim Kauf von Pommes haben.,Record sales last year: Drought causes potato crop failure and causes prices to rise. Persistent drought is massively slowing the growth of potatoes in Europe. This could have noticeable consequences for consumers when buying fries.,Venditio anno praeterito: Siccitas causat defectum seges annuum et pretium oriri facit. Siccitas pertinax ingens incrementum potatoes in Europa retardavit. Hoc potuit notabiles consectarias consumerent cum fricta emeret.,2026-08-03 13:14:43+00:00
360fcf77ad7460ad4a7a3bc1af3440cd,2026-07-28T03:28:00Z,'Ernte',www.nzz.ch,de,0.9,"Gummen, Furggeli, Butzli: wie in Flurnamen die Alpensprache weiterlebt","Die Inuit kennen viele Wörter für Schnee. Die Alpenmundarten besitzen noch mehr Begriffe, um Felsen zu beschreiben. Sie sind präzise und benennen die Natur exakt so, wie sie ist.",https://www.nzz.ch/schweiz/gummen-furggeli-butzli-wie-in-flurnamen-die-alpensprache-weiterlebt-ld.10016381,"https://img-msp-prod.nzz.ch/2026/07/27/f7adceba-118d-419b-a66c-e8f173778b6c.jpg?width=1200&height=675&fit=bounds&quality=75&auto=webp&crop=7857,4420,x0,y451&wmark=nzz",http://web.archive.org/web/20260729161859/https://www.nzz.ch/schweiz/gummen-furggeli-butzli-wie-in-flurnamen-die-alpensprache-weiterlebt-ld.10016381,"Die Inuit kennen viele Wörter für Schnee. Die Alpenmundarten besitzen noch mehr Begriffe, um Felsen zu beschreiben. Sie sind präzise und benennen die Natur exakt so, wie sie ist.
Von Nathalie Hensel… [+8176 chars]",,"Gummen, Furggeli, Butzli: wie in Flurnamen die Alpensprache weiterlebt. Die Inuit kennen viele Wörter für Schnee. Die Alpenmundarten besitzen noch mehr Begriffe, um Felsen zu beschreiben. Sie sind präzise und benennen die Natur exakt so, wie sie ist.","Gummen, Furggeli, Butzli: how the Alpine language lives on in field names. The Inuit have many words for snow. The Alpine dialects have even more terms to describe rocks. They are precise and describe nature exactly as it is.","Gummen, Furggeli, Butzli: quomodo lingua alpina in campis nominibus habitat. Inuit multa verba pro nivis. Alpinae dialecti etiam plura vocabula habent ad saxa describenda. Sunt accurata et prorsus natura ut est.",2026-08-03 13:14:43+00:00
eb80198c1db1ff19ae01dc82043f9299,2026-07-28T09:55:00Z,'Ernte',www.focus.de,de,0.9,Vergangenes Jahr noch Rekord-Verkäufe: Dürre sorgt für Ausfall bei Kartoffel-Ernte,Anhaltende Trockenheit bremst das Wachstum von Kartoffeln in Europa massiv aus. Für Verbraucher könnte das spürbare Folgen beim Kauf von Pommes haben.,https://www.focus.de/panorama/welt/vergangenes-jahr-noch-rekord-verkaeufe-duerre-sorgt-fuer-ausfall-bei-kartoffel-ernte_90024bdf-95ce-4792-8300-40119ec3b63b.html,"https://quadro.burda-forward.de/ctf/99d3d5d9-5922-4440-8ff9-9c529b0fab69.b92c413d-fe61-4d93-8694-14c2834006b1.jpg?im=RegionOfInterestCrop=(1200,630),regionOfInterest=(1000,577)&hash=465fa40116d99cd8e77622d96c4746992a74c1e50ac4a9fa32b1486eb1c65505",,"Extremes Sommerwetter in Nordwesteuropa bringt den Kartoffelmarkt durcheinander. Weil Hitze und Trockenheit das Wachstum bremsen, könnten Industriekartoffeln knapp werden. Wie die Berliner Zeitung be… [+2718 chars]",,Vergangenes Jahr noch Rekord-Verkäufe: Dürre sorgt für Ausfall bei Kartoffel-Ernte. Anhaltende Trockenheit bremst das Wachstum von Kartoffeln in Europa massiv aus. Für Verbraucher könnte das spürbare Folgen beim Kauf von Pommes haben.,Record sales last year: Drought causes potato crop failure. Persistent drought is massively slowing the growth of potatoes in Europe. This could have noticeable consequences for consumers when buying fries.,Venditio anno praeterito: Siccitas causat defectum annuum seges. Siccitas pertinax ingens incrementum potatoes in Europa retardavit. Hoc potuit notabiles consectarias consumerent cum fricta emeret.,2026-08-03 13:14:43+00:00
d856044a78067ed111723e429679e829,2026-07-28T12:39:32Z,'Ernte',www.tagesspiegel.de,de,0.9,Gerste und Raps: Landwirtschaftsministerin sieht „durchwachsenes“ Erntejahr,Brandenburgs Landwirte stecken mitten in der Erntezeit. Insbesondere in den kommenden Tagen rechnen die Bauern mit guten Erntebedingungen. Die Landwirtschaftsministerin bittet um Verständnis.,https://www.tagesspiegel.de/berlin/gerste-und-raps-landwirtschaftsministerin-sieht-durchwachsenes-erntejahr-15889647.html,https://www.tagesspiegel.de/images/15889646/alternates/BASE_16_9_W1400/1785242373000/landwirtschaftsministerin-hanka-mittelstadt.jpeg,http://web.archive.org/web/20260729053547/https://www.tagesspiegel.de/berlin/gerste-und-raps-landwirtschaftsministerin-sieht-durchwachsenes-erntejahr-15889647.html,Brandenburgs Landwirtschaftsministerin Hanka Mittelstädt (SPD) spricht mit Blick auf das bisherige Erntejahr von einem durchwachsenen Ergebnis. Zumindest in der Gerste sind wir durch und da haben wir… [+1408 chars],,Gerste und Raps: Landwirtschaftsministerin sieht „durchwachsenes“ Erntejahr. Brandenburgs Landwirte stecken mitten in der Erntezeit. Insbesondere in den kommenden Tagen rechnen die Bauern mit guten Erntebedingungen. Die Landwirtschaftsministerin bittet um Verständnis.,"Barley and rapeseed: Agriculture Minister sees “mixed” crop year. Brandenburg's farmers are in the middle of the harvest season. Farmers are expecting good harvest conditions, especially in the coming days. The Minister of Agriculture asks for your understanding.","Hordeum et rapicium: Minister agriculturae videt annum segetem mixtam. Agricolae Brandenburgici sunt media tempore messis. Agricolae condiciones messis bonas exspectant, praesertim in diebus futuris. Minister agriculturae intellectum tuum quaerit.",2026-08-03 13:14:43+00:00
54ccedcc9118de0dfa9748643eab8cc8,2026-07-24T14:22:00Z,'Spätfrost',www.dw.com,de,0.9,Wie Extremwetter die deutsche Landwirtschaft verändert,"Hitze, Trockenheit, Starkregen und Spätfrost setzen den Bauern in Deutschland zu. Doch die reagieren längst mit angepassten Sorten, neuen Kulturen, moderner Züchtung und veränderten Anbaumethoden.",https://www.dw.com/de/wie-extremwetter-die-deutsche-landwirtschaft-ver%C3%A4ndert/a-78085051,https://static.dw.com/image/67629124_6.jpg,http://web.archive.org/web/20260725033623/https://www.dw.com/de/wie-extremwetter-die-deutsche-landwirtschaft-ver%C3%A4ndert/a-78085051,"Die Hitzewelle Ende Juni kam für viele Landwirte zur Unzeit. Während Gerste in vielen Regionen Deutschlands bereits erntereif war, traf die Trockenheit andere Kulturen in einer besonders empfindliche… [+7928 chars]",,"Wie Extremwetter die deutsche Landwirtschaft verändert. Hitze, Trockenheit, Starkregen und Spätfrost setzen den Bauern in Deutschland zu. Doch die reagieren längst mit angepassten Sorten, neuen Kulturen, moderner Züchtung und veränderten Anbaumethoden.","How extreme weather is changing German agriculture. Heat, drought, heavy rain and late frost are affecting farmers in Germany. But they have long since responded with adapted varieties, new cultures, modern breeding and changed cultivation methods.","Quam extrema tempestas agriculturae Germanorum mutatur. Calor, siccitas, pluviae et sero gelu gravis agricolae in Germania afficiunt. Ipsi autem iamdudum respondentes aptas varietates, novas culturas, novas gignendi et mutabiles modos colendi.",2026-08-04 12:06:48+00:00
d0d02f2b51bdac589963b2cb0a224a40,2026-07-31T16:40:01Z,'Spätfrost',steiermark.orf.at,de,0.9,Landwirtschaft: Dürreschäden häufen sich,"Die dritte Hitzewelle dieses Sommers bringt die heimische Landwirtschaft in Not und verursacht massive Schäden. Die Österreichische Hagelversicherung spielt eine immer wichtigere Rolle, um Landwirte gegen Extremwetterereignisse abzusichern.",https://steiermark.orf.at/stories/3365040/,https://ibs.orf.at/stm?image=https%3A%2F%2Foekastatic.orf.at%2Fmims%2F2026%2F31%2F13%2Fcrops%2Fw%3D1200%2Ch%3D627%2Cq%3D75%2F3133458_master_1214513_fb7abd9f-c185-48c6-9b4f-60e9d24be40b.jpg%3Fs%3D03c3de1f65f8e0379254518ef5f857727685c0e2,,"Im Steiermark heute-Samstagsgespräch spricht der Landesleiter der Österreichischen Hagelversicherung in der Steiermark, Josef Kurz, mit ORF Steiermark-Chefredakteur Wolfgang Schaller über die Rolle d… [+1931 chars]",,"Landwirtschaft: Dürreschäden häufen sich. Die dritte Hitzewelle dieses Sommers bringt die heimische Landwirtschaft in Not und verursacht massive Schäden. Die Österreichische Hagelversicherung spielt eine immer wichtigere Rolle, um Landwirte gegen Extremwetterereignisse abzusichern.",Agriculture: Drought damage is increasing. This summer's third heat wave is putting local agriculture in distress and causing massive damage. Austrian hail insurance is playing an increasingly important role in protecting farmers against extreme weather events.,Agriculture: Siccitas damnum increscit. Tertius aestus haec aestatis unda loci agriculturam in tribulatione ponit et damnum ingentem iacit. Grando assecurationis Austriacae magis magisque munus agit in defendendis agricolis contra extremas tempestates eventus.,2026-08-04 12:06:48+00:00
ba56290c1942099b9df9b93e4bc3069b,2026-07-05T08:54:20Z,'Ernte',www.diepresse.com,de,0.9,"Wer nicht zur Marille fährt, hat keine Heimat","Zuerst das Bangen vor den Frostnächten und dem Hagel, dann Ausnahmezustand während der Ernte: vom Leben mit der Marille, der Prinzessin unter den Früchten.",https://www.diepresse.com/34945807/wer-nicht-zur-marille-faehrt-hat-keine-heimat,https://img.diepresse.com/public/incoming/oyujmv-Marillen/alternates/WEBP_WIDE_1200/Marillen,http://web.archive.org/web/20260705104005/https://www.diepresse.com/34945807/wer-nicht-zur-marille-faehrt-hat-keine-heimat,"Die Presse auf Google als bevorzugte Nachrichtenquelle hinzufügen.
 Es gibt eine Zeit, da fährt jeder nach Hause. Zu Weihnachten kommen auch jene zurück, die weit weggezogen sind, wenn es irgendwie … [+3463 chars]",,"Wer nicht zur Marille fährt, hat keine Heimat. Zuerst das Bangen vor den Frostnächten und dem Hagel, dann Ausnahmezustand während der Ernte: vom Leben mit der Marille, der Prinzessin unter den Früchten.","Anyone who doesn't go to Marille has no home. First the fear of the frosty nights and the hail, then the state of emergency during the harvest: about life with the apricot, the princess among fruits.","Quisquis ad Marille non it, domum non habet. Primum metus gelidae noctes et grandinis, deinde messis status repentinus: de vita apud persicum, princeps inter fructus.",2026-08-04 16:58:21+00:00
b9a3c4ab8f4c601df8271017dbc45bce,2026-07-22T10:12:31Z,'Ernte',www.tagesspiegel.de,de,0.9,Symbolische Aktion: Berliner Mauer: Roggenernte auf dem einstigen Todesstreifen,"Wo einst die Mauer Familien trennte und zur tödlichen Barriere wurde, wächst heute Roggen. Was hinter der besonderen Ernte an der Bernauer Straße steckt.",https://www.tagesspiegel.de/berlin/symbolische-aktion-berliner-mauer-roggenernte-auf-dem-einstigen-todesstreifen-15865283.html,https://www.tagesspiegel.de/images/15865282/alternates/BASE_16_9_W1400/1784715150000/roggenernte-an-der-kapelle-der-versohnung.jpeg,http://web.archive.org/web/20260726110139/https://www.tagesspiegel.de/berlin/symbolische-aktion-berliner-mauer-roggenernte-auf-dem-einstigen-todesstreifen-15865283.html,Auf dem ehemaligen Grenzstreifen an der Gedenkstätte Berliner Mauer in der Bernauer Straße ist wieder Roggen geerntet worden. Helferinnen und Helfer brachten die diesjährige Ernte - geschätzt 300 bis… [+982 chars],,"Symbolische Aktion: Berliner Mauer: Roggenernte auf dem einstigen Todesstreifen. Wo einst die Mauer Familien trennte und zur tödlichen Barriere wurde, wächst heute Roggen. Was hinter der besonderen Ernte an der Bernauer Straße steckt.","Symbolic action: Berlin Wall: rye harvest on the former death strip. Where the wall once separated families and became a deadly barrier, rye now grows. What's behind the special harvest on Bernauer Strasse.","Actio symbolica: Berlin Wall: Siliginis messem in morte pristina habena. Ubi murus olim familiae separatae et obice funestus factus est, siligo nunc adolescit. Quid post specialem messem in Bernauer Strasse.",2026-08-04 16:58:21+00:00
eea7cf0395894b311f113972e88992a9,2026-07-23T10:08:05Z,'Ernte',www.tagesspiegel.de,de,0.9,Statistik: Spargelernte mit Rückgang - Mehr Erdbeeren im Freiland,In Brandenburgs sandigen Böden fühlt sich der Spargel wohl. Dennoch brach in diesem Jahr die Ernte leicht ein. Anders als bei den Freilanderdbeeren.,https://www.tagesspiegel.de/berlin/statistik-spargelernte-mit-ruckgang-mehr-erdbeeren-im-freiland-15870403.html,https://www.tagesspiegel.de/images/15870401/alternates/BASE_16_9_W1400/1784801285000/erdbeersaison.jpeg,,"Brandenburgs Landwirte haben in diesem Jahr etwas weniger Spargel geerntet als noch im Vorjahr. Bei den Freilanderdbeeren stieg die geerntete Menge indes deutlich. 
Die Erntemenge beim Spargel betru… [+896 chars]",,Statistik: Spargelernte mit Rückgang - Mehr Erdbeeren im Freiland. In Brandenburgs sandigen Böden fühlt sich der Spargel wohl. Dennoch brach in diesem Jahr die Ernte leicht ein. Anders als bei den Freilanderdbeeren.,"Statistics: Asparagus harvest in decline - more strawberries in the field. Asparagus thrives in Brandenburg's sandy soils. Nevertheless, the harvest collapsed slightly this year. Unlike outdoor strawberries.",Statistics: Asparagus messis in declinatione - plus fraga in agro. Asparagus in arenosis Brandenburgici viget. Nihilo minus hoc anno messis collapsa est. Dissimilis fraga velit.,2026-08-04 16:58:21+00:00
6f3a545a362b58a11fdff61042a2db5a,2026-07-14T18:33:28Z,'Hochwasser',www.zeit.de,de,0.9,Gedenkfeier zur Hochwasserkatastrophe: Schnieder bittet nach Ahrtal-Katastrophe um Entschuldigung,Der Ministerpräsident von Rheinland-Pfalz hat sich für das Staatsversagen bei der Flut entschuldigt. Friedrich Merz sprach von besserem Schutz vor Naturkatastrophen.,https://www.zeit.de/gesellschaft/zeitgeschehen/2026-07/hochwasser-katastrophe-ahrtal-gordon-schnieder-entschuldigung,https://img.zeit.de/gesellschaft/zeitgeschehen/2026-07/hochwasser-katastrophe-ahrtal-gordon-schnieder-entschuldigung-foto-1/wide__1300x731,http://web.archive.org/web/20260714200832/https://www.zeit.de/gesellschaft/zeitgeschehen/2026-07/hochwasser-katastrophe-ahrtal-gordon-schnieder-entschuldigung,"Bundeskanzler Friedrich Merz (CDU) und der
rheinland-pfälzische Ministerpräsident Gordon Schnieder
(CDU) haben sich bei der Gedenkfeier in Bad Neuenahr-Ahrweiler anlässlich des fünften Jahrestages … [+802 chars]",,Gedenkfeier zur Hochwasserkatastrophe: Schnieder bittet nach Ahrtal-Katastrophe um Entschuldigung. Der Ministerpräsident von Rheinland-Pfalz hat sich für das Staatsversagen bei der Flut entschuldigt. Friedrich Merz sprach von besserem Schutz vor Naturkatastrophen.,Commemoration of the flood disaster: Schnieder apologizes after the Ahrtal disaster. The Prime Minister of Rhineland-Palatinate has apologized for the state's failure during the flood. Friedrich Merz spoke of better protection against natural disasters.,Commemoratio calamitatis diluvii: Schnieder post calamitatem Ahrtal excusat. Princeps minister Rheno-Palatinatus in diluvio defectum rei publicae excusavit. Fridericus Merz de meliore defensione contra clades naturales locutus est.,2026-08-05 12:04:42+00:00
7a4701c161594ade903a935bbd0fdd13,2026-07-15T03:00:17Z,'Hochwasser',www.zeit.de,de,0.9,Jahrestag der Flutkatastrophe: Breite Mehrheit für Versicherungspflicht gegen Hochwasser,Hier finden Sie Informationen zu dem Thema „Jahrestag der Flutkatastrophe“. Lesen Sie jetzt „Breite Mehrheit für Versicherungspflicht gegen Hochwasser“.,https://www.zeit.de/news/2026-07/15/breite-mehrheit-fuer-versicherungspflicht-gegen-hochwasser,https://img.zeit.de/news/2026-07/15/breite-mehrheit-fuer-versicherungspflicht-gegen-hochwasser-image-group/wide__1300x731,http://web.archive.org/web/20260716050553/https://www.zeit.de/news/2026-07/15/breite-mehrheit-fuer-versicherungspflicht-gegen-hochwasser,Fünf Jahre nach der Ahrtal-Katastrophe befürwortet eine breite Mehrheit der deutschen Hausbesitzer eine Versicherungspflicht gegen Hochwasser. Dafür sprachen sich in einer Umfrage im Auftrag des Port… [+2122 chars],,Jahrestag der Flutkatastrophe: Breite Mehrheit für Versicherungspflicht gegen Hochwasser. Hier finden Sie Informationen zu dem Thema „Jahrestag der Flutkatastrophe“. Lesen Sie jetzt „Breite Mehrheit für Versicherungspflicht gegen Hochwasser“.,Anniversary of the flood disaster: Broad majority in favor of compulsory insurance against floods. Here you will find information on the topic “Anniversary of the flood disaster”. Now read “Broad majority for compulsory flood insurance”.,"Clades anniversariae diluvii: latae plures in favorem assecurationis coactae contra inundationes. Hic informationes invenies in loco ""Anniversary Diluvii calamitatis"". Nunc legitur ""Plurimi latioris ad diluvium assecurationis coactum"".",2026-08-05 12:04:42+00:00
