topic,sentiment_mean,sentiment_std,subjectivity_mean,subjectivity_std,counting
Frühling,0.16263468579686302,0.9404768280904514,0.012055273657457757,0.9833872825663424,502.0
Herbst,0.2064775689052531,1.0914975830173714,0.05082754723247394,1.0797895530809936,647.0
Sommer,-0.04329796121805257,1.018905040383847,-0.06759061647991299,0.9331410178533247,761.0
Winter,-0.0830805013414985,0.9463366195959754,0.006136172903447434,0.9843913528422882,2140.0
