topic,sentiment_mean,sentiment_std,subjectivity_mean,subjectivity_std,counting
Frühling,0.1628838109223424,0.9018295923507381,0.01052447754610937,1.0950679194325972,131.0
Herbst,0.184384769912054,1.0767929565221643,0.06079660680073018,1.1000792438924183,584.0
Sommer,-0.020492952971014278,1.0178173082603554,-0.06397257129030104,0.942408288695242,519.0
Winter,-0.08194548965057799,0.93035911873294,-0.00276131169174469,0.9426121110972676,1391.0
