topic,sentiment_mean,sentiment_std,subjectivity_mean,subjectivity_std,counting
Frühling,0.15771842417413495,0.9479822462842369,0.039986810146677466,1.0139782401946742,639.0
Herbst,0.18466777792335115,1.0888805705490001,0.06826055704793209,1.1028953124218814,729.0
Sommer,-0.03579636718791234,1.0145995287756138,-0.08268703589655332,0.9043367979146263,1239.0
Winter,-0.08053416624074382,0.9456660040893262,0.012194858010544657,0.9915729599499842,2317.0
