topic,sentiment_mean,sentiment_std,subjectivity_mean,subjectivity_std,counting
Frühling,0.13549051358714204,0.8782202308197486,-0.0442257693588999,1.0205105271070556,167.0
Herbst,0.2110954154237097,1.0755889487794374,0.060319046139784525,1.0966534986875607,607.0
Sommer,-0.022636884529339554,1.0279368699747138,-0.06052272849764297,0.9410266181036603,527.0
Winter,-0.08471409314916431,0.936408543041999,0.00140554394225364,0.9566507292820087,1587.0
