topic,sentiment_mean,sentiment_std,subjectivity_mean,subjectivity_std,counting
Frühling,0.15190588295886992,0.9489733469368676,0.03809377872726134,0.9989490514753366,616.0
Herbst,0.18610336856120646,1.08271402567694,0.06583314364728261,1.0977614552943498,706.0
Sommer,-0.0409266132588756,1.0135988996303773,-0.08872628951192946,0.9057825288071909,1039.0
Winter,-0.07919544910095999,0.9492011566630851,0.010370236913175866,0.9903167152626251,2250.0
