topic,sentiment_mean,sentiment_std,subjectivity_mean,subjectivity_std,counting
Frühling,0.1353071287865048,0.872250468716094,-0.024055792788177887,1.033852404977443,182.0
Herbst,0.21773904288744042,1.0779511611325663,0.05442924633683997,1.0860366125503305,611.0
Sommer,-0.021566413209933886,1.0319172383968225,-0.05928616529002092,0.942222016261006,532.0
Winter,-0.08390448084883177,0.9386109636613106,0.001395007588424164,0.9618353224789373,1690.0
