topic,sentiment_mean,sentiment_std,subjectivity_mean,subjectivity_std,counting
Frühling,0.19675595879074836,0.8853333665440566,-0.023498566265035287,1.007501904219776,106.0
Herbst,0.13608884661550627,1.0549189660012177,0.05866173442017579,1.0839021710817618,579.0
Sommer,-0.05880624459001488,1.0172647392734837,-0.05796705880369974,0.9419454491687723,474.0
Winter,-0.0809187878286809,0.9108106075590332,-0.005150705864689502,0.9322741007308668,842.0
