topic,sentiment_mean,sentiment_std,subjectivity_mean,subjectivity_std,counting
Frühling,0.16985663636992043,0.9352303099009064,0.005752877261879616,0.9798688294089072,520.0
Herbst,0.19596725983193092,1.0894788469701675,0.05388999621295667,1.0788752281254548,666.0
Sommer,-0.03902577005961571,1.0155009535474129,-0.07104738858088203,0.9267378712506451,807.0
Winter,-0.08464718084210526,0.9487836621802491,0.008923876477845425,0.9878866738224802,2158.0
