topic,sentiment_mean,sentiment_std,subjectivity_mean,subjectivity_std,counting
Frühling,0.1587806932291879,0.9509882643820954,0.03199325960410921,0.9974505054613075,623.0
Herbst,0.1853230683787171,1.0861237343542727,0.0657832245826574,1.0977384449847045,711.0
Sommer,-0.04278788372594495,1.0132689875927066,-0.08787421438249428,0.9029402375562519,1062.0
Winter,-0.08029029323055595,0.9470033785906595,0.012282438434952624,0.9927052176597259,2254.0
