topic,sentiment_mean,sentiment_std,subjectivity_mean,subjectivity_std,counting
Frühling,0.20971008225886317,0.8848111768611842,0.0030195946262148153,1.03206541821432,99.0
Herbst,0.1257348587201042,1.041028410223779,0.06729110156600197,1.0939888245975153,573.0
Sommer,-0.06554838923694582,1.003502789917681,-0.05040799971174114,0.945135023513526,469.0
Winter,-0.07862887687094508,0.9212652194420801,-0.021125124760880066,0.9076756113082491,743.0
