topic,sentiment_mean,sentiment_std,subjectivity_mean,subjectivity_std,counting
Frühling,0.14887666749869274,0.9313592970167958,0.003396984826601794,0.9719750368563738,485.0
Herbst,0.20862960304967806,1.093244324226538,0.05230399855789113,1.0854408418691779,644.0
Sommer,-0.04092005935879498,1.0239586542848331,-0.07309792883357313,0.9147434165608586,717.0
Winter,-0.0819900480770694,0.9462805032099634,0.008256773830665433,0.9897092385998034,2116.0
