topic,sentiment_mean,sentiment_std,subjectivity_mean,subjectivity_std,counting
Frühling,0.18421241907400096,0.8913535836763944,0.02368353180818929,1.104543594985279,118.0
Herbst,0.18040078171823548,1.076248192854758,0.06033121866359046,1.1001797457365425,584.0
Sommer,-0.03166158635921772,1.019930969459759,-0.056292642610827816,0.9521228375976016,512.0
Winter,-0.0849921019139501,0.9231784590174011,-0.007492762769728308,0.9335411715456731,1264.0
