topic,sentiment_mean,sentiment_std,subjectivity_mean,subjectivity_std,counting
Frühling,0.15511188729827255,0.8957950568304421,-0.012125170666437545,1.0635113814257577,135.0
Herbst,0.19889063627900685,1.0714865541650838,0.05796949314877012,1.098208037365691,593.0
Sommer,-0.018442737756595225,1.0236645086594365,-0.06121008876218651,0.9415977406367739,520.0
Winter,-0.08439219981219973,0.9335242310783233,-0.0007755299943132875,0.9497369191677753,1480.0
