topic,sentiment_mean,sentiment_std,subjectivity_mean,subjectivity_std,counting
Frühling,0.17887383419144853,0.9046898857536294,0.03046999310908977,1.086376420742306,110.0
Herbst,0.1650685201467619,1.0725693928662472,0.0585861834023873,1.091253805420538,581.0
Sommer,-0.05369614209833866,1.0265637052619967,-0.06310213930431284,0.937848894336202,504.0
Winter,-0.08184372857640863,0.9065273969692225,-0.0056562451754683055,0.9350716303691031,1037.0
