topic,sentiment_mean,sentiment_std,subjectivity_mean,subjectivity_std,counting
Frühling,0.19989633406401047,0.8869283432809064,-0.018469167626993743,1.0121114212289324,106.0
Herbst,0.1420088718031519,1.0575665964788405,0.06599784419519575,1.092261440393727,579.0
Sommer,-0.06060753091076016,1.0182550892645272,-0.06679638761485958,0.9365149212871613,490.0
Winter,-0.08063476723624852,0.9096345073873673,-0.004513221502450848,0.9308124498050725,869.0
