topic,sentiment_mean,sentiment_std,subjectivity_mean,subjectivity_std,counting
Frühling,0.15607691663503745,0.9500296572207508,0.03862243832516312,1.0044353916482796,625.0
Herbst,0.18499411412851827,1.0828996185585582,0.06816224878421864,1.0998744409043766,711.0
Sommer,-0.039898787209806434,1.014753424224638,-0.08209828103500218,0.9085269482874239,1144.0
Winter,-0.07829280616311124,0.9479499486102244,0.009824941508147075,0.9907571110561377,2286.0
