topic,sentiment_mean,sentiment_std,subjectivity_mean,subjectivity_std,counting
Frühling,0.17068539751592043,0.941522005423572,0.020627053395997283,0.9923094557613982,551.0
Herbst,0.19747144782504175,1.088108704755422,0.057897685293992904,1.0803369966685772,671.0
Sommer,-0.05254771804494638,1.0100887654122315,-0.073378773861999,0.9229319772131943,848.0
Winter,-0.0812598906064745,0.950273982231331,0.005978696527322182,0.9867983958738857,2182.0
