topic,sentiment_mean,sentiment_std,subjectivity_mean,subjectivity_std,counting
Frühling,0.1743901631980998,0.9280268131539787,-0.013713641814861099,0.9521408771429551,443.0
Herbst,0.21089354135772356,1.0946822085828354,0.059024541995382776,1.0886893685234844,637.0
Sommer,-0.03912149324700053,1.023102491888422,-0.06523859667623866,0.9243746426892796,697.0
Winter,-0.08549849099237292,0.9450008540138692,0.006741796776931398,0.9886373679787198,2105.0
