topic,sentiment_mean,sentiment_std,subjectivity_mean,subjectivity_std,counting
Frühling,0.2083967447639329,0.8821888868200334,0.026411670609896402,1.057298133560835,98.0
Herbst,0.12600815571615506,1.0386596847757654,0.06498370585633656,1.0967922019368126,563.0
Sommer,-0.05357832786818159,0.9944290388996488,-0.04343753107528439,0.9492660792311782,463.0
Winter,-0.0918593610016327,0.9249996182696663,-0.027990519718665847,0.8932563164255888,679.0
