topic,sentiment_mean,sentiment_std,subjectivity_mean,subjectivity_std,counting
Frühling,0.14593092690104226,0.8839382112793838,-0.033391521759197774,0.9460310250971499,377.0
Herbst,0.2198357078294318,1.0871669271641338,0.06060441395322335,1.0918478756092032,629.0
Sommer,-0.041947391717764744,1.0441691495168928,-0.06673828472241125,0.9221670025652716,597.0
Winter,-0.08113762524820603,0.9470611938722243,0.007031264747761167,0.9841688424861172,2020.0
