topic,sentiment_mean,sentiment_std,subjectivity_mean,subjectivity_std,counting
Frühling,0.15358039622198905,0.8825251354009924,-0.02392937545460047,0.9548010837718256,384.0
Herbst,0.2208880475658735,1.088752527175252,0.05827054735672968,1.0893148775941883,629.0
Sommer,-0.044861960228884494,1.0393047689395962,-0.06557718149307167,0.9245847650257647,610.0
Winter,-0.08178919021606046,0.9482984140699751,0.006162220270251171,0.9836764712997459,2032.0
