topic,sentiment_mean,sentiment_std,subjectivity_mean,subjectivity_std,counting
Frühling,0.1568506388446405,0.9390096024310264,0.03301486058027745,0.9912196377730208,598.0
Herbst,0.1879881831798369,1.084710521659858,0.06303819565104321,1.0944349525333883,703.0
Sommer,-0.04469316907882953,1.011957595279688,-0.0788129123347018,0.9184060346202045,929.0
Winter,-0.08089757929931607,0.9517447057466588,0.0045312512361770025,0.9851782150182395,2231.0
