topic,sentiment_mean,sentiment_std,subjectivity_mean,subjectivity_std,counting
Frühling,0.1574961769658876,0.9450746673247701,0.03340564644583824,1.01355163618366,651.0
Herbst,0.17620118647953317,1.0966973586837772,0.06774771656031263,1.100464604596483,741.0
Sommer,-0.037685732308212885,1.0123589642880608,-0.08299035064699489,0.8991200102059974,1320.0
Winter,-0.07673327620770862,0.9442338324859764,0.01644739234404926,0.996819514805295,2332.0
