topic,sentiment_mean,sentiment_std,subjectivity_mean,subjectivity_std,counting
Frühling,0.14918266970626812,0.8978335486920787,-0.015288461105520961,0.95699867338487,402.0
Herbst,0.21502855043662006,1.0939733985353501,0.05993198463504805,1.091649173468638,636.0
Sommer,-0.042198857904134225,1.0351267029653604,-0.07010368324055605,0.9210474874149076,653.0
Winter,-0.07989418966489903,0.9461808340866341,0.006725684232234714,0.9852370708105648,2063.0
