topic,sentiment_mean,sentiment_std,subjectivity_mean,subjectivity_std,counting
Frühling,0.16766962996828483,0.9355542599154806,0.027924416308686244,0.9907225319079336,572.0
Herbst,0.19495047692504267,1.0855452885747237,0.06376834862005572,1.0959798702482244,683.0
Sommer,-0.05289278987480466,1.0154267526671636,-0.08383767970500242,0.9106622570616697,873.0
Winter,-0.0806496865106967,0.9502031896874449,0.00674475715095184,0.9857296666066965,2200.0
