topic,sentiment_mean,sentiment_std,subjectivity_mean,subjectivity_std,counting
Frühling,0.14288523481063956,0.8911611866766898,-0.048019983706642205,0.9882604227454468,237.0
Herbst,0.21708931547716,1.0742783106992406,0.05005450025713346,1.081016765785148,616.0
Sommer,-0.02797007034945996,1.0363128962609192,-0.061397746976951426,0.9318113463768793,547.0
Winter,-0.08384154399398284,0.9414109106893592,0.0077523165112153595,0.9730323348504312,1768.0
