topic,sentiment_mean,sentiment_std,subjectivity_mean,subjectivity_std,counting
Frühling,0.1924164762577135,0.895706776370998,0.02694888431245174,1.0908698788164006,110.0
Herbst,0.1730078838212638,1.0726494975628924,0.05662879055096101,1.0959551597168407,583.0
Sommer,-0.03871349509362522,1.0241078208132743,-0.06302193680572404,0.9455651660145145,505.0
Winter,-0.08449763195459074,0.917155551446615,-0.003775135107728176,0.9357221873943837,1169.0
