topic,sentiment_mean,sentiment_std,subjectivity_mean,subjectivity_std,counting
Frühling,0.1539519981433123,0.9491618512350973,0.04386400949286987,1.014994908878583,627.0
Herbst,0.17949103242188652,1.0915422964481591,0.062262619730168126,1.0946129967672138,724.0
Sommer,-0.039267856071573674,1.0123942534611299,-0.08474975154639576,0.9051694750553967,1189.0
Winter,-0.07609913306901492,0.9464776448882796,0.012720196623627271,0.992109519331218,2304.0
